{"lambda_":0.0000000001,"learning_rate_":0.9,"scaler_":{"mean_":[0.8626968457874503,1.021416319877463,0.9847410425345282,0.9279460091980388,0.8881814222852226,0.7446727793718445,0.7813415306630875,0.7816140265496285,0.7029640350704057,0.8299777056971369],"std_":[0.8626968457874503,1.021416319877463,0.9847410425345282,0.9279460091980388,0.8881814222852226,0.7446727793718445,0.7813415306630875,0.7816140265496285,0.7029640350704057,0.8299777056971369]},"weights_":[ 0.25921145936568474, 0.21504517315886199, 0.23314111517615707, 0.20550504826084848, 0.19654458991540052, 0.1954109675189994, 0.20134225060121427, 0.22535546078586743, 0.16543615074476697, 0.14343807346565823, -4.538497880329145 ]}