{"lambda_":0.0000000001,"learning_rate_":0.9,"scaler_":{"mean_":[1.1626793902842358,1.1254341807859578,1.2723283417446332,1.1582868963397315,1.3016429632708355,1.959153956745784,2.619937230355989,2.786975897066797,1.2723807047790698,1.2963320000737473],"std_":[1.1626793902842358,1.1254341807859578,1.2723283417446332,1.1582868963397315,1.3016429632708355,1.959153956745784,2.619937230355989,2.786975897066797,1.2723807047790698,1.2963320000737473]},"weights_":[ 0.24293464829870967, 0.21284572466723664, 0.187070989976501, 0.22814429927429047, 0.1558102101364044, 0.14383394769110674, 0.1325484984607599, 0.14856252502416556, 0.18611933516245577, 0.11516813114541553, -4.285275785783799 ]}