{"lambda_":0.0000000001,"learning_rate_":0.9,"scaler_":{"mean_":[0.8345639619226582,0.9062868338265704,1.063429664976254,3.9745905342889603,0.49338744933426454,193.78156257874852],"std_":[0.8345639619226582,0.9062868338265704,1.063429664976254,3.9745905342889603,0.49338744933426454,193.78156257874852]},"weights_":[ 0.48273317766055285, 0.42447092217036453, 0.3336651875521181, 0.12019977775349043, 0.029041944934840764, 0.0206207459789711, -4.3497566820775155 ]}