{"lambda_":0.0000000001,"learning_rate_":0.9,"scaler_":{"std_":[1.148874080300511,1.1461227222733037,0.8864987246804682,1.1243787994782173,14.700139928224814,1.2198149104344318,0.6170412238146953,1.1625364462229457,1.495285798627017,193.78156257874852]},"weights_":[ 0.013092710746490127, 0.24959548814465493, 0.33119634740441906, 0.2898696417709466, 0.35495401589451525, 0.1293718392806016, 0.25421039809352164, 0.2710314091983454, 0.07657142931305534, 0.023285593185051745, -4.424660447462314 ]}