{"lambda_":0.0000000001,"learning_rate_":0.9,"scaler_":{"mean_":[1.0442700490159036,1.7338275560015513,2.623216805349152,16.088264118754374,0.5747371392893897,193.78156257874852],"std_":[1.0442700490159036,1.7338275560015513,2.623216805349152,16.088264118754374,0.5747371392893897,193.78156257874852]},"weights_":[ 0.5050863997255028, 0.20949756804834352, 0.17834820836042406, 0.100094875104299, 0.038267620587053235, 0.02304407112929581, -4.251538404684542 ]}