{"accuracy_":[0.9814240086778354],"accuracy_curves_":[[0.6967427986019044,0.7780523080631554,0.8063908641677715,0.902012775702061,0.9328221043750753,0.9398427142340605,0.9460347113414487,0.9493792937206219,0.9510214535374232,0.9516994094250935,0.952226708448837,0.9527540074725804,0.953100518259612,0.9533415692418946,0.9543961672893817,0.9581324575147644,0.9631643967699168,0.9673978546462577,0.9695823791731951,0.9708328311437869,0.9714203929131011,0.971932626250452,0.9722640713510907,0.9727763046884416,0.9738760997951067,0.9751717488248764,0.9762564782451488,0.977491864529348,0.9780944919850548,0.9788176449319032,0.9794052067012173,0.9795257321923587,0.9795407978787514,0.979691454742678,0.9797366518018561,0.9797818488610341,0.9798270459202121,0.9798722429793901,0.9800078341569242,0.9801132939616729,0.980429673375919,0.980520067494275,0.9804598047487043,0.9807611184765578,0.9808364469085211,0.9808364469085211,0.9808515125949139,0.9808816439676992,0.9809268410268772,0.9810473665180186,0.9811076292635893,0.9811528263227672,0.9811377606363746,0.9811226949499819,0.9811226949499819,0.9811528263227672,0.9811226949499819,0.9811226949499819,0.9811226949499819,0.9811226949499819,0.9811226949499819,0.9811377606363746,0.9811377606363746,0.9811377606363746,0.9811829576955526,0.9811829576955526,0.9811829576955526,0.9811980233819453,0.9811829576955526,0.9811980233819453,0.9811980233819453,0.9811980233819453,0.9811980233819453,0.9811980233819453,0.9811980233819453,0.9811980233819453,0.9812432204411233,0.9812432204411233,0.9812432204411233,0.9812432204411233,0.9812432204411233,0.9812281547547306,0.9812281547547306,0.9812281547547306,0.9812281547547306,0.9812130890683379,0.9812130890683379,0.9812130890683379,0.9812130890683379,0.9812130890683379,0.9812130890683379,0.9812130890683379,0.9812130890683379,0.9812432204411233,0.9812432204411233,0.9812432204411233,0.981258286127516,0.981258286127516,0.981258286127516,0.981258286127516,0.981258286127516,0.981258286127516,0.981258286127516,0.9812884175003013,0.9812884175003013,0.9813336145594793,0.9813336145594793,0.9813336145594793,0.9813336145594793,0.9813336145594793,0.9813336145594793,0.9813336145594793,0.9813336145594793,0.981348680245872,0.981348680245872,0.981348680245872,0.981348680245872,0.981348680245872,0.981348680245872,0.981348680245872,0.981348680245872,0.9813336145594793,0.9813336145594793,0.9813336145594793,0.9813336145594793,0.981348680245872,0.981348680245872,0.981348680245872,0.981348680245872,0.981348680245872,0.981348680245872,0.981348680245872,0.981348680245872,0.981348680245872,0.981348680245872,0.981348680245872,0.981348680245872,0.981348680245872,0.981348680245872,0.981348680245872,0.981348680245872,0.981348680245872,0.981348680245872,0.981348680245872,0.981348680245872,0.9813788116186574,0.9813788116186574,0.9813788116186574,0.9813788116186574,0.9813788116186574,0.9813788116186574,0.9813788116186574,0.9813788116186574,0.9813788116186574,0.9813788116186574,0.9813788116186574,0.9813788116186574,0.9813788116186574,0.9813788116186574,0.9813788116186574,0.9813788116186574,0.9813788116186574,0.9813788116186574,0.9813788116186574,0.9813788116186574,0.98139387730505,0.98139387730505,0.98139387730505,0.98139387730505,0.98139387730505,0.98139387730505,0.98139387730505,0.98139387730505,0.98139387730505,0.98139387730505,0.98139387730505,0.98139387730505,0.98139387730505,0.9814089429914427,0.9814089429914427,0.9814089429914427,0.9814089429914427,0.9814089429914427,0.9814089429914427,0.9814089429914427,0.9814089429914427,0.9814089429914427,0.9814089429914427,0.9814089429914427,0.9814089429914427,0.9814089429914427,0.9814089429914427,0.9814089429914427,0.9814240086778354,0.9814240086778354,0.9814240086778354,0.9814240086778354,0.9814240086778354,0.9814240086778354,0.9814089429914427]],"auc_":[0.6890154618955344],"average_targets_":[[[ 0.012340172465060957, 0, 0, 0, 0, 0, 0, 0, 0, 0, 0, 0, 0, 0, 0, 0, 0, 0, 0, 0, 0.0234676700663432, 0, 0, 0, 0, 0, 0, 0, 0, 0, 0, 0, 0, 0, 0, 0, 0, 0, 0, 0, 0, 0, 0, 0, 0, 0, 0, 0, 0, 0.13487241798298907 ]],[[ 0.01622228553233564, 0.012099213551119177, 0.029069767441860465, 0.005780346820809248, 0.05714285714285714, 0.0927968851395198, 0.03803131991051454, 0, 0, 0, 0.047619047619047616, 0, 0, 0, 0.09302325581395349, 0, 0, 0, 0.2, 0, 0, 0, 0, 0, 0, 0, 0, 0, 0, 0, 0, 0, 0, 0, 0, 0, 0, 0, 0, 0, 0, 0, 0, 0, 0, 0, 0, 0, 0, 0 ]],[[ 0.030578512396694214, 0.017551519385260218, 0.018183786124039397, 0.008511521694000415, 0.01680672268907563, 0.14285714285714285, 0.14285714285714285, 0.15789473684210525, 0.18181818181818182, 0.3333333333333333, 0.26666666666666666, 0.6111111111111112, 0.5454545454545454, 0.2857142857142857, 0.1875, 0.2857142857142857, 0.09523809523809523, 0.25, 0.2, 0.25, 0.6, 0.75, 1, 0.3, 0.5, 0, 0.6, 0.16666666666666666, 0, 0, 0, 0, 0, 0, 0, 0, 0, 0, 0, 0, 0, 0, 0, 0, 0, 0, 0, 0, 0, 0.5 ]],[[ 0.017663921188630492, 0.014481374858239554, 0.0218921032056294, 0.020588235294117647, 0.010638297872340425, 0.043478260869565216, 0, 0, 0, 0, 0, 0, 0, 0, 0, 0, 0, 0, 0, 0, 0, 0, 0, 0, 0, 0, 0, 0, 0, 0, 0, 0, 0, 0, 0, 0, 0, 0, 0, 0, 0, 0, 0, 0, 0, 0, 0, 0, 0, 0.04612954186413902 ]],[[ 0.018717232593463667, 0.01338432122370937, 0.006987577639751553, 0.04936014625228519, 0.028634361233480177, 0.025, 0, 0, 0, 0, 0, 0, 0, 0, 0, 0, 0, 0, 0, 0.3333333333333333, 0, 0, 0, 0, 0, 0, 0, 0, 0, 0, 0, 0, 0, 0, 0, 0, 0, 0, 0, 0, 0, 0, 0, 0, 0, 0, 0, 0, 0, 0 ]],[[ 0.018554702291695067, 0.011111111111111112, 0.05263157894736842, 0.05128205128205128, 0, 0.08333333333333333, 0, 0, 0, 0, 0, 0, 0, 0, 0, 0, 0, 0, 0, 0, 0, 0, 0, 0, 0, 0, 0, 0, 0, 0, 0, 0, 0, 0, 0, 0, 0, 0, 0, 0, 0, 0, 0, 0, 0, 0, 0, 0, 0, 0 ]]],"cross_entropy_":[0.08361180910621002],"feature_correlations_":[[ 0.14968992124367891 ],[ 0.06331159400032166 ],[ 0.09769965372624614 ],[ 0.045387611275344415 ],[ 0.0005641771290400733 ],[ 0.006443205320625737 ]],"feature_densities_":[[ 53808, 0, 0, 0, 0, 0, 0, 0, 0, 0, 0, 0, 0, 0, 0, 0, 0, 0, 0, 0, 10099, 0, 0, 0, 0, 0, 0, 0, 0, 0, 0, 0, 0, 0, 0, 0, 0, 0, 0, 0, 0, 0, 0, 0, 0, 0, 0, 0, 0, 2469 ],[ 59671, 1653, 860, 1038, 700, 1541, 447, 51, 14, 72, 168, 0, 73, 0, 43, 0, 25, 0, 15, 0, 0, 0, 0, 0, 0, 4, 0, 0, 0, 0, 0, 0, 0, 0, 0, 0, 0, 0, 0, 0, 0, 0, 0, 0, 0, 0, 0, 0, 0, 1 ],[ 1210, 22904, 36956, 4817, 238, 7, 7, 19, 11, 15, 15, 18, 11, 21, 16, 7, 21, 8, 5, 8, 5, 12, 3, 10, 8, 2, 5, 6, 3, 0, 4, 0, 0, 0, 1, 0, 0, 0, 0, 0, 0, 0, 0, 1, 0, 0, 0, 0, 0, 2 ],[ 49536, 11463, 1279, 680, 94, 92, 27, 5, 5, 5, 0, 0, 11, 6, 6, 1, 0, 0, 0, 0, 0, 0, 0, 0, 0, 1, 0, 0, 0, 0, 0, 0, 0, 0, 0, 0, 0, 0, 0, 0, 0, 0, 0, 0, 0, 0, 0, 0, 0, 3165 ],[ 61227, 2092, 1288, 547, 454, 400, 131, 126, 44, 24, 1, 9, 4, 3, 1, 1, 1, 0, 0, 3, 0, 4, 3, 0, 3, 0, 0, 0, 1, 0, 0, 0, 3, 0, 0, 1, 0, 0, 0, 0, 0, 0, 0, 0, 0, 0, 0, 4, 0, 1 ],[ 66021, 180, 76, 39, 17, 12, 15, 2, 4, 0, 2, 1, 0, 1, 0, 0, 2, 0, 1, 0, 0, 0, 0, 0, 0, 0, 1, 0, 0, 0, 0, 0, 0, 0, 0, 0, 0, 0, 0, 0, 0, 0, 0, 0, 0, 0, 0, 0, 0, 2 ]],"feature_importances_":[[ 0.47905514532258764 ],[ 0.19870043612473154 ],[ 0.16915645901485182 ],[ 0.09493616332808788 ],[ 0.036295375506929926 ],[ 0.021856420702811193 ]],"feature_names_":["FEATURE_1","FEATURE_2","FEATURE_3","FEATURE_4","FEATURE_5","COST"],