{"accuracy_":[0.9815144027961914],"accuracy_curves_":[[0.2729149090032542,0.4540195251295649,0.5899722791370375,0.6828221043750753,0.750873809810775,0.7954079787875136,0.8353923104736651,0.8595275400747258,0.8809057490659274,0.8988640472459926,0.9121519826443293,0.9203326503555502,0.9288899602265879,0.9359858985175364,0.9404604073761601,0.9444377485838255,0.9484150897914909,0.951669278052308,0.9556767506327588,0.9591267928166807,0.9610552006749428,0.962923345787634,0.9645203085452573,0.9659515487525612,0.967382788959865,0.9683319272026033,0.9696426419187658,0.971013619380499,0.9719175605640593,0.9725201880197661,0.973077618416295,0.9735747860672532,0.9743883331324575,0.9748101723514523,0.9750813547065205,0.9754579968663373,0.9758647703989394,0.9765276606002169,0.9768741713872484,0.9770248282511751,0.9773110762926359,0.9775219959021333,0.9777630468844161,0.9781547547306255,0.9783506086537302,0.9785765939496204,0.9789532361094372,0.9791641557189346,0.979329878269254,0.9794353380740026,0.9796161263107147,0.979691454742678,0.9798571772929975,0.9799626370977462,0.9801434253344582,0.9802036880800289,0.980294082198385,0.9803091478847776,0.980294082198385,0.980429673375919,0.980520067494275,0.9806255272990237,0.9806857900445944,0.9807460527901651,0.9807309871037725,0.9807761841629504,0.9808213812221285,0.9808213812221285,0.9808967096540918,0.9809117753404845,0.9809871037724479,0.9809720380860552,0.9808515125949139,0.9808665782813065,0.9808665782813065,0.9808665782813065,0.9808665782813065,0.9808515125949139,0.9809268410268772,0.9808967096540918,0.9809268410268772,0.9809419067132699,0.9809720380860552,0.9810172351452332,0.9810021694588406,0.9809871037724479,0.9809720380860552,0.9810021694588406,0.9810021694588406,0.9810021694588406,0.9810473665180186,0.9810774978908039,0.9810323008316258,0.9810473665180186,0.9810624322044112,0.9811076292635893,0.9810925635771965,0.9811076292635893,0.9811076292635893,0.9811226949499819,0.9811226949499819,0.9811377606363746,0.9811076292635893,0.9811377606363746,0.9811377606363746,0.9811226949499819,0.98116789200916,0.9811980233819453,0.9812281547547306,0.9812733518139086,0.9813185488730867,0.981348680245872,0.9814089429914427,0.9814240086778354,0.9814390743642281,0.9814541400506207,0.9814089429914427,0.9814390743642281,0.9814240086778354,0.9814541400506207,0.9814993371097988,0.9814541400506207,0.981484271423406,0.9814541400506207,0.9814541400506207,0.9814541400506207,0.9814692057370134,0.9814993371097988,0.9815144027961914,0.9814993371097988,0.9814692057370134,0.981484271423406,0.9814993371097988,0.9814541400506207,0.9814390743642281,0.9814240086778354,0.9814240086778354,0.9814089429914427,0.9813336145594793,0.9813336145594793,0.9813185488730867,0.98139387730505,0.9813637459322647,0.981348680245872,0.9813637459322647,0.9813185488730867,0.981348680245872,0.9813336145594793,0.9813185488730867,0.9813336145594793,0.981348680245872,0.9813336145594793,0.9813637459322647,0.981348680245872,0.9813788116186574,0.9813788116186574,0.9813637459322647,0.98139387730505,0.98139387730505,0.9814089429914427,0.9814089429914427,0.98139387730505,0.9814089429914427,0.9814089429914427,0.9814089429914427,0.9814089429914427,0.9814240086778354,0.9814240086778354,0.9814390743642281,0.9814390743642281,0.9814390743642281,0.9814390743642281,0.9814240086778354,0.9814240086778354,0.9814240086778354,0.9814240086778354,0.9814240086778354,0.9814240086778354,0.9814240086778354,0.9814240086778354,0.9814240086778354,0.9814240086778354,0.9814240086778354,0.9814240086778354,0.9814240086778354,0.9814240086778354,0.9814240086778354,0.9814240086778354,0.9814240086778354,0.9814240086778354,0.9814240086778354,0.9814240086778354,0.9814240086778354,0.9814240086778354,0.9814240086778354,0.9814240086778354,0.9814240086778354,0.9814240086778354,0.9814240086778354,0.9814089429914427]],"auc_":[0.7436798089320562],"average_targets_":[],"cross_entropy_":[0.08050431733444482],"feature_correlations_":[],"feature_densities_":[],"feature_importances_":[[ 0.007661912726759715 ],[ 0.13341463702305445 ],[ 0.08287271304232495 ],[ 0.0018960197763678334 ],[ 0.020087230461091676 ],[ 0.10618424284631348 ],[ 0.11175962185450454 ],[ 0.019100053691750378 ],[ 0.0018259662914679295 ],[ 0.05891838485943529 ],[ 0.08508265566112158 ],[ 0.002448245706728685 ],[ 0.10306893423113514 ],[ 0.10296473041773667 ],[ 0.007681401141839568 ],[ 0.14616908108137355 ],[ 0.0026578583834622853 ],[ 0.005154016550849595 ],[ 0.0007039570451485245 ],[ 0.0003483372075342526 ]],