{"lambda_":0.0000000001,"learning_rate_":0.9,"scaler_":{"mean_":[0.9332869069199254,1.0082196370618066,0.827702837211776,0.8851655896984622,0.7333466252172003,1.0130935935739047,0.9889831994567084,0.6850647355450892,0.8743861035112076,0.8348261487871331],"std_":[0.9332869069199254,1.0082196370618066,0.827702837211776,0.8851655896984622,0.7333466252172003,1.0130935935739047,0.9889831994567084,0.6850647355450892,0.8743861035112076,0.8348261487871331]},"weights_":[ 0.26359545464192985, 0.24104904691213613, 0.22814105686789232, 0.20682193469908128, 0.22155920085793593, 0.2144701525072929, 0.18194633679905622, 0.17173361725408479, 0.12673376489379418, 0.1180962301860012, -4.535955656178308 ]}