{"lambda_":0.0000000001,"learning_rate_":0.9,"scaler_":{"std_":[1.0075483824597515,1.1140531265366755,2.606392362486019,1.1322951991364472,1.5962216132599742,1.4507718116543746,1.3967636727198598,1.4015110146324528,0.9511833735583606,0.9540367814514429]},"weights_":[ 0.3530806415026608, 0.07925409331322666, 0.14792673238081477, 0.328179601606544, 0.20833994869239467, 0.20996526621084588, 0.11405998810683789, 0.219359036236477, 0.2203619104027463, 0.21522264436010602, -4.316025654621264 ]}