{"lambda_":0.0000000001,"learning_rate_":0.9,"scaler_":{"mean_":[1.2255167069929742,1.607010729261641,2.5761219110228066,1.5286177256518136,0.5186234070230791,193.78156257874852],"std_":[1.2255167069929742,1.607010729261641,2.5761219110228066,1.5286177256518136,0.5186234070230791,193.78156257874852]},"weights_":[ 0.4597539129563228, 0.28444447065185685, 0.19033814457484363, 0.1783950814559803, 0.034131220914502214, 0.02902962341104934, -4.210273637715795 ]}