{"accuracy_":[0.9815746655417621],"accuracy_curves_":[[0.14298842955285043,0.27951367964324453,0.5119772206821743,0.6620615885259732,0.7648698324695673,0.8299234663131252,0.8666686754248524,0.8919940942509341,0.9126491502952875,0.9252591298059539,0.9339068337953477,0.9409575750271182,0.9463962878148728,0.9504037603953236,0.9545016270941304,0.9571230565264554,0.9594130408581415,0.9617482222490057,0.9634205134385923,0.9649120163914668,0.9667650958177655,0.9676238399421477,0.9682264673978547,0.9687387007352055,0.9696426419187658,0.970139809569724,0.9708026997710015,0.9714806556586718,0.9719627576232374,0.9726859105700856,0.9729269615523684,0.9731981439074364,0.9736049174400385,0.9741322164637821,0.9744485958780282,0.9746745811739183,0.9748855007834157,0.9753826684343738,0.9756990478486199,0.9760907556948295,0.9763318066771122,0.9765879233457876,0.9767235145233217,0.9767687115824997,0.9770248282511751,0.9772206821742798,0.9775069302157406,0.9777027841388454,0.9778835723755575,0.9780944919850548,0.9782451488489815,0.9787573821863325,0.9790586959141858,0.9791792214053272,0.979329878269254,0.9794052067012173,0.979555863565144,0.9796613233698928,0.9796462576835001,0.9796763890562854,0.9796763890562854,0.9797215861154634,0.9798873086657828,0.9800078341569242,0.9801132939616729,0.9802036880800289,0.9802639508255996,0.9803091478847776,0.980429673375919,0.9804748704350971,0.9805803302398457,0.9805501988670604,0.9806255272990237,0.9806405929854164,0.9806707243582018,0.9807159214173797,0.9808364469085211,0.9808213812221285,0.9808665782813065,0.9808364469085211,0.9808364469085211,0.9808364469085211,0.9808665782813065,0.9809569723996625,0.9809569723996625,0.9809720380860552,0.9810323008316258,0.9810172351452332,0.9811076292635893,0.9811226949499819,0.9811377606363746,0.9811528263227672,0.9811980233819453,0.9812130890683379,0.9811980233819453,0.9812432204411233,0.9812432204411233,0.981258286127516,0.9812733518139086,0.9812884175003013,0.9813336145594793,0.9813637459322647,0.98139387730505,0.9814089429914427,0.9814089429914427,0.9814089429914427,0.98139387730505,0.98139387730505,0.98139387730505,0.9814089429914427,0.9814240086778354,0.9814390743642281,0.9814541400506207,0.9815144027961914,0.9815144027961914,0.9814993371097988,0.9815144027961914,0.981529468482584,0.9814993371097988,0.9815445341689767,0.9815445341689767,0.9815595998553694,0.9815746655417621,0.9815595998553694,0.9815595998553694,0.981529468482584,0.9815144027961914,0.9815144027961914,0.9814993371097988,0.9815445341689767,0.9815445341689767,0.981529468482584,0.981529468482584,0.9815445341689767,0.981529468482584,0.9815445341689767,0.9815445341689767,0.9815746655417621,0.9815595998553694,0.9815445341689767,0.9815445341689767,0.9815445341689767,0.981529468482584,0.981529468482584,0.981529468482584,0.9815445341689767,0.9815445341689767,0.9815445341689767,0.9815445341689767,0.9815445341689767,0.9815445341689767,0.9815445341689767,0.9815445341689767,0.9815445341689767,0.9815445341689767,0.9815445341689767,0.9815445341689767,0.9815445341689767,0.9815445341689767,0.981529468482584,0.981529468482584,0.981529468482584,0.981529468482584,0.981484271423406,0.9814692057370134,0.9814692057370134,0.9814541400506207,0.9814993371097988,0.9814993371097988,0.9815144027961914,0.9815144027961914,0.981529468482584,0.981529468482584,0.9815595998553694,0.981529468482584,0.981529468482584,0.9815595998553694,0.981529468482584,0.9815144027961914,0.981484271423406,0.981484271423406,0.9814692057370134,0.9814692057370134,0.9814692057370134,0.9814692057370134,0.9814692057370134,0.9814692057370134,0.9814692057370134,0.9814541400506207,0.9814541400506207,0.9814541400506207,0.9814390743642281,0.9814541400506207,0.9814541400506207,0.9814089429914427,0.9814089429914427,0.9814240086778354,0.9814240086778354,0.9814240086778354,0.9814089429914427]],"auc_":[0.6974501334996476],"average_targets_":[],"cross_entropy_":[0.08269917173559799],"feature_correlations_":[[ 0.005127928946431227 ],[ 0.10739806760620223 ],[ 0.02310810729212171 ],[ 0.12132890608974614 ],[ -0.001988281661775151 ],[ 0.05793092334224781 ],[ 0.024005490833926963 ],[ -0.0014158891783186843 ],[ -0.0030271541449380514 ],[ 0.0316393902348436 ],[ 0.005312610358446486 ],[ -0.010618464534110073 ],[ 0.003284648628632601 ],[ 0.002715605168807896 ],[ 0.004317198282369529 ],[ 0.027788474502292933 ],[ 0.018386713312028537 ],[ 0.05118487406066729 ],[ 0.01739137971061038 ],[ 0.039510077050409056 ]],"feature_densities_":[],"feature_importances_":[[ 0.009476382777138326 ],[ 0.1879119123821414 ],[ 0.09025751933995742 ],[ 0.08428861042034917 ],[ 0.014226090092518108 ],[ 0.15544427817952772 ],[ 0.09215540051649126 ],[ 0.00009566456159596094 ],[ 0.0006932476012540601 ],[ 0.07978008323545302 ],[ 0.00013219980042113478 ],[ 0.0059860712607275445 ],[ 0.0007723865284204612 ],[ 0.0007435424095741977 ],[ 0.0070789247739675145 ],[ 0.033359545107413395 ],[ 0.00771865512126759 ],[ 0.19955392010013404 ],[ 0.03009367954285712 ],[ 0.00023188624879051266 ]],