{"lambda_":0.0000000001,"learning_rate_":0.9,"scaler_":{"mean_":[1.249416323386915,1.5817928686906868,1.5501221722332226,2.656755288662352,0.5252986996706596,193.78156257874852],"std_":[1.249416323386915,1.5817928686906868,1.5501221722332226,2.656755288662352,0.5252986996706596,193.78156257874852]},"weights_":[ 0.4318054346176947, 0.2768617886181808, 0.22424837659913827, 0.18669274264151042, 0.03384298678310704, 0.026747836075389934, -4.194038368730353 ]}