{"accuracy_":[0.9814390743642281],"accuracy_curves_":[[0.12695853923104736,0.47964625768350005,0.6245630950946125,0.7507532843196336,0.8514222007954683,0.9173797758225865,0.9474358201759672,0.9604676389056286,0.9685277811257081,0.9725955164517296,0.9760455586356515,0.9775069302157406,0.9780794262986622,0.9787875135591178,0.9789231047366518,0.9790737616005786,0.9788929733638665,0.9789231047366518,0.9792093527781126,0.979465469446788,0.979510666505966,0.9795709292515367,0.9796462576835001,0.9796763890562854,0.9797065204290707,0.9798119802338194,0.9797818488610341,0.9798421116066048,0.9798119802338194,0.9798571772929975,0.9799325057249608,0.9799626370977462,0.9799777027841389,0.9799626370977462,0.9799777027841389,0.9799626370977462,0.980158491020851,0.9802187537664216,0.9802338194528143,0.9802639508255996,0.9803543449439557,0.9803392792575629,0.9803694106303483,0.980384476316741,0.9803694106303483,0.980384476316741,0.980384476316741,0.9803694106303483,0.9803694106303483,0.980384476316741,0.980429673375919,0.9804748704350971,0.9805050018078824,0.980520067494275,0.980520067494275,0.980520067494275,0.9805803302398457,0.9805803302398457,0.9805351331806678,0.9805803302398457,0.9806255272990237,0.980655658671809,0.9807460527901651,0.9807761841629504,0.9808063155357358,0.9808515125949139,0.9808665782813065,0.9808665782813065,0.9808665782813065,0.9808665782813065,0.9808665782813065,0.9808665782813065,0.9809268410268772,0.9809268410268772,0.9809419067132699,0.9809569723996625,0.9809569723996625,0.9809268410268772,0.9809569723996625,0.9809569723996625,0.9809720380860552,0.9809419067132699,0.9809419067132699,0.9809268410268772,0.9809569723996625,0.9809569723996625,0.9809569723996625,0.9809569723996625,0.9809419067132699,0.9809268410268772,0.9809268410268772,0.9809268410268772,0.9809419067132699,0.9809268410268772,0.9809569723996625,0.9809569723996625,0.9809871037724479,0.9809871037724479,0.9809871037724479,0.9809720380860552,0.9809871037724479,0.9809871037724479,0.9809871037724479,0.9809871037724479,0.9810172351452332,0.9810624322044112,0.9810624322044112,0.9810624322044112,0.9810624322044112,0.9810624322044112,0.9810774978908039,0.9811528263227672,0.9811528263227672,0.9811528263227672,0.98116789200916,0.9811829576955526,0.9811829576955526,0.9811829576955526,0.9811528263227672,0.9811528263227672,0.9811528263227672,0.98116789200916,0.98116789200916,0.98116789200916,0.98116789200916,0.98116789200916,0.98116789200916,0.9811829576955526,0.9811980233819453,0.9811980233819453,0.9811980233819453,0.9812130890683379,0.9812130890683379,0.9812130890683379,0.9812733518139086,0.9812733518139086,0.9812733518139086,0.9812733518139086,0.9812733518139086,0.9812733518139086,0.9812733518139086,0.9812733518139086,0.9812733518139086,0.9812733518139086,0.9813185488730867,0.9813185488730867,0.9813185488730867,0.981303483186694,0.981303483186694,0.981303483186694,0.981303483186694,0.981303483186694,0.981303483186694,0.981303483186694,0.981303483186694,0.981303483186694,0.981303483186694,0.981303483186694,0.981348680245872,0.981348680245872,0.981348680245872,0.9813637459322647,0.9813637459322647,0.9814089429914427,0.9814089429914427,0.9814089429914427,0.9814089429914427,0.9814089429914427,0.9814089429914427,0.9814089429914427,0.9814240086778354,0.9814240086778354,0.9814240086778354,0.9814240086778354,0.9814240086778354,0.9814240086778354,0.9814240086778354,0.9814240086778354,0.9814240086778354,0.9814240086778354,0.9814390743642281,0.9814390743642281,0.9814390743642281,0.9814089429914427,0.9814089429914427,0.98139387730505,0.9813788116186574,0.9813788116186574,0.9813788116186574,0.9813788116186574,0.9813788116186574,0.9813788116186574,0.9813788116186574,0.9813788116186574,0.9813788116186574,0.9813788116186574,0.98139387730505,0.98139387730505,0.98139387730505,0.9814089429914427]],"auc_":[0.6622806555950783],"average_targets_":[[[ 0, 0, 0, 0, 0, 0, 0, 0, 0, 0, 0, 0.1111111111111111, 0, 0, 0, 0, 0, 0, 0, 0.25, 0, 0, 0, 0, 0, 0, 0, 0, 0, 0.25, 0.01137393884447375, 0, 0.05063291139240506, 0.057692307692307696, 0, 0.006802721088435374, 0, 0.01951219512195122, 0.0546218487394958, 0.010526315789473684, 0.008064516129032258, 0.02247191011235955, 0.028037383177570093, 0.027777777777777776, 0.019736842105263157, 0.0132291040288635, 0.01852649719948298, 0.024903542616625744, 0.033828805740645826, 0.03072059174421379 ]],[[ 0, 0.0425531914893617, 0.015180265654648957, 0.019159127195316657, 0.027171492204899776, 0.014552624166744906, 0.015290212252288502, 0.018494138298539277, 0.025807271802695143, 0.010620643876535016, 0.0040032025620496394, 0.016194331983805668, 0.0707070707070707, 0.029411764705882353, 0, 0.6, 0.8181818181818182, 0.6, 0.7272727272727273, 0, 0.8, 0.6666666666666666, 1, 0.42857142857142855, 0, 0, 0.25, 0.5, 0, 0, 0.6, 0.25, 1, 0.125, 0, 0, 0.5, 0, 0, 0, 0.125, 0.5, 0, 0, 0, 0, 0, 0, 0, 0 ]],[[ 0.009102946044356174, 0.02527635916995281, 0.03299962921764924, 0.0336676217765043, 0.02781456953642384, 0.011976047904191617, 0.1744186046511628, 0, 0, 0, 0, 0, 0, 0, 0, 0, 0, 0, 0, 0, 0, 0, 0, 0, 0, 0, 0, 0, 0, 0, 0, 0, 0, 0, 0, 0, 0, 1, 0, 0, 0, 0, 0, 0, 0, 0, 0, 0, 0 ]],[[ 0.015527950310559006, 0.017034132544835122, 0.021479713603818614, 0.007246376811594203, 0, 0.07142857142857142, 0.05, 0.2631578947368421, 0.16666666666666666, 0.3181818181818182, 0.24, 0.23076923076923078, 0.2413793103448276, 0.2222222222222222, 0.25, 0.2, 0.34375, 0.14285714285714285, 0, 0.6, 0, 0.2, 1, 0.5, 0.5, 0, 0.42857142857142855, 0.5, 0, 0, 0, 0, 0, 0, 0, 0, 0, 0, 0, 0, 0, 0, 0, 0, 0, 0, 0, 0, 0, 0.5 ]],[[ 0.022988505747126436, 0.01853118488237072, 0.010968921389396709, 0.025498891352549888, 0.027777777777777776, 0.031496062992125984, 0, 0, 0, 0, 0, 0, 0, 0, 0, 0, 0, 0, 0, 0.3333333333333333, 0, 0, 0, 0, 0, 0, 0, 0, 0, 0, 0, 0, 0, 0, 0, 0, 0, 0, 0, 0, 0, 0, 0, 0, 0, 0, 0, 0, 0, 0 ]],[[ 0.018554702291695067, 0.011111111111111112, 0.05263157894736842, 0.05128205128205128, 0, 0.08333333333333333, 0, 0, 0, 0, 0, 0, 0, 0, 0, 0, 0, 0, 0, 0, 0, 0, 0, 0, 0, 0, 0, 0, 0, 0, 0, 0, 0, 0, 0, 0, 0, 0, 0, 0, 0, 0, 0, 0, 0, 0, 0, 0, 0, 0 ]]],"cross_entropy_":[0.08801955842175718],"feature_correlations_":[[ 0.06027191945584267 ],[ 0.05083804280953828 ],[ 0.06242064671862404 ],[ 0.09621523561079691 ],[ 0.0010069050909962151 ],[ 0.006443205320625737 ]],"feature_densities_":[[ 3, 0, 0, 0, 0, 0, 5, 0, 0, 1, 4, 9, 15, 0, 0, 0, 1, 4, 11, 4, 7, 0, 0, 12, 2, 4, 4, 6, 26, 8, 36399, 37, 79, 52, 78, 147, 120, 205, 238, 190, 248, 445, 642, 756, 1064, 1663, 2321, 2851, 1951, 16764 ],[ 25, 94, 527, 1879, 4490, 10651, 19882, 15951, 7866, 3013, 1249, 494, 99, 34, 0, 10, 11, 5, 11, 4, 5, 3, 3, 7, 1, 1, 16, 4, 1, 0, 5, 4, 2, 8, 2, 0, 2, 3, 0, 0, 8, 2, 2, 1, 0, 0, 0, 0, 0, 1 ],[ 30210, 30938, 2697, 1396, 755, 167, 86, 22, 8, 16, 0, 10, 15, 24, 1, 21, 0, 0, 0, 0, 0, 0, 0, 0, 0, 2, 0, 0, 0, 0, 4, 0, 0, 0, 0, 0, 0, 3, 0, 0, 0, 0, 0, 0, 0, 0, 0, 0, 1 ],[ 5474, 46671, 12570, 1242, 102, 14, 20, 19, 24, 22, 25, 26, 29, 18, 12, 10, 32, 7, 11, 5, 3, 5, 1, 6, 8, 2, 7, 2, 2, 0, 2, 0, 0, 2, 1, 0, 0, 0, 0, 0, 0, 0, 0, 0, 0, 0, 0, 0, 0, 2 ],[ 87, 62867, 1094, 902, 396, 635, 98, 65, 80, 87, 23, 5, 3, 8, 1, 1, 1, 0, 0, 3, 0, 4, 3, 0, 0, 3, 0, 0, 1, 0, 0, 0, 3, 0, 0, 1, 0, 0, 0, 0, 0, 0, 0, 0, 0, 0, 0, 4, 0, 1 ],[ 66021, 180, 76, 39, 17, 12, 15, 2, 4, 0, 2, 1, 0, 1, 0, 0, 2, 0, 1, 0, 0, 0, 0, 0, 0, 0, 1, 0, 0, 0, 0, 0, 0, 0, 0, 0, 0, 0, 0, 0, 0, 0, 0, 0, 0, 0, 0, 0, 0, 2 ]],"feature_importances_":[[ 0.3658750550760802 ],[ 0.23458903950299653 ],[ 0.19000892661662008 ],[ 0.15818748913325514 ],[ 0.028675657276456466 ],[ 0.0226638323945917 ]],"feature_names_":["FEATURE_1","FEATURE_2","FEATURE_3","FEATURE_4","FEATURE_5","COST"],