{"lambda_":0.0000000001,"learning_rate_":0.9,"scaler_":{"mean_":[1.1626356663280957,1.1254293534489213,1.2723218063919626,1.1582868963397315,1.3016301944845414,1.9591539567457843,2.619937230355986,2.786725424238969,1.2723528163923943,1.2963320000737473],"std_":[1.1626356663280957,1.1254293534489213,1.2723218063919626,1.1582868963397315,1.3016301944845414,1.9591539567457843,2.619937230355986,2.786725424238969,1.2723528163923943,1.2963320000737473]},"weights_":[ 0.24293389188791906, 0.21285050644622833, 0.18706926349374592, 0.22815123294678114, 0.15581834611986325, 0.1438401376260519, 0.13254758542441358, 0.14856499513515756, 0.1861205152338893, 0.11516646729943163, -4.28528791282845 ]}