{"lambda_":0.0000000001,"learning_rate_":0.9,"scaler_":{"mean_":[3.2041989846338748,0.519424573716651,1.4092507610863665,0.45126047899701566,10412.571693756732,0.40838469729008264,0.9307186454912194,0.17253790435056462,1.1130381967876906,0.5323855371095214,0.859739290165055,13267.121071089226,0.9992501612153387,0.43715976065145995,2598.2453659963107,0.5000824822663127,0.3835162939967907,1.0117951213613823,2.1868000548450293,22452.823921129013,2015.0493318936428,21.968579846107026],"std_":[19.534187817783945,3.2437519388183462,2.470402180681336,2.985183706938622,782647.3323129077,2.1268841059129744,3.62595485203905,1.3326073934332183,0.6794062675636029,1.8441830126421657,5.772921991081114,398860.01388139767,4.3396178399413134,2.8037423912446444,11562.86714679891,3.1807375038876047,2.533387060499014,20.319591034980103,41.20496007195583,1406895.7633071423,0.21656005613333731,193.78156257874852]},"weights_":[ 0.05923615565534129, 0.07194467651357145, 0.09344857197964378, 0.06453016199264677, -0.3669926112499497, 0.018728295182069147, 0.12970672858791554, 0.014272967799821247, 0.1430532944230462, 0.12618043610592167, 0.008715929258985906, -0.0019926026569503587, 0.14279696891455973, 0.007196204801814498, 0.13226975633210813, 0.005226166131308374, -0.011121276993516567, -0.01348989180976546, 0.044115736987215146, -0.14188088658838668, 0.0026225062500704905, 0.017492986382611764, -4.1855693857313385 ]}