{"accuracy_":[0.9814089429914427],"accuracy_curves_":[[0.01947993250572496,0.08302699771001566,0.31767506327588285,0.527057972761239,0.6333463902615403,0.7091870555622514,0.7681993491623479,0.8104134024346149,0.8432415330842473,0.8656442087501507,0.8840996745811739,0.8975985295890081,0.9085663492828733,0.9199108111365554,0.9275039170784621,0.9326111847655779,0.9369350367602748,0.943081836808485,0.9465469446787995,0.9494696878389779,0.951443292756418,0.9537784741472821,0.9558424731830782,0.9569422682897433,0.9578010124141256,0.9587200192840786,0.9594883692901048,0.9606182957695553,0.9612058575388694,0.9615373026395082,0.9620796673496445,0.9626672291189586,0.9629082801012414,0.9633753163794142,0.9636766301072677,0.9643093889357599,0.9649270820778595,0.9652133301193202,0.9654393154152103,0.9656803663974931,0.9662528624804146,0.9667048330721948,0.9670814752320116,0.9672622634687237,0.9676690370013258,0.9679251536700012,0.9684976497529227,0.9690852115222369,0.9695371821140171,0.9698987585874412,0.9701548752561167,0.9704411232975775,0.9709985536941063,0.971194407617211,0.9713450644811378,0.9716614438953839,0.9717669037001325,0.973680245872002,0.9739815595998553,0.9741774135229601,0.9743883331324575,0.9745691213691696,0.974734843919489,0.9749758949017717,0.9751566831384838,0.9753676027479812,0.9753977341207666,0.9753826684343738,0.975744244907798,0.9758195733397613,0.9759099674581174,0.9759400988309027,0.9759702302036881,0.976015427262866,0.9760606243220441,0.9760455586356515,0.9761058213812221,0.9761510184404002,0.9761359527540074,0.9761510184404002,0.9761962154995781,0.9762112811859708,0.9762564782451488,0.9762866096179342,0.9762564782451488,0.9762866096179342,0.9763016753043269,0.9763016753043269,0.9762414125587562,0.9762414125587562,0.9762414125587562,0.9762263468723635,0.9762263468723635,0.9762414125587562,0.9762263468723635,0.9762263468723635,0.9762263468723635,0.9762112811859708,0.9761962154995781,0.9762414125587562,0.9763619380498976,0.9763619380498976,0.9763619380498976,0.9763619380498976,0.9763770037362902,0.9764222007954683,0.9764222007954683,0.9764372664818609,0.9764673978546463,0.976482463541039,0.9811226949499819,0.9810925635771965,0.9811076292635893,0.9810624322044112,0.98116789200916,0.9811829576955526,0.9811829576955526,0.9811829576955526,0.9811829576955526,0.9811829576955526,0.98116789200916,0.9811528263227672,0.9811377606363746,0.9811377606363746,0.9811377606363746,0.9811377606363746,0.9811377606363746,0.9811528263227672,0.9811528263227672,0.9811528263227672,0.9811528263227672,0.9811528263227672,0.9811528263227672,0.9811528263227672,0.9811528263227672,0.9811528263227672,0.9811528263227672,0.9811528263227672,0.9811829576955526,0.9812432204411233,0.9812432204411233,0.9812432204411233,0.9812432204411233,0.9812432204411233,0.9812432204411233,0.9812432204411233,0.9812432204411233,0.981258286127516,0.9812733518139086,0.9812733518139086,0.9813185488730867,0.9813185488730867,0.9813185488730867,0.9813185488730867,0.981303483186694,0.9813185488730867,0.981348680245872,0.981348680245872,0.981348680245872,0.981348680245872,0.981348680245872,0.981348680245872,0.981348680245872,0.981348680245872,0.9813185488730867,0.9813185488730867,0.9813185488730867,0.9813185488730867,0.9813185488730867,0.9813336145594793,0.9813336145594793,0.9813788116186574,0.9813788116186574,0.9813788116186574,0.9813788116186574,0.9813788116186574,0.9813788116186574,0.9813788116186574,0.9813788116186574,0.9813788116186574,0.9813185488730867,0.9813185488730867,0.9813185488730867,0.9813185488730867,0.9813185488730867,0.9813336145594793,0.9813336145594793,0.9813788116186574,0.9813788116186574,0.9813788116186574,0.9813788116186574,0.9813788116186574,0.9813788116186574,0.9813788116186574,0.9813788116186574,0.9813788116186574,0.9813788116186574,0.9813788116186574,0.98139387730505,0.9814089429914427]],"auc_":[0.7707287712115313],"average_targets_":[[[ 0, 0, 0, 0, 0, 0, 0, 0, 0, 0, 0, 0, 0, 0, 0, 0, 0, 0, 0, 0, 0, 0, 0, 0, 0, 0, 0, 0, 0.02912621359223301, 0.03571428571428571, 0, 0.009748034499565577, 0.033950617283950615, 0.020224719101123594, 0.03044496487119438, 0.03551609322974473, 0.0156128024980484, 0.028586553732133403, 0.0362879238548483, 0.022388059701492536, 0.029961703086280694, 0, 0, 0, 0, 0, 0, 0, 0, 0.13618864292589028 ]],[[ 0.00828111011638317, 0.007633587786259542, 0.005415162454873646, 0.013845675171126323, 0.01111440426793124, 0.01782051282051282, 0.016527573228604157, 0.025917517972001515, 0.013853367433930093, 0.013742409715564077, 0.035385704175513094, 0.03098106712564544, 0.028050490883590462, 0.025755879059350503, 0.02863202545068929, 0.012903225806451613, 0.07790492957746478, 0.09931506849315068, 0.023809523809523808, 0.08333333333333333, 0.010752688172043012, 0.17045454545454544, 0, 0, 0, 0.017857142857142856, 0, 0, 0, 0, 0, 0, 0, 0, 0, 0, 0, 0.14285714285714285, 0, 0, 0, 0, 0, 0, 0, 0, 0, 0, 0, 0 ]],[[ 0.003239289446185998, 0, 0, 0.0170749222053778, 0, 0, 0, 0, 0, 0, 0, 0, 0, 0, 0, 0, 0, 0, 0, 0, 0, 0, 0, 0, 0, 0, 0.015751733866227812, 0, 0, 0, 0, 0, 0, 0, 0, 0, 0, 0, 0, 0, 0, 0, 0, 0, 0, 0, 0, 0, 0, 0.13360693114455086 ]],[[ 0.012061340531847682, 0, 0.008361204013377926, 0.006211180124223602, 0.025139664804469275, 0.03131672597864769, 0.07142857142857142, 0.018541409147095178, 0.02577319587628866, 0.036065573770491806, 0, 0.02877697841726619, 0.04878048780487805, 0, 0, 0, 0, 0, 0.018154788719704478, 0, 0, 0, 0, 0, 0, 0, 0, 0, 0, 0, 0, 0, 0, 0, 0, 0, 0, 0, 0, 0, 0, 0, 0, 0, 0, 0, 0, 0, 0, 0.1336487285629805 ]],[[ 0, 0, 0, 0, 0, 0, 0, 0, 0, 0, 0, 0, 0, 0, 0, 0, 0, 0, 0, 0, 0, 0, 0, 0, 0, 0, 0, 0, 0, 0, 0, 0.13333333333333333, 0, 0, 0.015467541598312632, 0, 0, 0, 0, 0.0125, 0.00554016620498615, 0.011734028683181226, 0.0124804992199688, 0.023255813953488372, 0.013568023469013568, 0, 0, 0, 0, 0.12009132420091324 ]],[[ 0.018554702291695067, 0.011111111111111112, 0.05263157894736842, 0.05128205128205128, 0, 0.08333333333333333, 0, 0, 0, 0, 0, 0, 0, 0, 0, 0, 0, 0, 0, 0, 0, 0, 0, 0, 0, 0, 0, 0, 0, 0, 0, 0, 0, 0, 0, 0, 0, 0, 0, 0, 0, 0, 0, 0, 0, 0, 0, 0, 0, 0 ]]],"cross_entropy_":[0.08228651534047433],"feature_correlations_":[[ 0.1488272380591853 ],[ 0.0824202951346271 ],[ 0.09906021591386431 ],[ 0.100821285254705 ],[ 0.08820672818957774 ],[ 0.006443205320625737 ]],"feature_densities_":[[ 5, 0, 0, 0, 0, 0, 0, 0, 9, 0, 0, 4, 0, 0, 0, 0, 13, 0, 1, 0, 25, 17, 25, 27, 0, 51, 28, 57, 103, 168, 189, 47189, 324, 445, 854, 901, 1281, 1889, 1681, 134, 8878, 0, 0, 0, 0, 0, 0, 0, 0, 2078 ],[ 4468, 4454, 5540, 6428, 6748, 7800, 6111, 5286, 4692, 3129, 2826, 1743, 1426, 893, 943, 620, 2272, 292, 168, 48, 93, 88, 74, 47, 9, 56, 14, 46, 10, 4, 6, 0, 0, 9, 0, 0, 10, 7, 0, 0, 5, 0, 0, 0, 0, 0, 0, 0, 0, 11 ],[ 9570, 0, 0, 37599, 0, 0, 0, 0, 0, 0, 0, 0, 0, 0, 0, 0, 0, 0, 0, 0, 0, 0, 0, 0, 0, 0, 17014, 0, 0, 0, 0, 0, 0, 0, 0, 0, 0, 0, 0, 0, 0, 0, 0, 0, 0, 0, 0, 0, 0, 2193 ],[ 34822, 216, 598, 322, 716, 2810, 42, 1618, 194, 610, 176, 278, 82, 3, 0, 0, 0, 0, 22198, 0, 0, 0, 0, 0, 0, 0, 0, 0, 0, 0, 0, 0, 0, 0, 0, 0, 0, 0, 0, 0, 0, 0, 0, 0, 0, 0, 0, 0, 0, 1691 ],[ 1, 0, 0, 0, 0, 0, 0, 0, 0, 0, 0, 0, 0, 0, 1, 0, 0, 0, 0, 0, 0, 0, 0, 0, 0, 5, 0, 14, 4, 4, 12, 15, 5, 16, 55471, 51, 20, 106, 93, 160, 361, 767, 1282, 344, 5454, 0, 0, 0, 0, 2190 ],[ 66021, 180, 76, 39, 17, 12, 15, 2, 4, 0, 2, 1, 0, 1, 0, 0, 2, 0, 1, 0, 0, 0, 0, 0, 0, 0, 1, 0, 0, 0, 0, 0, 0, 0, 0, 0, 0, 0, 0, 0, 0, 0, 0, 0, 0, 0, 0, 0, 0, 2 ]],"feature_importances_":[[ 0.3785475478821699 ],[ 0.22768104966315622 ],[ 0.18963781644682845 ],[ 0.13046118265680404 ],[ 0.04989410428970653 ],[ 0.023778299061334964 ]],"feature_names_":["FEATURE_1","FEATURE_2","FEATURE_3","FEATURE_4","FEATURE_5","COST"],