{"lambda_":0.0000000001,"learning_rate_":0.9,"scaler_":{"mean_":[1.5043899415026247,0.9850140117217547,1.231548548951227,1.422826986568252,2.7164285749927712,1.3642466362238839,1.0286912300046012,2.6583415701294464,1.3694415403444273,2.4656569747807597],"std_":[1.5043899415026247,0.9850140117217547,1.231548548951227,1.422826986568252,2.7164285749927712,1.3642466362238839,1.0286912300046012,2.6583415701294464,1.3694415403444273,2.4656569747807597]},"weights_":[ 0.2868736003725861, 0.2812515785618555, 0.17907183086553002, 0.1788847342486489, 0.139981954241126, 0.1626127244214889, 0.13828938848856948, 0.11696609486310458, 0.14544867266950934, 0.11563732603365902, -4.299103631445191 ]}