{"lambda_":0.0000000001,"learning_rate_":0.9,"scaler_":{"mean_":[0.44136981427295047,0.5146939712680013,0.4285717894911867,0.35418790349031054,0.3910856609498988,0.3655138816231247,0.35640932325134717,0.4399366271357348,0.34228789385211994,0.44451805496948615],"std_":[0.44136981427295047,0.5146939712680013,0.4285717894911867,0.35418790349031054,0.3910856609498988,0.3655138816231247,0.35640932325134717,0.4399366271357348,0.34228789385211994,0.44451805496948615]},"weights_":[ 0.2719284495786599, 0.2218977190304933, 0.18400055774594296, 0.15269791021503684, 0.12502589869901864, 0.1733810725853, 0.11658715650043647, 0.123229627316803, 0.09059932910418107, 0.10479754436915227, -4.415113760945599 ]}