{"lambda_":0.0000000001,"learning_rate_":0.9,"scaler_":{"mean_":[1.0760012993464305,1.02353936632697,1.008711748082916,1.1785934240656593,1.0818566678555608,0.9602422339111774,1.0972332395790472,1.0281247152854216,1.195707765796617,1.2366255185028463],"std_":[1.0760012993464305,1.02353936632697,1.008711748082916,1.1785934240656593,1.0818566678555608,0.9602422339111774,1.0972332395790472,1.0281247152854216,1.195707765796617,1.2366255185028463]},"weights_":[ 0.291047524177701, 0.2347392831978032, 0.2238366840461645, 0.1994087284357066, 0.21954701162582982, 0.16661049435945455, 0.19773281565079706, 0.19792346665499203, 0.16241459714317555, 0.1233785180609627, -4.5279503249347295 ]}