{"lambda_":0.0000000001,"learning_rate_":0.9,"scaler_":{"mean_":[0.8768975283886725,0.9793806566875649,0.9096305620983032,0.9014297882941172,0.8532282982660866,0.847609759124998,0.9267831175008098,2.2785803000510128,2.7193581146970627,1.3279563376381622],"std_":[0.8768975283886725,0.9793806566875649,0.9096305620983032,0.9014297882941172,0.8532282982660866,0.847609759124998,0.9267831175008098,2.2785803000510128,2.7193581146970627,1.3279563376381622]},"weights_":[ 0.451226255590423, 0.31430088860758276, 0.2780485764674692, 0.25760758456519733, -0.22144155446495617, 0.20261491607490065, 0.13342085777203003, 0.13154963443985943, 0.10327805739205215, 0.11724621347663981, -4.504303343011676 ]}