{"lambda_":0.0000000001,"learning_rate_":0.9,"scaler_":{"mean_":[1.049833220126694,1.1857830150879247,1.733827556001552,16.46704969113444,0.5504009800925956,193.78156257874852],"std_":[1.049833220126694,1.1857830150879247,1.733827556001552,16.46704969113444,0.5504009800925956,193.78156257874852]},"weights_":[ 0.4722892251468915, 0.34340218480300444, 0.1716508420178089, 0.07619217318743907, 0.03211155906318402, 0.025891131826133246, -4.2578357669399365 ]}