{"accuracy_":[0.9814089429914427],"accuracy_curves_":[[0.38911654814993374,0.6755453778474148,0.7911293238519947,0.8783445823791732,0.9067735326021453,0.91965469446788,0.9271122092322526,0.9435790044594432,0.9455224780040978,0.9475262142943233,0.9484150897914909,0.9498011329396168,0.9502079064722189,0.9508707966734965,0.9574695673134868,0.9592171869350368,0.9606484271423406,0.9620947330360371,0.9641436663854405,0.9651380016873569,0.9656954320838858,0.9669157526816922,0.9673074605279016,0.9678498252380379,0.9681360732794986,0.9683469928889961,0.9692509340725564,0.9721887429191274,0.9738309027359286,0.97395142822707,0.9740719537182114,0.9743431360732795,0.9743883331324575,0.9745088586235989,0.9746293841147403,0.9746745811739183,0.9747047125467037,0.9747649752922743,0.9755785223574787,0.9756387851030492,0.9756689164758346,0.9762715439315415,0.976618054718573,0.9767988429552851,0.9768591057008558,0.9769193684464265,0.9769344341328191,0.9769796311919972,0.9769796311919972,0.9769796311919972,0.9769796311919972,0.9770097625647824,0.9770097625647824,0.9770097625647824,0.9770097625647824,0.9770097625647824,0.9776575870796673,0.97767265276606,0.9777027841388454,0.9777329155116307,0.9779739664939134,0.9780492949258768,0.9780944919850548,0.9780944919850548,0.9780944919850548,0.9780944919850548,0.9780944919850548,0.9781095576714475,0.9781246233578402,0.9781246233578402,0.9781246233578402,0.9781246233578402,0.9781246233578402,0.9781246233578402,0.9781246233578402,0.9781246233578402,0.9781396890442329,0.9781396890442329,0.9781396890442329,0.9803995420031336,0.9804748704350971,0.9804899361214897,0.9806104616126311,0.9806857900445944,0.9807309871037725,0.9809117753404845,0.9809569723996625,0.9810925635771965,0.9811377606363746,0.9809871037724479,0.9809871037724479,0.9810473665180186,0.9810473665180186,0.9810624322044112,0.9810774978908039,0.9810774978908039,0.9811226949499819,0.9811226949499819,0.9811377606363746,0.9811528263227672,0.9811528263227672,0.9811528263227672,0.9811528263227672,0.9811528263227672,0.9811528263227672,0.9811528263227672,0.98116789200916,0.9812432204411233,0.981258286127516,0.9813336145594793,0.9813336145594793,0.9813336145594793,0.981348680245872,0.9813788116186574,0.9813637459322647,0.9813788116186574,0.9813788116186574,0.9813788116186574,0.9813788116186574,0.9813788116186574,0.9813788116186574,0.9813788116186574,0.9813788116186574,0.9813788116186574,0.9813788116186574,0.9813788116186574,0.9813788116186574,0.9813788116186574,0.9813788116186574,0.9813788116186574,0.9813788116186574,0.9813788116186574,0.9813788116186574,0.9813788116186574,0.9813788116186574,0.9813788116186574,0.9813788116186574,0.9813788116186574,0.98139387730505,0.98139387730505,0.98139387730505,0.98139387730505,0.98139387730505,0.98139387730505,0.98139387730505,0.98139387730505,0.98139387730505,0.98139387730505,0.98139387730505,0.98139387730505,0.98139387730505,0.98139387730505,0.98139387730505,0.98139387730505,0.98139387730505,0.98139387730505,0.98139387730505,0.98139387730505,0.98139387730505,0.98139387730505,0.98139387730505,0.98139387730505,0.98139387730505,0.98139387730505,0.98139387730505,0.98139387730505,0.98139387730505,0.98139387730505,0.98139387730505,0.98139387730505,0.98139387730505,0.98139387730505,0.98139387730505,0.98139387730505,0.98139387730505,0.98139387730505,0.98139387730505,0.98139387730505,0.98139387730505,0.98139387730505,0.98139387730505,0.98139387730505,0.98139387730505,0.98139387730505,0.98139387730505,0.98139387730505,0.98139387730505,0.98139387730505,0.98139387730505,0.98139387730505,0.98139387730505,0.98139387730505,0.98139387730505,0.98139387730505,0.98139387730505,0.98139387730505,0.98139387730505,0.98139387730505,0.98139387730505,0.9814089429914427]],"auc_":[0.7065089185291444],"average_targets_":[[[ 0.012419871794871794, 0.0073937153419593345, 0.010582010582010581, 0.05172413793103448, 0, 0, 0, 0, 0, 0, 0, 0, 0, 0, 0, 0, 0, 0, 0, 0, 0.0234676700663432, 0, 0, 0, 0, 0, 0, 0, 0, 0, 0, 0, 0, 0, 0, 0, 0, 0, 0, 0, 0, 0, 0, 0, 0, 0, 0, 0, 0, 0.1323529411764706 ]],[[ 0.011773453959598463, 0.030511388053287496, 0.011724659606656581, 0.020521353300055462, 0.0077907623817473565, 0.06256703611011798, 0.001976284584980237, 0.019374068554396422, 0, 0, 0.023890784982935155, 0.03070175438596491, 0.02072538860103627, 0.1292517006802721, 0.02097902097902098, 0.017300516377068337, 0, 0.10810810810810811, 0, 0, 0, 0, 0, 0.07142857142857142, 0, 0, 0, 0, 0.4, 0, 0, 0, 0, 0, 0, 0, 0.10925306577480491, 0, 0, 0, 0, 0, 0, 0, 0, 0, 0, 0, 0, 0 ]],[[ 0.01622228553233564, 0.012099213551119177, 0.029069767441860465, 0.005780346820809248, 0.05714285714285714, 0.0927968851395198, 0.03803131991051454, 0, 0, 0, 0.047619047619047616, 0, 0, 0, 0.09302325581395349, 0, 0, 0, 0.2, 0, 0, 0, 0, 0, 0, 0, 0, 0, 0, 0, 0, 0, 0, 0, 0, 0, 0, 0, 0, 0, 0, 0, 0, 0, 0, 0, 0, 0, 0, 0 ]],[[ 0.01792900115542452, 0.013068866438038743, 0.0224, 0.020028612303290415, 0.018518518518518517, 0.0297029702970297, 0, 0, 0, 0, 0, 0, 0, 0, 0, 0, 0, 0, 0, 0, 0, 0, 0, 0, 0, 0, 0, 0, 0, 0, 0, 0, 0, 0, 0, 0, 0, 0, 0, 0, 0, 0, 0, 0, 0, 0, 0, 0, 0, 0.04612954186413902 ]],[[ 0.019011406844106463, 0.01852381406284752, 0.006309148264984227, 0.02874251497005988, 0.04060913705583756, 0.03164556962025317, 0.0058823529411764705, 0, 0, 0, 0, 0, 0, 0, 0, 0, 0, 0, 0, 0.3333333333333333, 0, 0, 0, 0, 0, 0, 0, 0, 0, 0, 0, 0, 0, 0, 0, 0, 0, 0, 0, 0, 0, 0, 0, 0, 0, 0, 0, 0, 0, 0 ]],[[ 0.018554702291695067, 0.011111111111111112, 0.05263157894736842, 0.05128205128205128, 0, 0.08333333333333333, 0, 0, 0, 0, 0, 0, 0, 0, 0, 0, 0, 0, 0, 0, 0, 0, 0, 0, 0, 0, 0, 0, 0, 0, 0, 0, 0, 0, 0, 0, 0, 0, 0, 0, 0, 0, 0, 0, 0, 0, 0, 0, 0, 0 ]]],"cross_entropy_":[0.0851085899019341],"feature_correlations_":[[ 0.14844192055661795 ],[ 0.04354331142559963 ],[ 0.06331159400032114 ],[ 0.04528617690189215 ],[ 0.0005068630914605765 ],[ 0.006443205320625737 ]],"feature_densities_":[[ 52416, 1082, 189, 58, 8, 7, 0, 0, 1, 0, 0, 0, 0, 0, 0, 0, 0, 0, 0, 0, 10099, 0, 0, 0, 0, 0, 0, 0, 0, 0, 0, 0, 0, 0, 0, 0, 0, 0, 0, 0, 0, 0, 0, 0, 0, 0, 0, 0, 0, 2516 ],[ 24207, 2327, 2644, 1803, 1797, 2797, 506, 671, 483, 147, 293, 228, 193, 147, 143, 26531, 117, 37, 48, 15, 25, 40, 33, 56, 0, 34, 9, 22, 5, 0, 0, 15, 0, 0, 0, 13, 897, 0, 10, 0, 0, 0, 14, 0, 0, 11, 19, 0, 0, 39 ],[ 59671, 1653, 860, 1038, 700, 1541, 447, 51, 14, 72, 168, 0, 73, 0, 43, 0, 25, 0, 15, 0, 0, 0, 0, 0, 0, 4, 0, 0, 0, 0, 0, 0, 0, 0, 0, 0, 0, 0, 0, 0, 0, 0, 0, 0, 0, 0, 0, 0, 0, 1 ],[ 50198, 10789, 1250, 699, 108, 101, 28, 2, 6, 5, 0, 0, 11, 6, 6, 1, 0, 0, 0, 0, 0, 0, 0, 0, 0, 1, 0, 0, 0, 0, 0, 0, 0, 0, 0, 0, 0, 0, 0, 0, 0, 0, 0, 0, 0, 0, 0, 0, 0, 3165 ],[ 263, 62946, 951, 835, 394, 474, 170, 116, 156, 6, 23, 5, 8, 3, 1, 1, 1, 0, 0, 3, 0, 4, 3, 0, 3, 0, 0, 0, 1, 0, 0, 0, 3, 0, 0, 1, 0, 0, 0, 0, 0, 0, 0, 0, 0, 0, 0, 4, 0, 1 ],[ 66021, 180, 76, 39, 17, 12, 15, 2, 4, 0, 2, 1, 0, 1, 0, 0, 2, 0, 1, 0, 0, 0, 0, 0, 0, 0, 1, 0, 0, 0, 0, 0, 0, 0, 0, 0, 0, 0, 0, 0, 0, 0, 0, 0, 0, 0, 0, 0, 0, 2 ]],"feature_importances_":[[ 0.4211088678122432 ],[ 0.30618887229889136 ],[ 0.1530496312268315 ],[ 0.06793548969307457 ],[ 0.028631739960990304 ],[ 0.023085399007969028 ]],"feature_names_":["FEATURE_1","FEATURE_2","FEATURE_3","FEATURE_4","FEATURE_5","COST"],