{"lambda_":0.0000000001,"learning_rate_":0.9,"scaler_":{"std_":[1.3034728741264952,1.5587332602052748,2.087966600917015,0.7671325416207815,1.2979602956645553,1.3856097225874868,0.9976251754285635,1.3844021078441713,0.9160572189517995,193.78156257874852]},"weights_":[ -4.650031565211992, 40.20050065512898, -27.654783215414263, 37.74689837729674, -20.978226698558466, 18.417160209836325, 3.6188624332959165, 31.80035551188173, 12.754494160860405, -13.143749524128605, -139.70446484441396 ]}