{"lambda_":0.0000000001,"learning_rate_":0.9,"scaler_":{"mean_":[0.8405621812745513,1.1520378879623583,1.52066612441334,4.145620209946558,0.4829076567667548,193.78156257874852],"std_":[0.8405621812745513,1.1520378879623583,1.52066612441334,4.145620209946558,0.4829076567667548,193.78156257874852]},"weights_":[ 0.5453470928302523, 0.4936852092283216, 0.2281627778365924, 0.06835560679034548, 0.02380314312951546, 0.021620149236493195, -4.29054132236217 ]}