{"accuracy_":[0.9814089429914427],"accuracy_curves_":[[0.07273713390382065,0.4450253103531397,0.584849945763529,0.7034470290466434,0.7979088827286971,0.8612902253826684,0.9038357237555743,0.9295076533686875,0.949605279016512,0.9614619742075449,0.968301795829818,0.9713601301675304,0.9737555743039653,0.9762414125587562,0.9770850909967458,0.9781848861034109,0.9785765939496204,0.9787724478727251,0.9790436302277932,0.97942027238761,0.9797818488610341,0.9798873086657828,0.980158491020851,0.9802187537664216,0.980429673375919,0.9806104616126311,0.9806707243582018,0.9807611184765578,0.9808213812221285,0.9808816439676992,0.9808967096540918,0.9808967096540918,0.9810624322044112,0.9810172351452332,0.9810172351452332,0.9810323008316258,0.9810323008316258,0.9810172351452332,0.9810172351452332,0.9810021694588406,0.9809871037724479,0.9810021694588406,0.9810021694588406,0.9810021694588406,0.9810323008316258,0.9810172351452332,0.9810172351452332,0.9810172351452332,0.9810172351452332,0.9810172351452332,0.9810021694588406,0.9810473665180186,0.9810624322044112,0.9810624322044112,0.9810774978908039,0.9810774978908039,0.9810774978908039,0.9810774978908039,0.9810925635771965,0.9810925635771965,0.9810624322044112,0.9810624322044112,0.9810624322044112,0.9810624322044112,0.9810624322044112,0.9810624322044112,0.9810624322044112,0.9810624322044112,0.9810624322044112,0.9810624322044112,0.9810624322044112,0.9810774978908039,0.9810774978908039,0.9810925635771965,0.9810925635771965,0.9811226949499819,0.9811226949499819,0.9811226949499819,0.9811377606363746,0.9811829576955526,0.9811829576955526,0.9811829576955526,0.9811829576955526,0.9811829576955526,0.9811829576955526,0.9811980233819453,0.9811980233819453,0.9811980233819453,0.9811829576955526,0.9811829576955526,0.9811829576955526,0.9811829576955526,0.9811980233819453,0.9811829576955526,0.9811829576955526,0.9811980233819453,0.9811980233819453,0.9811980233819453,0.9811980233819453,0.9811980233819453,0.9812130890683379,0.9812130890683379,0.9812281547547306,0.9812281547547306,0.9812281547547306,0.9812281547547306,0.9812281547547306,0.981258286127516,0.981258286127516,0.981258286127516,0.981258286127516,0.981258286127516,0.981258286127516,0.981258286127516,0.981258286127516,0.981258286127516,0.981258286127516,0.981258286127516,0.981258286127516,0.981258286127516,0.981258286127516,0.981258286127516,0.981258286127516,0.981258286127516,0.981258286127516,0.981258286127516,0.981258286127516,0.981258286127516,0.981258286127516,0.981258286127516,0.981258286127516,0.9812432204411233,0.9812432204411233,0.9812281547547306,0.9812281547547306,0.9812281547547306,0.9812432204411233,0.9812884175003013,0.9812884175003013,0.9812884175003013,0.9812884175003013,0.9812884175003013,0.9812884175003013,0.9812884175003013,0.9812884175003013,0.981303483186694,0.981303483186694,0.981303483186694,0.981303483186694,0.981303483186694,0.981303483186694,0.981303483186694,0.981303483186694,0.9813185488730867,0.981348680245872,0.9813788116186574,0.9813788116186574,0.9813788116186574,0.9813788116186574,0.9813788116186574,0.9813788116186574,0.9813788116186574,0.9813788116186574,0.9813788116186574,0.9813788116186574,0.9813788116186574,0.9813788116186574,0.9813788116186574,0.9813788116186574,0.9813788116186574,0.9813788116186574,0.9813788116186574,0.9813788116186574,0.98139387730505,0.98139387730505,0.98139387730505,0.98139387730505,0.98139387730505,0.98139387730505,0.98139387730505,0.98139387730505,0.98139387730505,0.98139387730505,0.98139387730505,0.98139387730505,0.98139387730505,0.98139387730505,0.98139387730505,0.98139387730505,0.98139387730505,0.98139387730505,0.98139387730505,0.98139387730505,0.98139387730505,0.98139387730505,0.98139387730505,0.98139387730505,0.98139387730505,0.9814089429914427,0.9814089429914427]],"auc_":[0.6895838561283782],"average_targets_":[[[ 0.011222763216961912, 0.0030272452068617556, 0, 0, 0, 0.01020408163265306, 0, 0, 0, 0, 0, 0, 0, 0, 0, 0, 0, 0, 0, 0, 0, 0, 0, 0, 0, 0, 0, 0, 0, 0, 0, 0, 0, 0, 0, 0, 0.00842358604091456, 0, 0, 0, 0.018122021612188736, 0.022681451612903226, 0.03415300546448088, 0.14912280701754385, 0, 0.045454545454545456, 0, 0, 0, 0.04287570376786488 ]],[[ 0, 0, 0, 0, 0, 0, 0, 0, 0, 0, 0, 0, 0, 0, 0.3333333333333333, 0, 0, 0.006473090438320696, 0, 0, 0, 0, 0.0223463687150838, 0, 0.021739130434782608, 0.018691588785046728, 0.01925254813137033, 0.006993006993006993, 0.02586206896551724, 0.004968757057893548, 0.01079136690647482, 0.028204629449523438, 0.025763216679076693, 0.02438605529795638, 0.018781814990345796, 0.0223463687150838, 0.024743052912066996, 0.01889466225791214, 0.0134886572654813, 0.03601895734597156, 0.04800936768149883, 0.07666666666666666, 0.04, 0, 0.012422360248447204, 0.017857142857142856, 0.3611111111111111, 0, 0, 0.2026578073089701 ]],[[ 0, 0, 0, 0, 0.010561423012784881, 0.029464285714285714, 0.017716535433070866, 0.012976232086682978, 0.020144408713063527, 0.024772036474164132, 0.007984031936127744, 0.025052192066805846, 0.09411764705882353, 0.5, 0.25, 0, 0.6363636363636364, 0.8, 0.6, 0.8333333333333334, 0.2, 0.75, 0.75, 1, 0.42857142857142855, 0, 0, 0.3333333333333333, 0, 0, 1, 0.3333333333333333, 0.5, 0.4, 0.2, 0, 0.5, 0, 0, 0, 0.125, 0.5, 0, 0, 0, 0, 0, 0, 0, 0 ]],[[ 0.015850815850815853, 0.010040160642570281, 0.010427528675703858, 0.01411778962675715, 0.020830839219442118, 0.03236994219653179, 0.01602136181575434, 0.06953498478922207, 0.03587443946188341, 0.11904761904761904, 0, 0, 0, 0.2, 0, 0, 0, 0, 0, 0, 0, 0, 0, 0, 0, 0, 0, 0, 0, 0, 0, 0, 0, 0, 0, 0, 0, 0, 0, 0, 0, 0, 0, 0, 0, 0, 0, 0, 0, 0.018648018648018648 ]],[[ 0.01968503937007874, 0.018499992060089246, 0.02269170579029734, 0.0078003120124804995, 0.03474903474903475, 0.02806122448979592, 0, 0, 0, 0, 0, 0, 0, 0, 0, 0, 0, 0, 0, 0.3333333333333333, 0, 0, 0, 0, 0, 0, 0, 0, 0, 0, 0, 0, 0, 0, 0, 0, 0, 0, 0, 0, 0, 0, 0, 0, 0, 0, 0, 0, 0, 0 ]],[[ 0.018554702291695067, 0.011111111111111112, 0.05263157894736842, 0.05128205128205128, 0, 0.08333333333333333, 0, 0, 0, 0, 0, 0, 0, 0, 0, 0, 0, 0, 0, 0, 0, 0, 0, 0, 0, 0, 0, 0, 0, 0, 0, 0, 0, 0, 0, 0, 0, 0, 0, 0, 0, 0, 0, 0, 0, 0, 0, 0, 0, 0 ]]],"cross_entropy_":[0.0876125046357935],"feature_correlations_":[[ 0.06652592928048125 ],[ 0.06816163730561398 ],[ 0.05948193051603732 ],[ 0.01913468056563604 ],[ 0.0009774605943681759 ],[ 0.006443205320625737 ]],"feature_densities_":[[ 28959, 2973, 238, 3, 0, 392, 0, 0, 0, 0, 0, 0, 0, 0, 0, 0, 0, 0, 0, 0, 0, 0, 0, 0, 0, 0, 0, 0, 0, 0, 0, 0, 0, 0, 0, 0, 831, 0, 0, 0, 14899, 7936, 732, 114, 30, 22, 7, 4, 0, 9236 ],[ 2, 0, 0, 3, 0, 0, 0, 2, 2, 3, 0, 6, 0, 1, 6, 2, 0, 5407, 8, 17, 99, 94, 179, 277, 552, 749, 883, 1430, 2552, 13283, 4448, 5141, 6715, 5823, 5697, 3401, 2627, 2117, 1631, 1055, 854, 300, 275, 157, 161, 56, 36, 24, 0, 301 ],[ 8, 10, 38, 218, 1799, 4480, 11176, 22888, 16481, 6580, 2004, 479, 85, 4, 4, 0, 11, 10, 10, 6, 5, 4, 4, 2, 7, 2, 0, 18, 3, 0, 1, 6, 2, 5, 5, 2, 2, 3, 0, 0, 8, 2, 2, 1, 0, 0, 0, 0, 0, 1 ],[ 2145, 498, 6713, 33008, 16706, 3460, 749, 2301, 223, 84, 23, 14, 14, 5, 1, 0, 0, 1, 0, 0, 0, 2, 0, 0, 0, 0, 0, 0, 0, 0, 0, 0, 0, 0, 0, 0, 0, 0, 0, 0, 0, 0, 0, 0, 0, 0, 0, 0, 0, 429 ],[ 254, 62973, 1278, 641, 518, 392, 87, 77, 89, 24, 1, 5, 7, 4, 1, 1, 1, 0, 0, 3, 0, 4, 3, 0, 3, 0, 0, 0, 1, 0, 0, 0, 3, 0, 0, 1, 0, 0, 0, 0, 0, 0, 0, 0, 0, 0, 0, 4, 0, 1 ],[ 66021, 180, 76, 39, 17, 12, 15, 2, 4, 0, 2, 1, 0, 1, 0, 0, 2, 0, 1, 0, 0, 0, 0, 0, 0, 0, 1, 0, 0, 0, 0, 0, 0, 0, 0, 0, 0, 0, 0, 0, 0, 0, 0, 0, 0, 0, 0, 0, 0, 2 ]],"feature_importances_":[[ 0.39490033925534734 ],[ 0.3574905948390093 ],[ 0.16521873786014346 ],[ 0.04949811352513205 ],[ 0.017236489239184593 ],[ 0.015655725281183308 ]],"feature_names_":["FEATURE_1","FEATURE_2","FEATURE_3","FEATURE_4","FEATURE_5","COST"],