{"lambda_":0.0000000001,"learning_rate_":0.9,"scaler_":{"mean_":[0.8552007065757539,0.6711533974155125,1.0166649450206644,1.0803668500818728,0.8926759686850378,0.7333693931147885,0.6907066920882136,0.9152032402934331,0.9388666975994197,0.8310206359299104],"std_":[0.8552007065757539,0.6711533974155125,1.0166649450206644,1.0803668500818728,0.8926759686850378,0.7333693931147885,0.6907066920882136,0.9152032402934331,0.9388666975994197,0.8310206359299104]},"weights_":[ 0.24067924848410274, 0.21718557669745497, 0.20021499738537357, 0.20856519049119696, 0.20787010362638664, 0.18667287422188034, 0.1890529932108031, 0.1950439008398553, 0.2185752367927503, 0.14915501315488613, -4.532098587417634 ]}