{"lambda_":0.0000000001,"learning_rate_":0.9,"scaler_":{"mean_":[1.0498880540552586,1.0573744075166234,1.7338275560015513,16.435218306871196,0.5508407178882085,193.78156257874852],"std_":[1.0498880540552586,1.0573744075166234,1.7338275560015513,16.435218306871196,0.5508407178882085,193.78156257874852]},"weights_":[ 0.4676815786291472, 0.3517414200120692, 0.1705385828083939, 0.06671428643948553, 0.03247466269917146, 0.026014806244325183, -4.260647854320104 ]}