{"accuracy_":[0.9814089429914427],"accuracy_curves_":[[0.4053422923948415,0.7035374231649993,0.8138785103049295,0.8942238158370496,0.9190972640713511,0.9283325298300591,0.9325509220200072,0.9427353260214535,0.9487465348921297,0.949786067253224,0.9509913221646378,0.9513378329516693,0.9520459202121249,0.9525280221766904,0.9616276967578643,0.9624412438230686,0.9641587320718332,0.9648969507050741,0.9655447752199591,0.9675485115101844,0.9680908762203206,0.9688290948535615,0.9696125105459805,0.9700343497649753,0.9702452693744728,0.9705164517295408,0.9745691213691696,0.9748553694106303,0.974915632156201,0.975006026274557,0.9750361576473424,0.9750662890201277,0.9750813547065205,0.9751265517656984,0.9751868145112691,0.975879836085332,0.9758949017717247,0.9758949017717247,0.9758949017717247,0.9759852958900808,0.9769344341328191,0.9769645655056044,0.9770097625647824,0.9770248282511751,0.9770248282511751,0.9770398939375678,0.9770398939375678,0.9770398939375678,0.9770398939375678,0.9770549596239605,0.9770549596239605,0.9770700253103531,0.9777027841388454,0.977717849825238,0.977717849825238,0.9777479811980234,0.9777479811980234,0.977853441002772,0.977853441002772,0.977853441002772,0.977853441002772,0.977853441002772,0.9778685066891648,0.9778685066891648,0.9780040978666988,0.9780794262986622,0.9781246233578402,0.9781246233578402,0.9781396890442329,0.9781396890442329,0.9781396890442329,0.9781396890442329,0.9781396890442329,0.9781396890442329,0.9781396890442329,0.9781396890442329,0.9781396890442329,0.9781396890442329,0.9781396890442329,0.9781396890442329,0.9781547547306255,0.9804146076895264,0.9804899361214897,0.9805050018078824,0.9806255272990237,0.9807008557309871,0.9807460527901651,0.9807912498493432,0.9808063155357358,0.9809569723996625,0.9810774978908039,0.9811377606363746,0.9812130890683379,0.981303483186694,0.9810774978908039,0.9810624322044112,0.9810624322044112,0.9810624322044112,0.9811076292635893,0.9811226949499819,0.9811377606363746,0.9811528263227672,0.9811528263227672,0.9811528263227672,0.9811528263227672,0.9811528263227672,0.9811528263227672,0.98116789200916,0.98116789200916,0.981258286127516,0.9813336145594793,0.9813336145594793,0.9813336145594793,0.9813336145594793,0.981348680245872,0.981348680245872,0.981348680245872,0.9813637459322647,0.9813637459322647,0.9813637459322647,0.9813637459322647,0.9813637459322647,0.9813788116186574,0.9813788116186574,0.9813788116186574,0.9813788116186574,0.9813788116186574,0.9813788116186574,0.9813788116186574,0.9813788116186574,0.9813788116186574,0.9813788116186574,0.9813788116186574,0.9813788116186574,0.9813788116186574,0.9813788116186574,0.9813788116186574,0.9813788116186574,0.98139387730505,0.98139387730505,0.98139387730505,0.98139387730505,0.98139387730505,0.98139387730505,0.98139387730505,0.98139387730505,0.98139387730505,0.98139387730505,0.98139387730505,0.98139387730505,0.98139387730505,0.98139387730505,0.98139387730505,0.98139387730505,0.98139387730505,0.98139387730505,0.98139387730505,0.98139387730505,0.98139387730505,0.98139387730505,0.98139387730505,0.98139387730505,0.98139387730505,0.98139387730505,0.98139387730505,0.98139387730505,0.98139387730505,0.98139387730505,0.98139387730505,0.98139387730505,0.98139387730505,0.98139387730505,0.98139387730505,0.98139387730505,0.98139387730505,0.98139387730505,0.98139387730505,0.98139387730505,0.98139387730505,0.98139387730505,0.98139387730505,0.98139387730505,0.98139387730505,0.98139387730505,0.98139387730505,0.98139387730505,0.98139387730505,0.98139387730505,0.98139387730505,0.98139387730505,0.98139387730505,0.98139387730505,0.98139387730505,0.98139387730505,0.98139387730505,0.98139387730505,0.98139387730505,0.98139387730505,0.98139387730505,0.9814089429914427]],"auc_":[0.7063964911562693],"average_targets_":[[[ 0.012419871794871794, 0.0073937153419593345, 0.010582010582010581, 0.05172413793103448, 0, 0, 0, 0, 0, 0, 0, 0, 0, 0, 0, 0, 0, 0, 0, 0, 0.0234676700663432, 0, 0, 0, 0, 0, 0, 0, 0, 0, 0, 0, 0, 0, 0, 0, 0, 0, 0, 0, 0, 0, 0, 0, 0, 0, 0, 0, 0, 0.1323529411764706 ]],[[ 0.013759901666211417, 0.003745318352059925, 0.00411522633744856, 0.009342883836810962, 0.0905300774270399, 0.014251781472684086, 0.012096774193548387, 0.014598540145985401, 0.018425460636515914, 0.06542056074766354, 0.023054755043227664, 0, 0.07114624505928854, 0, 0, 0, 0, 0, 0.017402183803457687, 0, 0, 0, 0, 0, 0, 0, 0, 0, 0, 0, 0, 0, 0, 0, 0, 0, 0, 0, 0, 0, 0, 0, 0, 0, 0, 0, 0, 0, 0, 0.11524609843937575 ]],[[ 0.01622228553233564, 0.012099213551119177, 0.029069767441860465, 0.005780346820809248, 0.05714285714285714, 0.0927968851395198, 0.03803131991051454, 0, 0, 0, 0.047619047619047616, 0, 0, 0, 0.09302325581395349, 0, 0, 0, 0.2, 0, 0, 0, 0, 0, 0, 0, 0, 0, 0, 0, 0, 0, 0, 0, 0, 0, 0, 0, 0, 0, 0, 0, 0, 0, 0, 0, 0, 0, 0, 0 ]],[[ 0.017960961380936207, 0.013000091549940493, 0.022204599524187154, 0.020833333333333332, 0.014814814814814815, 0.0297029702970297, 0, 0, 0, 0, 0, 0, 0, 0, 0, 0, 0, 0, 0, 0, 0, 0, 0, 0, 0, 0, 0, 0, 0, 0, 0, 0, 0, 0, 0, 0, 0, 0, 0, 0, 0, 0, 0, 0, 0, 0, 0, 0, 0, 0.04612954186413902 ]],[[ 0.021834061135371178, 0.018565105244721842, 0.0038461538461538464, 0.03009259259259259, 0.031026252983293555, 0.03578528827037773, 0.005813953488372093, 0, 0, 0, 0, 0, 0, 0, 0, 0, 0, 0, 0, 0.3333333333333333, 0, 0, 0, 0, 0, 0, 0, 0, 0, 0, 0, 0, 0, 0, 0, 0, 0, 0, 0, 0, 0, 0, 0, 0, 0, 0, 0, 0, 0, 0 ]],[[ 0.018554702291695067, 0.011111111111111112, 0.05263157894736842, 0.05128205128205128, 0, 0.08333333333333333, 0, 0, 0, 0, 0, 0, 0, 0, 0, 0, 0, 0, 0, 0, 0, 0, 0, 0, 0, 0, 0, 0, 0, 0, 0, 0, 0, 0, 0, 0, 0, 0, 0, 0, 0, 0, 0, 0, 0, 0, 0, 0, 0, 0 ]]],"cross_entropy_":[0.08522902122730841],"feature_correlations_":[[ 0.14844192055661712 ],[ 0.044886190850024696 ],[ 0.06331159400032167 ],[ 0.04528112739474046 ],[ 0.0004990415168277098 ],[ 0.006443205320625737 ]],"feature_densities_":[[ 52416, 1082, 189, 58, 8, 7, 0, 0, 1, 0, 0, 0, 0, 0, 0, 0, 0, 0, 0, 0, 10099, 0, 0, 0, 0, 0, 0, 0, 0, 0, 0, 0, 0, 0, 0, 0, 0, 0, 0, 0, 0, 0, 0, 0, 0, 0, 0, 0, 0, 2516 ],[ 29288, 267, 486, 3211, 1679, 842, 248, 137, 1791, 107, 694, 31, 253, 78, 53, 2, 0, 0, 26376, 0, 0, 0, 0, 0, 0, 0, 0, 0, 0, 0, 0, 0, 0, 0, 0, 0, 0, 0, 0, 0, 0, 0, 0, 0, 0, 0, 0, 0, 0, 833 ],[ 59671, 1653, 860, 1038, 700, 1541, 447, 51, 14, 72, 168, 0, 73, 0, 43, 0, 25, 0, 15, 0, 0, 0, 0, 0, 0, 4, 0, 0, 0, 0, 0, 0, 0, 0, 0, 0, 0, 0, 0, 0, 0, 0, 0, 0, 0, 0, 0, 0, 0, 1 ],[ 50053, 10923, 1261, 672, 135, 101, 28, 2, 6, 5, 0, 0, 11, 6, 6, 1, 0, 0, 0, 0, 0, 0, 0, 0, 0, 1, 0, 0, 0, 0, 0, 0, 0, 0, 0, 0, 0, 0, 0, 0, 0, 0, 0, 0, 0, 0, 0, 0, 0, 3165 ],[ 229, 62806, 1040, 864, 419, 503, 172, 108, 164, 6, 23, 5, 7, 4, 1, 1, 1, 0, 0, 3, 0, 4, 3, 0, 3, 0, 0, 0, 1, 0, 0, 0, 3, 0, 0, 1, 0, 0, 0, 0, 0, 0, 0, 0, 0, 0, 0, 4, 0, 1 ],[ 66021, 180, 76, 39, 17, 12, 15, 2, 4, 0, 2, 1, 0, 1, 0, 0, 2, 0, 1, 0, 0, 0, 0, 0, 0, 0, 1, 0, 0, 0, 0, 0, 0, 0, 0, 0, 0, 0, 0, 0, 0, 0, 0, 0, 0, 0, 0, 0, 0, 2 ]],"feature_importances_":[[ 0.419383174119727 ],[ 0.3154163857093347 ],[ 0.15292672501171453 ],[ 0.05982456971714554 ],[ 0.02912093985221002 ],[ 0.02332820558986806 ]],"feature_names_":["FEATURE_1","FEATURE_2","FEATURE_3","FEATURE_4","FEATURE_5","COST"],