{"lambda_":0.0000000001,"learning_rate_":0.9,"scaler_":{"mean_":[0.9340596525150114,0.9265793315732991,0.7333847668168925,0.8310209693256246,0.4635797284646542,193.78156257874852],"std_":[0.9340596525150114,0.9265793315732991,0.7333847668168925,0.8310209693256246,0.4635797284646542,193.78156257874852]},"weights_":[ 0.36532772488616183, 0.35658510468902066, 0.2791386684196367, 0.2811321821280814, 0.025713174459772878, 0.028042718025458983, -4.391191580056461 ]}