{"accuracy_":[0.9814089429914427],"accuracy_curves_":[[0.018982764854766784,0.019796311919971075,0.2664818609135832,0.40736109437145956,0.46693081836808487,0.5278263227672653,0.5663492828733278,0.6342202000723153,0.667997468964686,0.70337170061468,0.7243431360732795,0.7378570567675063,0.7532541882608171,0.7786248041460769,0.789095456188984,0.797728094491985,0.8075358563336146,0.8206882005544173,0.8286278172833554,0.8386916957936603,0.8452000723152947,0.8494787272508135,0.8560021694588406,0.8602808243943594,0.8646649391346269,0.8679643244546221,0.8708569362420152,0.874954802940822,0.8797004941545137,0.8865403157767868,0.8893274677594312,0.893696516813306,0.8962576835000603,0.9007924551042545,0.9026455345305532,0.9040014463058937,0.9051765698445221,0.9089580571290828,0.9114137640110883,0.9133873689285283,0.9149993973725443,0.9170031336627696,0.9193383150536338,0.9209051464384718,0.9226979631191997,0.9241141376401109,0.9254549837290587,0.9267355670724359,0.9283927925756298,0.9302609376883211,0.9309690249487766,0.9333946004579968,0.9401590936483066,0.942117632879354,0.9430667711220924,0.9437748583825479,0.9442418946607207,0.9448445221164277,0.9454622152585271,0.9463360250693021,0.9466976015427263,0.947722068217428,0.9484301554778836,0.9486109437145956,0.9490629143063758,0.9496806074484754,0.9579516692780523,0.9584187055562251,0.9600909967458118,0.9608292153790526,0.9607689526334819,0.9611003977341208,0.9612058575388694,0.9613565144027962,0.9613715800891889,0.9615222369531156,0.9617180908762203,0.9618386163673617,0.9628178859828854,0.9630137399059902,0.9630438712787754,0.9632095938290949,0.9632246595154875,0.9634205134385923,0.963480776184163,0.9634657104977703,0.9636013016753043,0.9636766301072677,0.9638423526575871,0.9641135350126552,0.9643093889357599,0.964580571290828,0.9646709654091841,0.9650024105098228,0.9652434614921056,0.9655447752199591,0.965589972279137,0.9659515487525612,0.9666445703266241,0.9670061468000483,0.9670965409184042,0.9673677232734723,0.9678196938652525,0.9680155477883572,0.9682716644570326,0.9683620585753887,0.9696577076051585,0.9698987585874412,0.9700795468241533,0.9703356634928287,0.9705164517295408,0.9707424370254308,0.971013619380499,0.9710738821260697,0.9712998674219597,0.9714505242858865,0.9717217066409546,0.9717066409545619,0.9718572978184886,0.9719928889960227,0.972068217427986,0.9724448595878028,0.9727763046884416,0.9731830782210438,0.9732433409666145,0.9733036037121852,0.9734391948897192,0.9740568880318188,0.9744335301916355,0.9744937929372062,0.974644449801133,0.974734843919489,0.9749005664698084,0.9751416174520912,0.9755031939255152,0.9755785223574787,0.9756990478486199,0.9757141135350127,0.9759099674581174,0.9759702302036881,0.9761058213812221,0.9761962154995781,0.9764673978546463,0.9765427262866097,0.9768289743280704,0.9768892370736411,0.9769494998192118,0.9769946968783898,0.9772508135470652,0.9773864047245993,0.977627455706882,0.9776575870796673,0.9777781125708087,0.9778383753163794,0.9779438351211281,0.9781246233578402,0.9782150174761962,0.9782150174761962,0.9782150174761962,0.9782150174761962,0.9782150174761962,0.9782150174761962,0.9785313968904423,0.9806104616126311,0.9809569723996625,0.9810473665180186,0.9811226949499819,0.98116789200916,0.9812733518139086,0.9812884175003013,0.981303483186694,0.9813185488730867,0.981348680245872,0.981348680245872,0.981348680245872,0.981348680245872,0.981348680245872,0.9813637459322647,0.9813788116186574,0.9813788116186574,0.9813637459322647,0.9813637459322647,0.9813637459322647,0.9813637459322647,0.9813637459322647,0.9813637459322647,0.9813637459322647,0.9813637459322647,0.9813637459322647,0.9813637459322647,0.9813788116186574,0.9813788116186574,0.9813788116186574,0.9813788116186574,0.9813788116186574,0.9813788116186574,0.9813788116186574,0.9813788116186574,0.9813788116186574,0.9814089429914427]],"auc_":[0.7559138477531642],"average_targets_":[[[ 0, 0, 0, 0, 0, 0, 0, 0, 0, 0, 0, 0, 0, 0, 0, 0, 0, 0, 0, 0.011068046509769449, 0, 0.021739130434782608, 0, 0.03508771929824561, 0, 0.013513513513513514, 0, 0.02349869451697128, 0.0196078431372549, 0.016129032258064516, 0, 0, 0.015544041450777202, 0, 0.010309278350515464, 0.004405286343612335, 0.00881057268722467, 0.006309148264984227, 0.014925373134328358, 0.01694915254237288, 0.005970149253731343, 0, 0.003125, 0.0025974025974025974, 0.01643835616438356, 0, 0.016042780748663103, 0, 0.04310344827586207, 0.06535947712418301 ]],[[ 0.01312722635120278, 0, 0, 0, 0, 0, 0, 0.0014378145219266715, 0.01867219917012448, 0.02080083203328133, 0.019650655021834062, 0.011711711711711712, 0.01721664275466284, 0.016786570743405275, 0.01680672268907563, 0.007462686567164179, 0, 0.07547169811320754, 0.00887812752219532, 0, 0, 0, 0, 0, 0, 0, 0, 0, 0, 0, 0, 0, 0, 0, 0, 0, 0, 0, 0.07990196078431372, 0, 0, 0, 0, 0, 0, 0, 0, 0, 0, 0.058075870160344156 ]],[[ 0.010227976206497456, 0, 0, 0.005552751135790005, 0, 0, 0.07142857142857142, 0.031914893617021274, 0, 0, 0.004728132387706856, 0.00985432733504713, 0.017111567419575632, 0.021660649819494584, 0.010009099181073703, 0.030346820809248554, 0.02287581699346405, 0.035830618892508145, 0.015414258188824663, 0.06382978723404255, 0.15789473684210525, 0.047619047619047616, 0.07526881720430108, 0.05687203791469194, 0.022222222222222223, 0.05555555555555555, 0.046242774566473986, 0.013888888888888888, 0.012658227848101266, 0.04736842105263158, 0.07643312101910828, 0, 0.044182621502209134, 0.003676470588235294, 0.02247191011235955, 0.0625, 0.0625, 0.021739130434782608, 0.054187192118226604, 0.05555555555555555, 0.00980392156862745, 0.06504065040650407, 0.029411764705882353, 0.05789473684210526, 0.019011406844106463, 0.04975124378109453, 0.012345679012345678, 0.2, 0, 0.04939354084465877 ]],[[ 0.009067952249770432, 0.004672897196261682, 0, 0.0037641154328732747, 0, 0, 0, 0, 0, 0, 0, 0.012987012987012988, 0, 0.09090909090909091, 0.03356677131127747, 0, 0.025246981339187707, 0.03137254901960784, 0, 0.00546448087431694, 0.023529411764705882, 0.009852216748768473, 0, 0.02977667493796526, 0.0186470078057242, 0, 0.006211180124223602, 0.062360801781737196, 0.0215633423180593, 0.011990407673860911, 0.021929824561403508, 0.022388059701492536, 0.01206140350877193, 0.03518518518518519, 0, 0.03360433604336043, 0, 0.016544117647058824, 0.023752969121140142, 0.1306532663316583, 0.026845637583892617, 0.10714285714285714, 0, 0.039473684210526314, 0, 0, 0.03683464885650678, 0, 0, 0.01703800786369594 ]],[[ 0.022988505747126436, 0.01848508571519867, 0.014214046822742474, 0.024415055951169887, 0.015748031496062992, 0.03492063492063492, 0.026455026455026454, 0, 0, 0, 0, 0, 0, 0, 0, 0, 0, 0, 0, 0.3333333333333333, 0, 0, 0, 0, 0, 0, 0, 0, 0, 0, 0, 0, 0, 0, 0, 0, 0, 0, 0, 0, 0, 0, 0, 0, 0, 0, 0, 0, 0, 0 ]],[[ 0.018554702291695067, 0.011111111111111112, 0.05263157894736842, 0.05128205128205128, 0, 0.08333333333333333, 0, 0, 0, 0, 0, 0, 0, 0, 0, 0, 0, 0, 0, 0, 0, 0, 0, 0, 0, 0, 0, 0, 0, 0, 0, 0, 0, 0, 0, 0, 0, 0, 0, 0, 0, 0, 0, 0, 0, 0, 0, 0, 0, 0 ]]],"cross_entropy_":[0.08334402124340028],"feature_correlations_":[[ 0.11977691085128145 ],[ 0.10784094536352638 ],[ 0.10046044622759828 ],[ 0.0776630547188803 ],[ 0.0009489510582173261 ],[ 0.006443205320625737 ]],