{"lambda_":0.0000000001,"learning_rate_":0.9,"scaler_":{"mean_":[1.2789335515071687,1.8475855563741856,2.4507302986134505,1.2028409559002182,1.66938075659855,193.78156257874852],"std_":[1.2789335515071687,1.8475855563741856,2.4507302986134505,1.2028409559002182,1.66938075659855,193.78156257874852]},"weights_":[ 0.3830227747270911, 0.22448624784011206, 0.2161428185100011, 0.17260212789865645, 0.15496537842029684, 0.020427916940024014, -4.1707938304173515 ]}