{"accuracy_":[],"accuracy_curves_":[],"auc_":[],"average_targets_":[],"cross_entropy_":[],"feature_correlations_":[[ 0.9999439345599371 ],[ 0.9999574298390369 ],[ 0.9999574871711514 ],[ 0.9998747013893601 ],[ 0.9998726814113047 ],[ 0.9999232897018622 ],[ 0.9999529656435181 ],[ 0.9999433412223255 ],[ 0.9529777511435086 ],[ 0.953896482510866 ]],"feature_densities_":[],"feature_importances_":[[ 0.9582268501488749 ],[ 0.008200797820994605 ],[ 0 ],[ 0.01951423401881795 ],[ 0 ],[ 0.0014448002817046275 ],[ 0 ],[ 0.012497895130950917 ],[ 0.00005394690861308167 ],[ 0.00006147569004383326 ]],"fpr_":[],"labels_":[],"mae_":[0.1629735451936722],"prediction_min_":[],"prediction_step_size_":[],"rmse_":[0.25590208909594475],"rsquared_":[0.9999657683015897],"tpr_":[]}