{"lambda_":0.0000000001,"learning_rate_":0.9,"scaler_":{"mean_":[0.8469946697839267,1.0291993955785892,15.74594438049156,0.8258518186388298,0.9750671492836082,1.5937711655717395,0.934176556706723,1.0116102626664063,1.2694691006770555,0.8988607018198033],"std_":[0.8469946697839267,1.0291993955785892,15.74594438049156,0.8258518186388298,0.9750671492836082,1.5937711655717395,0.934176556706723,1.0116102626664063,1.2694691006770555,0.8988607018198033]},"weights_":[ 0.32519828452688737, 0.26760809730854773, 0.24116689872692637, 0.21607885298122362, 0.2077971202638582, 0.16633590113892743, 0.20141893993447854, 0.2065653499722807, 0.20759772893374379, 0.12697970834590294, -4.563237802240813 ]}