{"lambda_":0.0000000001,"learning_rate_":0.9,"scaler_":{"mean_":[1.1127659330299566,1.5098371447438896,1.1423293155459804,2.6553290739458135,0.5203991624649469,193.78156257874852],"std_":[1.1127659330299566,1.5098371447438896,1.1423293155459804,2.6553290739458135,0.5203991624649469,193.78156257874852]},"weights_":[ 0.541820151953749, 0.26667023292538944, 0.18975008216372202, 0.190643199320265, 0.03964578437999557, 0.029380667677214353, -4.280584520454919 ]}