{"lambda_":0.0000000001,"learning_rate_":0.9,"scaler_":{"std_":[2.0664160849894855,2.10912453984149,1.5101923731529312,0.840744825201078,2.6624759935746667,2.2489932017600607,0.7480942036003934,1.1683740079656983,1.07048752562695,193.78156257874852]},"weights_":[ -13.969479608226006, -8.660649190280772, -5.542730068639923, 3.2242492495192163, 2.5789947427184465, -9.420246425844185, -4.754574481989865, 25.311346995479905, 4.919505430613096, 2.0789804193122725, -70.45790965800447 ]}