{"lambda_":0.0000000001,"learning_rate_":0.9,"scaler_":{"mean_":[1.5043899415026172,0.9850140117217547,1.2315485489512272,1.4228269865682517,2.7164285749927704,1.3642466362238823,1.0286912300046012,2.6583415701294464,1.3694415403444267,2.4656569747807597],"std_":[1.5043899415026172,0.9850140117217547,1.2315485489512272,1.4228269865682517,2.7164285749927704,1.3642466362238823,1.0286912300046012,2.6583415701294464,1.3694415403444267,2.4656569747807597]},"weights_":[ 0.2868736003725846, 0.28125157856185706, 0.1790718308655303, 0.17888473424864865, 0.13998195424112544, 0.1626127244214887, 0.1382893884885694, 0.1169660948631044, 0.14544867266950923, 0.115637326033659, -4.299103631445192 ]}