{"lambda_":0.0000000001,"learning_rate_":0.9,"scaler_":{"mean_":[1.115245519044977,1.5098327308775812,1.142419770607079,2.655322164162183,0.5203853824328227,193.78156257874852],"std_":[1.115245519044977,1.5098327308775812,1.142419770607079,2.655322164162183,0.5203853824328227,193.78156257874852]},"weights_":[ 0.5405949921142797, 0.26659044810286664, 0.19081993855771734, 0.1906072912194531, 0.03961984025099335, 0.02941401435270932, -4.2800719975586885 ]}