{"accuracy_":[0.9814089429914427],"accuracy_curves_":[[0.1331957333976136,0.3729962637097746,0.6124653489212969,0.7532843196336025,0.8310232614197903,0.872423767626853,0.907617211040135,0.9316319151500543,0.9489725201880198,0.9555260937688321,0.9634205134385923,0.9652133301193202,0.9663583222851633,0.9680908762203206,0.97000421839219,0.9722339399783054,0.9724448595878028,0.9734693262625045,0.9741924792093528,0.9756990478486199,0.9764372664818609,0.976618054718573,0.9770700253103531,0.9772056164878872,0.9778233096299868,0.9780794262986622,0.9783355429673376,0.9791490900325419,0.9791942870917199,0.979284681210076,0.9794052067012173,0.9797969145474268,0.9799927684705315,0.9800530312161022,0.9802639508255996,0.9802790165119923,0.9801434253344582,0.9802187537664216,0.9802488851392069,0.980294082198385,0.9803242135711703,0.9806707243582018,0.9806255272990237,0.9806405929854164,0.980655658671809,0.9807460527901651,0.9807460527901651,0.9807460527901651,0.9807912498493432,0.9807912498493432,0.9807159214173797,0.9807159214173797,0.9807309871037725,0.9807761841629504,0.9808213812221285,0.9808364469085211,0.9808063155357358,0.9808063155357358,0.9807761841629504,0.9807611184765578,0.9807611184765578,0.9807611184765578,0.9807761841629504,0.9807912498493432,0.9808515125949139,0.9808515125949139,0.9808515125949139,0.9808665782813065,0.9808665782813065,0.9809268410268772,0.9809569723996625,0.9809419067132699,0.9809419067132699,0.9809117753404845,0.9808967096540918,0.9809117753404845,0.9809268410268772,0.9809268410268772,0.9809569723996625,0.9809871037724479,0.9809720380860552,0.9809871037724479,0.9809871037724479,0.9810021694588406,0.9810473665180186,0.9810473665180186,0.9810624322044112,0.9810774978908039,0.9810774978908039,0.9810925635771965,0.9811377606363746,0.9811377606363746,0.9811377606363746,0.9811377606363746,0.9811377606363746,0.9811377606363746,0.9811528263227672,0.98116789200916,0.98116789200916,0.98116789200916,0.98116789200916,0.98116789200916,0.9811829576955526,0.9811829576955526,0.9812130890683379,0.9812130890683379,0.9812130890683379,0.9811980233819453,0.9812130890683379,0.9812130890683379,0.9812130890683379,0.9812130890683379,0.9812130890683379,0.9812130890683379,0.9811980233819453,0.9811980233819453,0.9811980233819453,0.9811980233819453,0.9811980233819453,0.9812281547547306,0.9812281547547306,0.9812281547547306,0.9812281547547306,0.9812432204411233,0.9812432204411233,0.9812432204411233,0.9812432204411233,0.9812884175003013,0.9812884175003013,0.9812884175003013,0.9812884175003013,0.9812884175003013,0.9812884175003013,0.9812733518139086,0.9812733518139086,0.9812733518139086,0.981258286127516,0.981258286127516,0.981258286127516,0.981258286127516,0.981258286127516,0.981258286127516,0.981258286127516,0.981258286127516,0.981258286127516,0.9812733518139086,0.9812733518139086,0.9812733518139086,0.9812733518139086,0.9812733518139086,0.9812733518139086,0.9812733518139086,0.9812733518139086,0.9812733518139086,0.9812884175003013,0.9812884175003013,0.9812884175003013,0.9812884175003013,0.9812884175003013,0.9812884175003013,0.981348680245872,0.981348680245872,0.9813637459322647,0.9813637459322647,0.9813637459322647,0.9813637459322647,0.9813637459322647,0.9813637459322647,0.9813788116186574,0.98139387730505,0.98139387730505,0.98139387730505,0.98139387730505,0.98139387730505,0.98139387730505,0.98139387730505,0.98139387730505,0.98139387730505,0.98139387730505,0.98139387730505,0.98139387730505,0.98139387730505,0.98139387730505,0.98139387730505,0.98139387730505,0.9813788116186574,0.9813788116186574,0.9813788116186574,0.9813788116186574,0.9813788116186574,0.9813788116186574,0.9813788116186574,0.98139387730505,0.98139387730505,0.98139387730505,0.98139387730505,0.98139387730505,0.98139387730505,0.98139387730505,0.9814089429914427]],"auc_":[0.6619397036479863],"average_targets_":[[[ 0.006372906045156591, 0, 0, 0, 0, 0, 0, 0, 0.03125, 0.022222222222222223, 0.012448132780082987, 0.034764826175869123, 0.04060913705583756, 0.0196078431372549, 0.016574585635359115, 0.010727056019070322, 0.01580135440180587, 0.0024187975120939877, 0.024739080015461924, 0.007972665148063782, 0.021396396396396396, 0.016791979949874688, 0.02895529302756544, 0.02970808576595195, 0.028758542141230067, 0.014195583596214511, 0.012966601178781925, 0.020959290608625555, 0.019028871391076115, 0.016294508147254073, 0.022222222222222223, 0.02477291494632535, 0.001610305958132045, 0.02768729641693811, 0.04158004158004158, 0.0029498525073746312, 0.17857142857142858, 0.01, 0.016666666666666666, 0.0425531914893617, 0.125, 0, 0.0196078431372549, 0.2, 0, 0, 0, 0, 0, 0.1782312925170068 ]],[[ 0, 0, 0, 0.002702702702702703, 0.024534686971235193, 0.023973476154042335, 0.019663177059626762, 0.01278381046396841, 0.018115942028985508, 0.022448979591836733, 0.023809523809523808, 0.00686106346483705, 0.06201550387596899, 0.7142857142857143, 0.25, 0, 0.6, 0.8181818181818182, 0.6, 0.7272727272727273, 0.2, 0.75, 0.75, 1, 0.42857142857142855, 0, 0, 0.25, 0.4, 0, 1, 0.3333333333333333, 0.5, 0.4, 0.2, 0, 0.5, 0, 0, 0, 0.125, 0.5, 0, 0, 0, 0, 0, 0, 0, 0 ]],[[ 0.02839011356045424, 0, 0, 0, 0, 0, 0, 0.023809523809523808, 0.07792207792207792, 0, 0, 0.036734693877551024, 0.0009825112988799372, 0.011857707509881422, 0.007104795737122558, 0.010238907849829351, 0.01689545934530095, 0.015160022459292532, 0.023504273504273504, 0.013665202537823329, 0.017241379310344827, 0.01886284020479655, 0.015669205658324265, 0.014246575342465753, 0.02189421894218942, 0.035245335176226675, 0.01703255109765329, 0.03670886075949367, 0.026246719160104987, 0.027602070155261643, 0.00932642487046632, 0.029957203994293864, 0.03795066413662239, 0.02900763358778626, 0.11411411411411411, 0.019305019305019305, 0.038461538461538464, 0.007518796992481203, 0.01532567049808429, 0, 0, 0.0851063829787234, 0.06976744186046512, 0, 0, 0, 0, 0, 0, 0.08203677510608204 ]],[[ 0.012465021622996692, 0.017426394336985437, 0.019749403341288784, 0.005964214711729622, 0, 0.06666666666666667, 0.07692307692307693, 0.1724137931034483, 0.20833333333333334, 0.25, 0.17391304347826086, 0.3076923076923077, 0.28, 0.2, 0.23076923076923078, 0.25, 0.3448275862068966, 0, 0.16666666666666666, 0.5, 0, 0.5, 0.2, 1, 0.5714285714285714, 0, 0.42857142857142855, 0.5, 0, 0, 0, 0, 0, 0, 0, 0, 0, 0, 0, 0, 0, 0, 0, 0, 0, 0, 0, 0, 0, 0.5 ]],[[ 0.01639344262295082, 0.018483382348290802, 0.0218303946263644, 0.0202808112324493, 0.031201248049921998, 0, 0, 0, 0, 0, 0, 0, 0, 0, 0, 0, 0, 0, 0, 0.3333333333333333, 0, 0, 0, 0, 0, 0, 0, 0, 0, 0, 0, 0, 0, 0, 0, 0, 0, 0, 0, 0, 0, 0, 0, 0, 0, 0, 0, 0, 0 ]],[[ 0.018554702291695067, 0.011111111111111112, 0.05263157894736842, 0.05128205128205128, 0, 0.08333333333333333, 0, 0, 0, 0, 0, 0, 0, 0, 0, 0, 0, 0, 0, 0, 0, 0, 0, 0, 0, 0, 0, 0, 0, 0, 0, 0, 0, 0, 0, 0, 0, 0, 0, 0, 0, 0, 0, 0, 0, 0, 0, 0, 0, 0 ]]],"cross_entropy_":[0.08706911976682682],"feature_correlations_":[[ 0.08234938501124131 ],[ 0.06295471188418539 ],[ 0.05242478034596802 ],[ 0.09775978446632046 ],[ 0.000891323440256615 ],[ 0.006443205320625737 ]],