{"lambda_":0.0000000001,"learning_rate_":0.9,"scaler_":{"mean_":[1.033324275657293,1.2801207280119848,2.554492858152636,3.9745651191942035,0.5258436025614569,193.78156257874852],"std_":[1.033324275657293,1.2801207280119848,2.554492858152636,3.9745651191942035,0.5258436025614569,193.78156257874852]},"weights_":[ 0.5642912969657772, 0.48833715580860665, 0.12907583517203447, 0.09511086856319462, 0.039374769597539466, 0.01857122594559717, -4.344282742768835 ]}