{"accuracy_":[0.9814089429914427],"accuracy_curves_":[[0.07047728094491985,0.34193081836808487,0.6185669519103291,0.7489454019525129,0.8047788357237555,0.8270157888393396,0.8439646860310955,0.8565746655417621,0.8702995058454863,0.8869470893093889,0.9021634325659877,0.9176358924912619,0.9325659877063999,0.9430667711220924,0.9506448113776064,0.9561437869109317,0.9619440761721104,0.9662377967940219,0.9694618536820537,0.9721586115463421,0.975006026274557,0.9757141135350127,0.9761359527540074,0.9763920694226829,0.9767235145233217,0.9771754851151019,0.977491864529348,0.9777027841388454,0.9779739664939134,0.978320477280945,0.9784410027720863,0.9786368566951911,0.9787724478727251,0.9788025792455104,0.9787573821863325,0.9787724478727251,0.9788779076774737,0.979329878269254,0.9797818488610341,0.9798873086657828,0.9800379655297096,0.980384476316741,0.980429673375919,0.9806255272990237,0.9808665782813065,0.9808213812221285,0.9808364469085211,0.9808665782813065,0.9809268410268772,0.9810021694588406,0.9810021694588406,0.9810172351452332,0.9810323008316258,0.9810323008316258,0.9810473665180186,0.9810624322044112,0.9810473665180186,0.9810473665180186,0.9810473665180186,0.9810774978908039,0.9810774978908039,0.9811076292635893,0.9811980233819453,0.9811980233819453,0.9811980233819453,0.9812130890683379,0.9811829576955526,0.9811980233819453,0.9811980233819453,0.9812281547547306,0.9812281547547306,0.9812432204411233,0.981258286127516,0.9812432204411233,0.9812432204411233,0.981258286127516,0.981258286127516,0.981258286127516,0.981258286127516,0.981258286127516,0.9812884175003013,0.981303483186694,0.981303483186694,0.9813185488730867,0.9813185488730867,0.9813185488730867,0.9813336145594793,0.9813336145594793,0.981303483186694,0.981303483186694,0.981303483186694,0.9812884175003013,0.981303483186694,0.9811980233819453,0.9812130890683379,0.9812130890683379,0.9812130890683379,0.9812281547547306,0.9812281547547306,0.9812281547547306,0.9812281547547306,0.9812281547547306,0.9812432204411233,0.9812432204411233,0.981258286127516,0.981258286127516,0.981258286127516,0.9812733518139086,0.9812733518139086,0.9812733518139086,0.9812733518139086,0.9812733518139086,0.9812733518139086,0.9812733518139086,0.9812733518139086,0.9812733518139086,0.981303483186694,0.981303483186694,0.981303483186694,0.981303483186694,0.981303483186694,0.9813788116186574,0.9813788116186574,0.9813788116186574,0.9813788116186574,0.9813788116186574,0.98139387730505,0.9813788116186574,0.9813788116186574,0.9813788116186574,0.9813788116186574,0.9813788116186574,0.9813788116186574,0.9813788116186574,0.9813788116186574,0.9813788116186574,0.9813788116186574,0.9813788116186574,0.9813788116186574,0.9813788116186574,0.9813788116186574,0.9813788116186574,0.9813788116186574,0.9813788116186574,0.9813788116186574,0.9813788116186574,0.9813788116186574,0.9813788116186574,0.9813788116186574,0.9813788116186574,0.9813788116186574,0.9813788116186574,0.9813788116186574,0.9813788116186574,0.9813788116186574,0.9813788116186574,0.9813788116186574,0.9813788116186574,0.9813788116186574,0.9813788116186574,0.9813788116186574,0.9813788116186574,0.9813788116186574,0.9813788116186574,0.9813788116186574,0.9813788116186574,0.9813788116186574,0.9813788116186574,0.9813788116186574,0.9813788116186574,0.9813788116186574,0.9813788116186574,0.9813788116186574,0.98139387730505,0.98139387730505,0.98139387730505,0.98139387730505,0.98139387730505,0.98139387730505,0.98139387730505,0.98139387730505,0.98139387730505,0.98139387730505,0.98139387730505,0.98139387730505,0.98139387730505,0.98139387730505,0.98139387730505,0.98139387730505,0.98139387730505,0.98139387730505,0.98139387730505,0.98139387730505,0.98139387730505,0.98139387730505,0.98139387730505,0.98139387730505,0.98139387730505,0.98139387730505,0.9814089429914427]],"auc_":[0.7316378514220858],"average_targets_":[[[ 0, 0, 0, 0, 0, 0, 0, 0, 0, 0, 0, 0, 0, 0, 0, 0, 0, 0, 0, 0, 0, 0, 0, 0, 0, 0, 0, 0, 0, 0, 0, 0, 0, 0, 0, 0, 0.03663003663003663, 0.0019342359767891683, 0.011831985801617038, 0.009966777408637873, 0.0052044609665427505, 0.0014803849000740192, 0.007366482504604052, 0.004784688995215311, 0.009314140558848433, 0.001364256480218281, 0.010221465076660987, 0.003076923076923077, 0, 0.06617179215270413 ]],[[ 0.006403219904866447, 0, 0, 0, 0, 0, 0, 0, 0.056338028169014086, 0.008264462809917356, 0, 0.0015760441292356187, 0.04821802935010482, 0.006688963210702341, 0, 0.03451776649746193, 0.011753183153770812, 0.02008520998174072, 0.015602836879432624, 0.02364164247200332, 0.0057027843005702785, 0.020865936358894107, 0.014768937589328252, 0.038033395176252316, 0.02197802197802198, 0.009735744089012517, 0.027349038721906308, 0.02103622906116089, 0.034164358264081256, 0.026573426573426574, 0.0034129692832764505, 0.020104244229337303, 0.013640238704177323, 0.009845288326300985, 0.08656716417910448, 0.011764705882352941, 0.021551724137931036, 0.11737089201877934, 0.01606425702811245, 0.04216867469879518, 0, 0.011111111111111112, 0.017241379310344827, 0, 0.3125, 0.28205128205128205, 0, 0, 0, 0.2 ]],[[ 0.022906793048973143, 0.01899087693167008, 0.01730590510637229, 0.00885766646304215, 0.013605442176870748, 0.13793103448275862, 0.19230769230769232, 0.24324324324324326, 0.32432432432432434, 0.11538461538461539, 0.09090909090909091, 0.26666666666666666, 0.17391304347826086, 0.05263157894736842, 0.11764705882352941, 0.21052631578947367, 0.11538461538461539, 0.2, 0, 0.18181818181818182, 0, 0.5714285714285714, 0.3333333333333333, 0.2222222222222222, 0.6666666666666666, 0, 0, 0, 0, 0, 0.2, 0, 0, 0, 0, 0, 0, 0, 0, 0, 0, 0, 0, 0, 0, 0, 0, 0, 0, 0 ]],[[ 0.0158311345646438, 0.010340775558166862, 0.012653651482284888, 0.017998200179982, 0.035845766324355745, 0.043116883116883116, 0.0764371446620341, 0.042105263157894736, 0.04411764705882353, 0, 0, 0, 0, 1, 0, 0, 0, 0, 0, 0, 0, 0, 0, 0, 0, 0, 0, 0, 0, 0, 0, 0, 0, 0, 0, 0, 0, 0, 0, 0, 0, 0, 0, 0, 0, 0, 0, 0, 0, 0.018140589569160998 ]],[[ 0.018708371424840015, 0.011986301369863013, 0.021052631578947368, 0.022887323943661973, 0.03289473684210526, 0, 0, 0, 0, 0, 0, 0, 0, 0, 0, 0, 0, 0, 0, 0.3333333333333333, 0, 0, 0, 0, 0, 0, 0, 0, 0, 0, 0, 0, 0, 0, 0, 0, 0, 0, 0, 0, 0, 0, 0, 0, 0, 0, 0, 0, 0 ]],[[ 0.018554702291695067, 0.011111111111111112, 0.05263157894736842, 0.05128205128205128, 0, 0.08333333333333333, 0, 0, 0, 0, 0, 0, 0, 0, 0, 0, 0, 0, 0, 0, 0, 0, 0, 0, 0, 0, 0, 0, 0, 0, 0, 0, 0, 0, 0, 0, 0, 0, 0, 0, 0, 0, 0, 0, 0, 0, 0, 0, 0, 0 ]]],"cross_entropy_":[0.08419736859788568],"feature_correlations_":[[ 0.12368150353050654 ],[ 0.07791586919003918 ],[ 0.0751885636701243 ],[ 0.01951301106956019 ],[ 0.0010041340480105975 ],[ 0.006443205320625737 ]],"feature_densities_":[[ 1, 0, 0, 0, 0, 0, 0, 0, 0, 0, 0, 0, 0, 0, 0, 0, 4, 0, 0, 0, 0, 0, 0, 10, 16, 0, 6, 9, 0, 16, 65, 45, 37, 65, 143, 94, 273, 517, 45639, 1204, 1345, 1351, 1629, 1463, 1181, 733, 587, 325, 188, 9430 ],[ 5466, 0, 0, 5, 25, 58, 80, 50, 71, 121, 189, 10152, 477, 299, 485, 985, 1021, 1643, 2115, 2411, 2981, 3834, 4198, 4312, 5005, 2876, 3693, 2567, 2166, 2145, 1172, 1343, 1173, 711, 670, 425, 232, 213, 249, 166, 47, 90, 58, 22, 16, 39, 15, 0, 0, 305 ],[ 1266, 21484, 39813, 3274, 147, 29, 26, 37, 37, 26, 33, 30, 23, 19, 17, 19, 26, 10, 1, 11, 0, 14, 6, 9, 3, 1, 0, 5, 3, 0, 5, 0, 0, 0, 0, 0, 0, 0, 0, 0, 0, 0, 0, 1, 0, 0, 0, 0, 0, 1 ],[ 2274, 4255, 30426, 20002, 5161, 1925, 1583, 190, 68, 21, 6, 11, 9, 1, 0, 0, 1, 0, 0, 0, 2, 0, 0, 0, 0, 0, 0, 0, 0, 0, 0, 0, 0, 0, 0, 0, 0, 0, 0, 0, 0, 0, 0, 0, 0, 0, 0, 0, 0, 441 ],[ 61256, 2336, 1235, 568, 608, 116, 103, 87, 22, 2, 1, 9, 4, 3, 1, 1, 1, 0, 0, 3, 0, 4, 3, 0, 3, 0, 0, 0, 1, 0, 0, 0, 3, 0, 0, 1, 0, 0, 0, 0, 0, 0, 0, 0, 0, 0, 0, 4, 1 ],[ 66021, 180, 76, 39, 17, 12, 15, 2, 4, 0, 2, 1, 0, 1, 0, 0, 2, 0, 1, 0, 0, 0, 0, 0, 0, 0, 1, 0, 0, 0, 0, 0, 0, 0, 0, 0, 0, 0, 0, 0, 0, 0, 0, 0, 0, 0, 0, 0, 0, 2 ]],"feature_importances_":[[ 0.4227657480875473 ],[ 0.3658610793830683 ],[ 0.09670332027084154 ],[ 0.07125684502948124 ],[ 0.029499487258064415 ],[ 0.013913519970997207 ]],