{"lambda_":0.0000000001,"learning_rate_":0.9,"scaler_":{"std_":[18.19084101246343,2.5695540770364365,1.6154585943846902,1.1331587605649627,1.3711068266413704,1.056190034323303,1.1406009169212497,1.2399161407904833,1.1588712514947874,193.78156257874852]},"weights_":[ 11.431829370369968, -0.1448956478912482, 11.337048179182146, 20.702415152647944, 6.751930794336392, 8.709523405510685, 0.7468012875704357, -0.5935006456756575, 0.8764943829518455, -27.617226596847246, -76.79616624063851 ]}