{"lambda_":0.0000000001,"learning_rate_":0.9,"scaler_":{"mean_":[1.3372414672968072,1.2821981826008046,1.537833685347904,105.0535037204496,0.6053548515092354,193.78156257874852],"std_":[1.3372414672968072,1.2821981826008046,1.537833685347904,105.0535037204496,0.6053548515092354,193.78156257874852]},"weights_":[ 0.5233120336400364, 0.37232773410793185, 0.2000756402620567, 0.13080422422689705, 0.04240306209505729, 0.015896892038167285, -4.273176405287888 ]}