{"accuracy_":[0.9814089429914427],"accuracy_curves_":[[0.05413101120887068,0.2658641677714837,0.494395564661926,0.6289472098348801,0.7196727732915512,0.7893666385440521,0.8378781487284561,0.8738550078341569,0.9000241050982283,0.9181330601422201,0.9329426298662167,0.942946245630951,0.9518651319754128,0.9579366035916597,0.9624261781366759,0.9660118114981319,0.9688290948535615,0.971239604676389,0.972851633120405,0.9742527419549235,0.9754278654935519,0.9762715439315415,0.9768892370736411,0.977582258647704,0.9780342292394841,0.9784259370856936,0.9786368566951911,0.9787573821863325,0.9789833674822225,0.9790737616005786,0.9793750753284319,0.9792093527781126,0.9792093527781126,0.9791792214053272,0.979510666505966,0.979691454742678,0.9797517174882487,0.9797667831746414,0.9798421116066048,0.9799325057249608,0.9799626370977462,0.9801886223936362,0.9802036880800289,0.9804748704350971,0.9805803302398457,0.980520067494275,0.9806255272990237,0.9807611184765578,0.9808515125949139,0.9808364469085211,0.9808816439676992,0.9808515125949139,0.9808665782813065,0.9808665782813065,0.9808967096540918,0.9808665782813065,0.9809117753404845,0.9809720380860552,0.9809569723996625,0.9809720380860552,0.9809720380860552,0.9809720380860552,0.9809268410268772,0.9809268410268772,0.9809569723996625,0.9809419067132699,0.9809419067132699,0.9809419067132699,0.9809268410268772,0.9809569723996625,0.9809569723996625,0.9809720380860552,0.9810774978908039,0.9810925635771965,0.9810624322044112,0.9810624322044112,0.9810624322044112,0.9810624322044112,0.9810624322044112,0.9810624322044112,0.9810624322044112,0.9810774978908039,0.9810925635771965,0.9810925635771965,0.9810925635771965,0.9810925635771965,0.9810925635771965,0.9810473665180186,0.9810473665180186,0.9810473665180186,0.9811076292635893,0.9811076292635893,0.9811076292635893,0.9811076292635893,0.9811076292635893,0.9811076292635893,0.9811076292635893,0.9811076292635893,0.9811076292635893,0.9811076292635893,0.9811226949499819,0.9810925635771965,0.9811226949499819,0.9811226949499819,0.9811528263227672,0.9811528263227672,0.9811528263227672,0.9811377606363746,0.9811528263227672,0.9811528263227672,0.9811377606363746,0.9811377606363746,0.9811377606363746,0.9811528263227672,0.9811980233819453,0.98116789200916,0.98116789200916,0.98116789200916,0.98116789200916,0.98116789200916,0.98116789200916,0.98116789200916,0.98116789200916,0.98116789200916,0.98116789200916,0.98116789200916,0.98116789200916,0.98116789200916,0.98116789200916,0.98116789200916,0.98116789200916,0.98116789200916,0.98116789200916,0.98116789200916,0.9811829576955526,0.9811829576955526,0.9811829576955526,0.9811980233819453,0.9811980233819453,0.9811980233819453,0.9812281547547306,0.9812281547547306,0.9812281547547306,0.981258286127516,0.981258286127516,0.981258286127516,0.981258286127516,0.981258286127516,0.981258286127516,0.981258286127516,0.981258286127516,0.981258286127516,0.981258286127516,0.981258286127516,0.981258286127516,0.9813185488730867,0.9813185488730867,0.9813185488730867,0.9813185488730867,0.9813185488730867,0.9813185488730867,0.9813185488730867,0.9813185488730867,0.9813185488730867,0.981303483186694,0.981303483186694,0.981303483186694,0.981303483186694,0.981303483186694,0.9812884175003013,0.9812884175003013,0.9812884175003013,0.9812884175003013,0.9813336145594793,0.981348680245872,0.981348680245872,0.981348680245872,0.9813637459322647,0.9813788116186574,0.9813788116186574,0.9813788116186574,0.9813788116186574,0.9813788116186574,0.98139387730505,0.98139387730505,0.98139387730505,0.98139387730505,0.98139387730505,0.98139387730505,0.98139387730505,0.98139387730505,0.98139387730505,0.98139387730505,0.98139387730505,0.98139387730505,0.98139387730505,0.98139387730505,0.98139387730505,0.9814089429914427,0.9814089429914427]],"auc_":[0.6663123975962597],"average_targets_":[[[ 0, 0, 0, 0, 0, 0, 0, 0, 0, 0, 0, 0, 0, 0, 0, 0, 0, 0, 0, 0, 0, 0.25, 0.015151515151515152, 0.034722222222222224, 0, 0.0330188679245283, 0, 0.016736401673640166, 0.025956284153005466, 0.006705783738474434, 0.007897934386391251, 0.0071174377224199285, 0.011191047162270184, 0.008383233532934131, 0.016833926837164132, 0.009661159339120694, 0.011762908646501681, 0.012539184952978056, 0.01729067392784207, 0.014239098190447939, 0.023707606190319395, 0.02729528535980149, 0.039770004791566844, 0.04241719930273097, 0.05824561403508772, 0.09659090909090909, 0.07911392405063292, 0.058091286307053944, 0.0449438202247191, 0 ]],[[ 0, 0, 0, 0, 0, 0, 0, 0, 0, 0, 0, 0, 0, 0, 0, 0, 0, 0, 0, 0, 0, 0, 0, 0, 0.1, 0, 0, 0, 0, 0, 0.1111111111111111, 0, 0, 0, 0, 0.018518518518518517, 0, 0.011475869809203143, 0.02247191011235955, 0.07142857142857142, 0.003816793893129771, 0.06324110671936758, 0.03929273084479371, 0.013020833333333334, 0.025089605734767026, 0.024166666666666666, 0.02304147465437788, 0.015289620699794178, 0.024815724815724815, 0.03028554946639746 ]],[[ 0, 0.005050505050505051, 0.03587962962962963, 0.0187683284457478, 0.021618007577445954, 0.01721496169445696, 0.015683172002978408, 0.015832290362953694, 0.026347852573865366, 0.0169424743892829, 0.008083140877598153, 0.03225806451612903, 0.03529411764705882, 0.25, 0, 0.6363636363636364, 0.8, 0.6, 0.7272727272727273, 0, 0.8, 0.6666666666666666, 1, 0.42857142857142855, 0, 0, 0.25, 0.5, 0, 0, 0.6, 0.25, 0.4, 0.2, 0, 0, 0.5, 0, 0, 0, 0.125, 0.5, 0, 0, 0, 0, 0, 0, 0, 0 ]],[[ 0, 0, 0, 0, 0, 0, 0, 0, 0, 0, 0, 0, 0.2, 0, 0, 0, 0.022857142857142857, 0.012189894443551412, 0.025152159565886924, 0, 0, 0, 0, 0, 0, 0, 0, 0, 0, 0, 0, 0, 0, 0, 0, 0, 0, 0, 0, 0, 0, 0, 0, 0, 0, 0.10344827586206896, 0, 0.09090909090909091, 0.07142857142857142, 0.11572052401746726 ]],[[ 0.01639344262295082, 0.018483382348290802, 0.0218303946263644, 0.021207177814029365, 0.029717682020802376, 0, 0, 0, 0, 0, 0, 0, 0, 0, 0, 0, 0, 0, 0, 0.3333333333333333, 0, 0, 0, 0, 0, 0, 0, 0, 0, 0, 0, 0, 0, 0, 0, 0, 0, 0, 0, 0, 0, 0, 0, 0, 0, 0, 0, 0, 0, 0 ]],[[ 0.018554702291695067, 0.011111111111111112, 0.05263157894736842, 0.05128205128205128, 0, 0.08333333333333333, 0, 0, 0, 0, 0, 0, 0, 0, 0, 0, 0, 0, 0, 0, 0, 0, 0, 0, 0, 0, 0, 0, 0, 0, 0, 0, 0, 0, 0, 0, 0, 0, 0, 0, 0, 0, 0, 0, 0, 0, 0, 0, 0, 0 ]]],"cross_entropy_":[0.08806220680617717],"feature_correlations_":[[ 0.07477914284679626 ],[ 0.05713975477277311 ],[ 0.05137265337726291 ],[ 0.06320113796466399 ],[ 0.0008985945755549561 ],[ 0.006443205320625737 ]],"feature_densities_":[[ 2, 0, 0, 0, 0, 7, 0, 3, 0, 2, 1, 3, 14, 5, 16, 7, 10, 27, 24, 25, 45, 60, 66, 144, 119, 212, 241, 478, 732, 1193, 1646, 2529, 3753, 5010, 6178, 7142, 6546, 6699, 7345, 3371, 3037, 2418, 2087, 1721, 1425, 1056, 632, 241, 89, 15 ],[ 2, 0, 0, 0, 0, 0, 0, 0, 0, 0, 0, 0, 0, 0, 0, 0, 2, 3, 0, 0, 0, 9, 0, 5, 10, 15, 0, 0, 15, 14, 9, 13, 12, 78, 0, 54, 71, 35640, 178, 42, 262, 253, 509, 384, 837, 1200, 1953, 3401, 4070, 17335 ],[ 37, 198, 864, 1705, 4487, 11095, 21488, 15980, 6566, 2538, 866, 341, 85, 4, 0, 11, 10, 5, 11, 4, 5, 3, 3, 7, 1, 1, 16, 4, 1, 0, 5, 4, 5, 5, 2, 0, 2, 3, 0, 0, 8, 2, 2, 1, 0, 0, 0, 0, 0, 1 ],[ 1, 0, 0, 0, 1, 1, 0, 1, 1, 0, 0, 0, 15, 59, 20, 39, 875, 37326, 27274, 34, 0, 0, 0, 0, 1, 0, 0, 0, 0, 0, 0, 0, 0, 0, 0, 7, 0, 9, 9, 0, 0, 3, 2, 3, 8, 29, 22, 66, 112, 458 ],[ 305, 63246, 1191, 613, 673, 106, 84, 91, 22, 2, 5, 5, 4, 3, 1, 1, 1, 0, 0, 3, 0, 4, 3, 0, 3, 0, 0, 0, 1, 0, 0, 0, 3, 0, 0, 1, 0, 0, 0, 0, 0, 0, 0, 0, 0, 0, 0, 4, 0, 1 ],[ 66021, 180, 76, 39, 17, 12, 15, 2, 4, 0, 2, 1, 0, 1, 0, 0, 2, 0, 1, 0, 0, 0, 0, 0, 0, 0, 1, 0, 0, 0, 0, 0, 0, 0, 0, 0, 0, 0, 0, 0, 0, 0, 0, 0, 0, 0, 0, 0, 0, 2 ]],"feature_importances_":[[ 0.40730390413683676 ],[ 0.28978989584041653 ],[ 0.15572275079282336 ],[ 0.10180746434325712 ],[ 0.03300312553208641 ],[ 0.012372859354579852 ]],"feature_names_":["FEATURE_1","FEATURE_2","FEATURE_3","FEATURE_4","FEATURE_5","COST"],