{"lambda_":0.0000000001,"learning_rate_":0.9,"scaler_":{"mean_":[1.0760012993464305,1.02353936632697,1.0087117889246884,1.1785934240656593,1.0818565679259666,0.9602420085672938,1.0972283795309723,1.0281255977335688,1.1957080513161136,1.2366251982969565],"std_":[1.0760012993464305,1.02353936632697,1.0087117889246884,1.1785934240656593,1.0818565679259666,0.9602420085672938,1.0972283795309723,1.0281255977335688,1.1957080513161136,1.2366251982969565]},"weights_":[ 0.29104974729070354, 0.23474002209110703, 0.22383788951370404, 0.19940867161316547, 0.21954499492135474, 0.16660888642087346, 0.19773196044412733, 0.19792492854445595, 0.16241432515860518, 0.12337878500614045, -4.527950409458315 ]}