{"lambda_":0.0000000001,"learning_rate_":0.9,"scaler_":{"mean_":[1.0430296240424095,1.0576312089771465,1.733827556001552,16.493121318694918,0.5493075091630433,193.78156257874852],"std_":[1.0430296240424095,1.0576312089771465,1.733827556001552,16.493121318694918,0.5493075091630433,193.78156257874852]},"weights_":[ 0.4859960847340825, 0.39993818931148434, 0.1526186960185857, 0.10380941238277491, 0.03313502364432728, 0.026503375637619835, -4.2821464587955615 ]}