{"accuracy_":[0.9815445341689767],"accuracy_curves_":[[0.39981318548873085,0.43038146317946246,0.7533445823791732,0.8705254911413765,0.8927021815113897,0.9204079787875136,0.9286037121851272,0.9328522357478607,0.9412890201277571,0.9453266240809931,0.9484000241050983,0.9521212486440882,0.9528444015909365,0.9531909123779679,0.9535524888513921,0.9536428829697481,0.9626220320597807,0.9630890683379535,0.9645203085452573,0.9651380016873569,0.9657406291430638,0.9666897673858021,0.9671266722911895,0.9672170664095456,0.9677895624924672,0.9681511389658913,0.9693262625045197,0.9695221164276244,0.9697029046643365,0.9701247438833314,0.9703055321200433,0.9706068458478968,0.9706369772206822,0.9744033988188502,0.9750662890201277,0.9752018801976619,0.9752169458840545,0.9753374713751959,0.9753977341207666,0.9754127998071592,0.9754881282391226,0.9755031939255152,0.975518259611908,0.9755333252983006,0.9755333252983006,0.9755634566710859,0.9755785223574787,0.9760455586356515,0.9765125949138243,0.9765427262866097,0.9765879233457876,0.9795407978787514,0.9796462576835001,0.9796613233698928,0.9798421116066048,0.9799626370977462,0.9800530312161022,0.9800831625888875,0.9800982282752803,0.980158491020851,0.980158491020851,0.9802338194528143,0.9802488851392069,0.980294082198385,0.9803091478847776,0.9803242135711703,0.9803995420031336,0.9803995420031336,0.9803995420031336,0.9804146076895264,0.980429673375919,0.9810774978908039,0.9811377606363746,0.9811377606363746,0.9811377606363746,0.9811980233819453,0.9812281547547306,0.9812281547547306,0.9812281547547306,0.9812281547547306,0.9812281547547306,0.9812432204411233,0.9812432204411233,0.9812432204411233,0.981258286127516,0.981258286127516,0.981258286127516,0.981258286127516,0.981258286127516,0.981258286127516,0.981258286127516,0.981258286127516,0.981258286127516,0.9812733518139086,0.9812884175003013,0.9812884175003013,0.9812884175003013,0.9812884175003013,0.9812884175003013,0.9812884175003013,0.9812884175003013,0.9812884175003013,0.981303483186694,0.981303483186694,0.981303483186694,0.981303483186694,0.981303483186694,0.981303483186694,0.981303483186694,0.981303483186694,0.98139387730505,0.9814541400506207,0.9814692057370134,0.9814993371097988,0.9815445341689767,0.9815445341689767,0.9813185488730867,0.9813185488730867,0.9812884175003013,0.9812884175003013,0.9812884175003013,0.981303483186694,0.981303483186694,0.981303483186694,0.981303483186694,0.981303483186694,0.981303483186694,0.981303483186694,0.981303483186694,0.981303483186694,0.981303483186694,0.981303483186694,0.981303483186694,0.981303483186694,0.981303483186694,0.981303483186694,0.981303483186694,0.981303483186694,0.981303483186694,0.981303483186694,0.981303483186694,0.981303483186694,0.981303483186694,0.981303483186694,0.981303483186694,0.981303483186694,0.9813788116186574,0.9814089429914427,0.9814089429914427,0.9814089429914427,0.9814089429914427,0.9814089429914427,0.9814089429914427,0.9814089429914427,0.98139387730505,0.98139387730505,0.98139387730505,0.98139387730505,0.98139387730505,0.98139387730505,0.98139387730505,0.98139387730505,0.98139387730505,0.98139387730505,0.98139387730505,0.98139387730505,0.98139387730505,0.98139387730505,0.98139387730505,0.98139387730505,0.98139387730505,0.98139387730505,0.98139387730505,0.98139387730505,0.98139387730505,0.98139387730505,0.98139387730505,0.98139387730505,0.98139387730505,0.98139387730505,0.98139387730505,0.98139387730505,0.98139387730505,0.98139387730505,0.98139387730505,0.98139387730505,0.98139387730505,0.98139387730505,0.98139387730505,0.98139387730505,0.98139387730505,0.98139387730505,0.98139387730505,0.98139387730505,0.98139387730505,0.98139387730505,0.98139387730505,0.98139387730505,0.98139387730505,0.9814089429914427]],"auc_":[0.7032205593793911],"average_targets_":[[[ 0.012339484492018361, 0, 0, 0, 0, 0, 0, 0, 0, 0, 0, 0, 0, 0, 0, 0, 0, 0, 0, 0, 0.0234676700663432, 0, 0, 0, 0, 0, 0, 0, 0, 0, 0, 0, 0, 0, 0, 0, 0, 0, 0, 0, 0, 0, 0, 0, 0, 0, 0, 0, 0, 0.13503649635036497 ]],[[ 0.013782961113581176, 0.02834008097165992, 0.005780346820809248, 0.03774367482372459, 0, 0.016483516483516484, 0.009708737864077669, 0.016338298894762134, 0, 0.05166051660516605, 0.015202702702702704, 0.0661764705882353, 0, 0, 0, 0, 0, 0, 0, 0.017854463615903975, 0, 0, 0, 0, 0, 0, 0, 0, 0, 0, 0, 0, 0, 0, 0, 0, 0, 0, 0, 0, 0, 0, 0, 0, 0, 0, 0, 0, 0, 0.147239263803681 ]],[[ 0.01622228553233564, 0.012099213551119177, 0.029069767441860465, 0.005780346820809248, 0.05714285714285714, 0.0927968851395198, 0.03803131991051454, 0, 0, 0, 0.047619047619047616, 0, 0, 0, 0.09302325581395349, 0, 0, 0, 0.2, 0, 0, 0, 0, 0, 0, 0, 0, 0, 0, 0, 0, 0, 0, 0, 0, 0, 0, 0, 0, 0, 0, 0, 0, 0, 0, 0, 0, 0, 0, 0 ]],[[ 0.01789549033643522, 0.013165266106442577, 0.022672064777327937, 0.020028612303290415, 0.018518518518518517, 0.0297029702970297, 0, 0, 0, 0, 0, 0, 0, 0, 0, 0, 0, 0, 0, 0, 0, 0, 0, 0, 0, 0, 0, 0, 0, 0, 0, 0, 0, 0, 0, 0, 0, 0, 0, 0, 0, 0, 0, 0, 0, 0, 0, 0, 0, 0.04612954186413902 ]],[[ 0.021834061135371178, 0.018565105244721842, 0.0038461538461538464, 0.03009259259259259, 0.031026252983293555, 0.03578528827037773, 0.005813953488372093, 0, 0, 0, 0, 0, 0, 0, 0, 0, 0, 0, 0, 0.3333333333333333, 0, 0, 0, 0, 0, 0, 0, 0, 0, 0, 0, 0, 0, 0, 0, 0, 0, 0, 0, 0, 0, 0, 0, 0, 0, 0, 0, 0, 0, 0 ]],[[ 0.018554702291695067, 0.011111111111111112, 0.05263157894736842, 0.05128205128205128, 0, 0.08333333333333333, 0, 0, 0, 0, 0, 0, 0, 0, 0, 0, 0, 0, 0, 0, 0, 0, 0, 0, 0, 0, 0, 0, 0, 0, 0, 0, 0, 0, 0, 0, 0, 0, 0, 0, 0, 0, 0, 0, 0, 0, 0, 0, 0, 0 ]]],"cross_entropy_":[0.08491465751994351],"feature_correlations_":[[ 0.14976903295599134 ],[ 0.035463851950940053 ],[ 0.06331159400032144 ],[ 0.045288751700271364 ],[ 0.0004991595752240358 ],[ 0.006443205320625737 ]],"feature_densities_":[[ 53811, 0, 0, 0, 0, 0, 0, 0, 0, 0, 0, 0, 0, 0, 0, 0, 0, 0, 0, 0, 10099, 0, 0, 0, 0, 0, 0, 0, 0, 0, 0, 0, 0, 0, 0, 0, 0, 0, 0, 0, 0, 0, 0, 0, 0, 0, 0, 0, 0, 2466 ],[ 29239, 247, 346, 4822, 55, 910, 206, 2081, 28, 271, 592, 272, 75, 56, 27, 0, 0, 0, 0, 26660, 0, 0, 0, 0, 0, 0, 0, 0, 0, 0, 0, 0, 0, 0, 0, 0, 0, 0, 0, 0, 0, 0, 0, 0, 0, 0, 0, 0, 0, 489 ],[ 59671, 1653, 860, 1038, 700, 1541, 447, 51, 14, 72, 168, 0, 73, 0, 43, 0, 25, 0, 15, 0, 0, 0, 0, 0, 0, 4, 0, 0, 0, 0, 0, 0, 0, 0, 0, 0, 0, 0, 0, 0, 0, 0, 0, 0, 0, 0, 0, 0, 0, 1 ],[ 50292, 10710, 1235, 699, 108, 101, 28, 2, 6, 5, 0, 0, 11, 6, 6, 1, 0, 0, 0, 0, 0, 0, 0, 0, 0, 1, 0, 0, 0, 0, 0, 0, 0, 0, 0, 0, 0, 0, 0, 0, 0, 0, 0, 0, 0, 0, 0, 0, 0, 3165 ],[ 229, 62806, 1040, 864, 419, 503, 172, 108, 164, 6, 23, 5, 7, 4, 1, 1, 1, 0, 0, 3, 0, 4, 3, 0, 3, 0, 0, 0, 1, 0, 0, 0, 3, 0, 0, 1, 0, 0, 0, 0, 0, 0, 0, 0, 0, 0, 0, 4, 0, 1 ],[ 66021, 180, 76, 39, 17, 12, 15, 2, 4, 0, 2, 1, 0, 1, 0, 0, 2, 0, 1, 0, 0, 0, 0, 0, 0, 0, 1, 0, 0, 0, 0, 0, 0, 0, 0, 0, 0, 0, 0, 0, 0, 0, 0, 0, 0, 0, 0, 0, 0, 2 ]],"feature_importances_":[[ 0.40432260288138866 ],[ 0.33272706256999346 ],[ 0.12697054639105104 ],[ 0.08636384764530905 ],[ 0.02756655748315584 ],[ 0.022049383029101872 ]],"feature_names_":["FEATURE_1","FEATURE_2","FEATURE_3","FEATURE_4","FEATURE_5","COST"],