{"lambda_":0.0000000001,"learning_rate_":0.9,"scaler_":{"mean_":[1.0778321536545972,1.361545755495897,1.7338275560015517,17.848204697191832,0.5709514767404068,193.78156257874852],"std_":[1.0778321536545972,1.361545755495897,1.7338275560015517,17.848204697191832,0.5709514767404068,193.78156257874852]},"weights_":[ 0.4647550980622573, 0.35455175113360116, 0.21351637830549428, 0.0916649584664453, 0.03326040703485485, 0.02519894005691757, -4.272234485440419 ]}