{"accuracy_":[0.9814089429914427],"accuracy_curves_":[[0.06671085934675183,0.2787754610100036,0.5341237796794022,0.6878389779438351,0.7662106785585151,0.8140442328552489,0.8557008557309871,0.8825479088827287,0.903986380619501,0.917952271905508,0.9285283837531638,0.9349614318428348,0.9397221887429191,0.9428106544534169,0.9452964927082078,0.947631674099072,0.9498764613715801,0.9514282270700253,0.9527841388453658,0.9549084006267325,0.9560081957333976,0.9574695673134868,0.9583735084970472,0.959895142822707,0.9617030251898276,0.9630288055923828,0.9642340605037966,0.965589972279137,0.9666144389538387,0.9696878389779439,0.9706520429070749,0.9714806556586718,0.9721284801735567,0.9727913703748343,0.9736199831264313,0.9741020850909967,0.9747047125467037,0.9751868145112691,0.9754579968663373,0.9757743762805834,0.976015427262866,0.9758497047125467,0.9760455586356515,0.9767235145233217,0.9769494998192118,0.9771001566831384,0.9773261419790286,0.9775671929613113,0.9778986380619501,0.9780643606122695,0.9784711341448716,0.978682053754369,0.9789381704230444,0.9791189586597565,0.9791942870917199,0.9793750753284319,0.9794504037603953,0.9798119802338194,0.9799023743521755,0.9801886223936362,0.9802488851392069,0.9802790165119923,0.980294082198385,0.9802036880800289,0.980520067494275,0.9805501988670604,0.9807460527901651,0.9807912498493432,0.9808213812221285,0.9809117753404845,0.9808665782813065,0.9808515125949139,0.9808665782813065,0.9808665782813065,0.9809117753404845,0.9808967096540918,0.9809419067132699,0.9809569723996625,0.9810624322044112,0.9810925635771965,0.9811528263227672,0.98116789200916,0.98116789200916,0.9811829576955526,0.9812130890683379,0.9812130890683379,0.9812130890683379,0.9812281547547306,0.9812432204411233,0.9812432204411233,0.9812432204411233,0.9812432204411233,0.9812733518139086,0.9812733518139086,0.9812733518139086,0.9812281547547306,0.9812281547547306,0.9812281547547306,0.9813185488730867,0.9813185488730867,0.9813185488730867,0.9813185488730867,0.9813185488730867,0.9813185488730867,0.981303483186694,0.981303483186694,0.981303483186694,0.9813185488730867,0.9813185488730867,0.9813185488730867,0.9813185488730867,0.9813185488730867,0.9813185488730867,0.9813185488730867,0.9813185488730867,0.9813185488730867,0.9813336145594793,0.9813336145594793,0.9813336145594793,0.9813336145594793,0.9813336145594793,0.9813336145594793,0.981348680245872,0.981348680245872,0.981348680245872,0.981348680245872,0.981348680245872,0.981348680245872,0.981348680245872,0.981348680245872,0.9813336145594793,0.9813336145594793,0.9813336145594793,0.9813336145594793,0.981348680245872,0.981348680245872,0.9813637459322647,0.9813637459322647,0.9813637459322647,0.9813637459322647,0.9813637459322647,0.9813637459322647,0.9813637459322647,0.9813637459322647,0.9813637459322647,0.9813637459322647,0.9813637459322647,0.9813637459322647,0.9813637459322647,0.9813637459322647,0.9813637459322647,0.9813637459322647,0.9813637459322647,0.9813637459322647,0.9813637459322647,0.9813637459322647,0.9813637459322647,0.9813637459322647,0.9813637459322647,0.9813637459322647,0.9813637459322647,0.9813637459322647,0.9813637459322647,0.9813637459322647,0.9813637459322647,0.9813637459322647,0.9813637459322647,0.9813637459322647,0.9813637459322647,0.9813637459322647,0.9813637459322647,0.9813637459322647,0.9813788116186574,0.98139387730505,0.98139387730505,0.98139387730505,0.98139387730505,0.98139387730505,0.98139387730505,0.98139387730505,0.98139387730505,0.98139387730505,0.98139387730505,0.98139387730505,0.98139387730505,0.98139387730505,0.98139387730505,0.98139387730505,0.98139387730505,0.98139387730505,0.98139387730505,0.98139387730505,0.98139387730505,0.98139387730505,0.98139387730505,0.98139387730505,0.98139387730505,0.98139387730505,0.98139387730505,0.9814089429914427]],"auc_":[0.6549158198568906],"average_targets_":[[[ 0.012964815741203936, 0.026537997587454766, 0.003289473684210526, 0.004232804232804233, 0.005763688760806916, 0.00315955766192733, 0.0030303030303030303, 0, 0, 0, 0, 0.09302325581395349, 0, 0, 0, 0, 0, 0, 0, 0, 0.02341665843296117, 0, 0, 0, 0, 0, 0.14285714285714285, 0, 0, 0, 0, 0, 0, 0, 0, 0, 0, 0, 0, 0, 0, 0, 0, 0, 0, 0, 0, 0, 0, 0.12827426810477657 ]],[[ 0.004310344827586207, 0, 0.02631578947368421, 0, 0.0023584905660377358, 0.01376720901126408, 0.007317073170731708, 0.01020408163265306, 0.022127659574468085, 0.015753199868723335, 0.014041514041514042, 0.04716440710330342, 0.019372398334934357, 0.012104128668545846, 0.014217252396166134, 0.013680154142581889, 0.019859613079952064, 0.0164716081491114, 0.013594344752582926, 0.02206851119894598, 0.016769144773616546, 0.018261504747991233, 0.018901890189018902, 0.014634146341463415, 0.027093596059113302, 0.016245487364620937, 0.03571428571428571, 0.019011406844106463, 0.006666666666666667, 0.037383177570093455, 0.0379746835443038, 0.030612244897959183, 0, 0, 0, 0, 0, 0, 0.125, 0, 0, 0, 0, 0, 0, 0, 0, 0, 0, 0 ]],[[ 0.01622228553233564, 0.012099213551119177, 0.029069767441860465, 0.005780346820809248, 0.05714285714285714, 0.0927968851395198, 0.03803131991051454, 0, 0, 0, 0.047619047619047616, 0, 0, 0, 0.09302325581395349, 0, 0, 0, 0.2, 0, 0, 0, 0, 0, 0, 0, 0, 0, 0, 0, 0, 0, 0, 0, 0, 0, 0, 0, 0, 0, 0, 0, 0, 0, 0, 0, 0, 0, 0, 0 ]],[[ 0.019027388592605984, 0.014218447050133875, 0.010494537090281772, 0.016107382550335572, 0.006024096385542169, 0.030927835051546393, 0.06060606060606061, 0, 0, 0, 0, 0, 0, 0, 0, 0, 0, 0, 0, 0, 0, 0, 0, 0, 0, 0, 0, 0, 0, 0, 0, 0, 0, 0, 0, 0, 0, 0, 0, 0, 0, 0, 0, 0, 0, 0, 0, 0, 0, 0.045092024539877304 ]],[[ 0.018715092922232748, 0.010820559062218215, 0.02617801047120419, 0.009538950715421303, 0.03238095238095238, 0.03289473684210526, 0, 0, 0, 0, 0, 0, 0, 0, 0, 0, 0, 0, 0, 0.3333333333333333, 0, 0, 0, 0, 0, 0, 0, 0, 0, 0, 0, 0, 0, 0, 0, 0, 0, 0, 0, 0, 0, 0, 0, 0, 0, 0, 0, 0, 0, 0 ]],[[ 0.018554702291695067, 0.011111111111111112, 0.05263157894736842, 0.05128205128205128, 0, 0.08333333333333333, 0, 0, 0, 0, 0, 0, 0, 0, 0, 0, 0, 0, 0, 0, 0, 0, 0, 0, 0, 0, 0, 0, 0, 0, 0, 0, 0, 0, 0, 0, 0, 0, 0, 0, 0, 0, 0, 0, 0, 0, 0, 0, 0, 0 ]]],"cross_entropy_":[0.08642516165858379],"feature_correlations_":[[ 0.1426567850572794 ],[ 0.003676143201084873 ],[ 0.06331159400032152 ],[ 0.04230937289499174 ],[ 0.0010780595580306997 ],[ 0.006443205320625737 ]],"feature_densities_":[[ 47976, 829, 1216, 945, 694, 633, 330, 210, 203, 113, 109, 43, 108, 88, 32, 8, 36, 12, 5, 10, 10121, 8, 11, 0, 16, 0, 7, 0, 0, 0, 0, 0, 9, 0, 0, 0, 0, 0, 3, 0, 0, 0, 0, 0, 0, 0, 0, 0, 5, 2596 ],[ 464, 21, 228, 250, 424, 799, 820, 1666, 2350, 3047, 3276, 5237, 6246, 6031, 6260, 5190, 5841, 4614, 3678, 3036, 1789, 1369, 1111, 410, 406, 554, 448, 263, 150, 107, 79, 98, 11, 41, 11, 12, 3, 8, 8, 5, 7, 2, 1, 2, 0, 0, 0, 0, 0, 3 ],[ 59671, 1653, 860, 1038, 700, 1541, 447, 51, 14, 72, 168, 0, 73, 0, 43, 0, 25, 0, 15, 0, 0, 0, 0, 0, 0, 4, 0, 0, 0, 0, 0, 0, 0, 0, 0, 0, 0, 0, 0, 0, 0, 0, 0, 0, 0, 0, 0, 0, 0, 1 ],[ 44252, 10831, 6956, 745, 166, 97, 33, 4, 4, 5, 0, 0, 4, 12, 2, 4, 0, 0, 0, 0, 0, 0, 0, 0, 0, 1, 0, 0, 0, 0, 0, 0, 0, 0, 0, 0, 0, 0, 0, 0, 0, 0, 0, 0, 0, 0, 0, 0, 0, 3260 ],[ 61234, 2218, 1146, 629, 525, 304, 87, 81, 85, 24, 1, 5, 8, 3, 1, 1, 1, 0, 0, 3, 0, 4, 3, 0, 3, 0, 0, 0, 1, 0, 0, 0, 3, 0, 0, 1, 0, 0, 0, 0, 0, 0, 0, 0, 0, 0, 0, 4, 0, 1 ],[ 66021, 180, 76, 39, 17, 12, 15, 2, 4, 0, 2, 1, 0, 1, 0, 0, 2, 0, 1, 0, 0, 0, 0, 0, 0, 0, 1, 0, 0, 0, 0, 0, 0, 0, 0, 0, 0, 0, 0, 0, 0, 0, 0, 0, 0, 0, 0, 0, 0, 2 ]],"feature_importances_":[[ 0.392878876766594 ],[ 0.29971891501949377 ],[ 0.18049522260151002 ],[ 0.07748860867004259 ],[ 0.028116553021443207 ],[ 0.021301823920916545 ]],"feature_names_":["FEATURE_1","FEATURE_2","FEATURE_3","FEATURE_4","FEATURE_5","COST"],