{"lambda_":0.0000000001,"learning_rate_":0.9,"scaler_":{"mean_":[0.9104808004037104,1.5787343229628532,0.8256031262576867,0.4527483552166946,0.9041747476839809,1.0855909205344778,0.8932555726588352,18.130787182685168,1.2561143751873551,0.7725966786250142],"std_":[0.9104808004037104,1.5787343229628532,0.8256031262576867,0.4527483552166946,0.9041747476839809,1.0855909205344778,0.8932555726588352,18.130787182685168,1.2561143751873551,0.7725966786250142]},"weights_":[ 0.2579697128535827, 0.21650684004864654, 0.23621099098254628, 0.2164762881684922, 0.19150206877841103, 0.1921732036686177, 0.17221087042145156, 0.12100397261667796, 0.11539614714621693, 0.12585669990454745, -4.425654900554903 ]}