{"lambda_":0.0000000001,"learning_rate_":0.9,"scaler_":{"mean_":[1.043029624042663,1.058621966923828,1.7338275560015513,16.498704024900935,0.5491708107281521,193.78156257874852],"std_":[1.043029624042663,1.058621966923828,1.7338275560015513,16.498704024900935,0.5491708107281521,193.78156257874852]},"weights_":[ 0.4855500061033122, 0.40264601489881796, 0.15235720048061896, 0.10331614397628751, 0.033076428699405844, 0.02644640118364509, -4.283404512832681 ]}