{"accuracy_":[0.9815445341689767],"accuracy_curves_":[[0.3996173315656261,0.43024587200192843,0.7530884657104978,0.8701940460407376,0.8886495118717609,0.9191876581897072,0.9283023984572737,0.9327317102567193,0.9410479691454743,0.9453718211401712,0.9469386525250091,0.9518350006026275,0.9526937447270097,0.9530251898276485,0.9534470290466434,0.9535374231649993,0.9625015065686393,0.9630890683379535,0.9643847173677232,0.9649120163914668,0.9656803663974931,0.9661624683620585,0.9669910811136555,0.9671568036639749,0.9672773291551163,0.9679703507291793,0.969220802699771,0.9695823791731951,0.9697330360371218,0.9701247438833314,0.970365794865614,0.9704411232975775,0.9706520429070749,0.9744485958780282,0.9748553694106303,0.9750964203929131,0.9752320115704471,0.9752772086296252,0.9753374713751959,0.9754127998071592,0.9754730625527299,0.9755031939255152,0.975518259611908,0.975518259611908,0.975518259611908,0.9755483909846933,0.9755634566710859,0.9762263468723635,0.9764975292274316,0.9765276606002169,0.9765728576593949,0.9796010606243221,0.9796311919971074,0.9797517174882487,0.9798270459202121,0.9799475714113535,0.9800680969024949,0.9800831625888875,0.9801283596480656,0.9801434253344582,0.9802187537664216,0.9802187537664216,0.9802790165119923,0.9802790165119923,0.9803091478847776,0.9803091478847776,0.980384476316741,0.980384476316741,0.980384476316741,0.9803995420031336,0.9809871037724479,0.9811226949499819,0.9811226949499819,0.9811226949499819,0.9811377606363746,0.9811829576955526,0.9812130890683379,0.9812130890683379,0.9812130890683379,0.9812130890683379,0.9812130890683379,0.9812281547547306,0.9812281547547306,0.9812281547547306,0.981258286127516,0.981258286127516,0.981258286127516,0.981258286127516,0.981258286127516,0.981258286127516,0.981258286127516,0.981258286127516,0.981258286127516,0.9812884175003013,0.9812884175003013,0.9812884175003013,0.9812884175003013,0.9812884175003013,0.9812884175003013,0.9812884175003013,0.9812884175003013,0.9812884175003013,0.9812884175003013,0.9812884175003013,0.9812884175003013,0.981303483186694,0.981303483186694,0.981303483186694,0.981303483186694,0.981303483186694,0.9812130890683379,0.9814541400506207,0.9814692057370134,0.9814692057370134,0.9815445341689767,0.9815445341689767,0.9813185488730867,0.9813185488730867,0.9812884175003013,0.9812884175003013,0.9812884175003013,0.9812884175003013,0.981303483186694,0.981303483186694,0.981303483186694,0.981303483186694,0.981303483186694,0.981303483186694,0.981303483186694,0.981303483186694,0.981303483186694,0.981303483186694,0.981303483186694,0.981303483186694,0.981303483186694,0.981303483186694,0.981303483186694,0.981303483186694,0.981303483186694,0.981303483186694,0.981303483186694,0.981303483186694,0.981303483186694,0.981303483186694,0.981303483186694,0.981303483186694,0.9813637459322647,0.98139387730505,0.9814089429914427,0.9814089429914427,0.9814089429914427,0.9814089429914427,0.9814089429914427,0.9814089429914427,0.98139387730505,0.98139387730505,0.98139387730505,0.98139387730505,0.98139387730505,0.98139387730505,0.98139387730505,0.98139387730505,0.98139387730505,0.98139387730505,0.98139387730505,0.98139387730505,0.98139387730505,0.98139387730505,0.98139387730505,0.98139387730505,0.98139387730505,0.98139387730505,0.98139387730505,0.98139387730505,0.98139387730505,0.98139387730505,0.98139387730505,0.98139387730505,0.98139387730505,0.98139387730505,0.98139387730505,0.98139387730505,0.98139387730505,0.98139387730505,0.98139387730505,0.98139387730505,0.98139387730505,0.98139387730505,0.98139387730505,0.98139387730505,0.98139387730505,0.98139387730505,0.98139387730505,0.98139387730505,0.98139387730505,0.98139387730505,0.98139387730505,0.98139387730505,0.98139387730505,0.9814089429914427]],"auc_":[0.7031182893454239],"average_targets_":[[[ 0.012339484492018361, 0, 0, 0, 0, 0, 0, 0, 0, 0, 0, 0, 0, 0, 0, 0, 0, 0, 0, 0, 0.0234676700663432, 0, 0, 0, 0, 0, 0, 0, 0, 0, 0, 0, 0, 0, 0, 0, 0, 0, 0, 0, 0, 0, 0, 0, 0, 0, 0, 0, 0, 0.13503649635036497 ]],[[ 0.013773539765542226, 0.02, 0.0036496350364963502, 0.03990191707534552, 0.0076726342710997444, 0.017758046614872364, 0, 0.022813688212927757, 0.01784718349135527, 0, 0.05, 0.018145161290322582, 0, 0.08900523560209424, 0, 0, 0, 0, 0, 0.017854463615903975, 0, 0, 0, 0, 0, 0, 0, 0, 0, 0, 0, 0, 0, 0, 0, 0, 0, 0, 0, 0, 0, 0, 0, 0, 0, 0, 0, 0, 0, 0.14285714285714285 ]],[[ 0.01622228553233564, 0.012099213551119177, 0.029069767441860465, 0.005780346820809248, 0.05714285714285714, 0.0927968851395198, 0.03803131991051454, 0, 0, 0, 0.047619047619047616, 0, 0, 0, 0.09302325581395349, 0, 0, 0, 0.2, 0, 0, 0, 0, 0, 0, 0, 0, 0, 0, 0, 0, 0, 0, 0, 0, 0, 0, 0, 0, 0, 0, 0, 0, 0, 0, 0, 0, 0, 0, 0 ]],[[ 0.017907240494239838, 0.01312482546774644, 0.022672064777327937, 0.020028612303290415, 0.018518518518518517, 0.0297029702970297, 0, 0, 0, 0, 0, 0, 0, 0, 0, 0, 0, 0, 0, 0, 0, 0, 0, 0, 0, 0, 0, 0, 0, 0, 0, 0, 0, 0, 0, 0, 0, 0, 0, 0, 0, 0, 0, 0, 0, 0, 0, 0, 0, 0.04612954186413902 ]],[[ 0.021834061135371178, 0.018536227726243984, 0.0055147058823529415, 0.03068181818181818, 0.03125, 0.03557312252964427, 0.005813953488372093, 0, 0, 0, 0, 0, 0, 0, 0, 0, 0, 0, 0, 0.3333333333333333, 0, 0, 0, 0, 0, 0, 0, 0, 0, 0, 0, 0, 0, 0, 0, 0, 0, 0, 0, 0, 0, 0, 0, 0, 0, 0, 0, 0, 0 ]],[[ 0.018554702291695067, 0.011111111111111112, 0.05263157894736842, 0.05128205128205128, 0, 0.08333333333333333, 0, 0, 0, 0, 0, 0, 0, 0, 0, 0, 0, 0, 0, 0, 0, 0, 0, 0, 0, 0, 0, 0, 0, 0, 0, 0, 0, 0, 0, 0, 0, 0, 0, 0, 0, 0, 0, 0, 0, 0, 0, 0, 0, 0 ]]],"cross_entropy_":[0.08492618933414837],"feature_correlations_":[[ 0.1497690329559908 ],[ 0.03580094857718766 ],[ 0.06331159400032187 ],[ 0.04528770857594041 ],[ 0.0004986001497665144 ],[ 0.006443205320625737 ]],"feature_densities_":[[ 53811, 0, 0, 0, 0, 0, 0, 0, 0, 0, 0, 0, 0, 0, 0, 0, 0, 0, 0, 0, 10099, 0, 0, 0, 0, 0, 0, 0, 0, 0, 0, 0, 0, 0, 0, 0, 0, 0, 0, 0, 0, 0, 0, 0, 0, 0, 0, 0, 0, 2466 ],[ 29259, 400, 548, 4486, 391, 901, 56, 263, 1793, 29, 220, 496, 57, 191, 72, 48, 2, 0, 0, 26660, 0, 0, 0, 0, 0, 0, 0, 0, 0, 0, 0, 0, 0, 0, 0, 0, 0, 0, 0, 0, 0, 0, 0, 0, 0, 0, 0, 0, 0, 504 ],[ 59671, 1653, 860, 1038, 700, 1541, 447, 51, 14, 72, 168, 0, 73, 0, 43, 0, 25, 0, 15, 0, 0, 0, 0, 0, 0, 4, 0, 0, 0, 0, 0, 0, 0, 0, 0, 0, 0, 0, 0, 0, 0, 0, 0, 0, 0, 0, 0, 0, 0, 1 ],[ 50259, 10743, 1235, 699, 108, 101, 28, 2, 6, 5, 0, 0, 11, 6, 6, 1, 0, 0, 0, 0, 0, 0, 0, 0, 0, 1, 0, 0, 0, 0, 0, 0, 0, 0, 0, 0, 0, 0, 0, 0, 0, 0, 0, 0, 0, 0, 0, 0, 0, 3165 ],[ 229, 62742, 1088, 880, 416, 506, 172, 108, 164, 6, 23, 5, 7, 4, 1, 1, 1, 0, 0, 3, 0, 4, 3, 0, 3, 0, 0, 0, 1, 0, 0, 0, 3, 0, 0, 1, 0, 0, 0, 0, 0, 0, 0, 0, 0, 0, 0, 4, 1 ],[ 66021, 180, 76, 39, 17, 12, 15, 2, 4, 0, 2, 1, 0, 1, 0, 0, 2, 0, 1, 0, 0, 0, 0, 0, 0, 0, 1, 0, 0, 0, 0, 0, 0, 0, 0, 0, 0, 0, 0, 0, 0, 0, 0, 0, 0, 0, 0, 0, 0, 2 ]],"feature_importances_":[[ 0.40348442343461033 ],[ 0.3345925097880147 ],[ 0.12660643892352025 ],[ 0.08585409177173356 ],[ 0.02748599237009612 ],[ 0.02197654371202498 ]],"feature_names_":["FEATURE_1","FEATURE_2","FEATURE_3","FEATURE_4","FEATURE_5","COST"],