{"lambda_":0.0000000001,"learning_rate_":0.9,"scaler_":{"mean_":[0.8618584340006686,0.9836607896467535,1.020168993418554,0.9519898915506098,0.9279343522177431,0.7806819203209667,0.7446814528151509,0.7001742302656981,0.9698982556239185,0.8300431330748101],"std_":[0.8618584340006686,0.9836607896467535,1.020168993418554,0.9519898915506098,0.9279343522177431,0.7806819203209667,0.7446814528151509,0.7001742302656981,0.9698982556239185,0.8300431330748101]},"weights_":[ 0.2641986834818307, 0.23193130074730287, 0.21810407441241525, 0.23300135627790763, 0.2105449251677308, 0.2303471566047276, 0.1888247423662296, 0.17921446364168836, 0.18230133525304376, 0.13259921358306623, -4.541587574368273 ]}