{"lambda_":0.0000000001,"learning_rate_":0.9,"scaler_":{"mean_":[1.069222930059847,1.346258188048839,1.733827556001552,17.920085297749594,0.574159127308205,193.78156257874852],"std_":[1.069222930059847,1.346258188048839,1.733827556001552,17.920085297749594,0.574159127308205,193.78156257874852]},"weights_":[ 0.47196197839495163, 0.363709014873101, 0.21250331892794974, 0.08403179568070918, 0.0346136168183793, 0.025892442723618386, -4.281011369514707 ]}