{"lambda_":0.0000000001,"learning_rate_":0.9,"scaler_":{"mean_":[1.3604728286573518,1.4727408569127545,0.6915969897749323,1.3237595315300597,0.5014630237237475,193.78156257874852],"std_":[1.3604728286573518,1.4727408569127545,0.6915969897749323,1.3237595315300597,0.5014630237237475,193.78156257874852]},"weights_":[ 0.48347241186504036, 0.2796724039617337, 0.1947181922869859, 0.093642366135887, 0.04173084512353759, 0.022950795090018586, -4.2466475530248315 ]}