{"accuracy_":[0.9814089429914427],"accuracy_curves_":[[0.06868446426419188,0.2850879836085332,0.5371218512715439,0.6980384476316741,0.7882517777509943,0.8446577076051585,0.8781185970832831,0.8989996384235266,0.9133271061829576,0.9252741954923467,0.9344642641918766,0.9431872966132337,0.9487766662649151,0.9544564300349524,0.9587953477160419,0.9618988791129324,0.9642039291310112,0.9660720742437026,0.9673677232734723,0.9681812703386766,0.9687838977943836,0.9696878389779439,0.9706369772206822,0.9711793419308183,0.9715258527178499,0.971842232132096,0.9722640713510907,0.9727009762564782,0.9736049174400385,0.9740267566590334,0.9746143184283476,0.9752470772568398,0.9754127998071592,0.975744244907798,0.9763167409907195,0.9768289743280704,0.9771152223695312,0.9776575870796673,0.9778986380619501,0.9780944919850548,0.9781999517898036,0.9783355429673376,0.978546462576835,0.9786217910087983,0.9789231047366518,0.9791340243461492,0.97942027238761,0.9796161263107147,0.9797517174882487,0.9799325057249608,0.9800982282752803,0.9802338194528143,0.9803392792575629,0.9803694106303483,0.9804598047487043,0.9804447390623117,0.9807159214173797,0.9807309871037725,0.9807460527901651,0.9807460527901651,0.9807611184765578,0.9808515125949139,0.9808816439676992,0.9808967096540918,0.9809268410268772,0.9809419067132699,0.9810021694588406,0.9810021694588406,0.9810021694588406,0.9810323008316258,0.9810473665180186,0.9810624322044112,0.9810774978908039,0.9810774978908039,0.9811076292635893,0.9811076292635893,0.9811076292635893,0.9811076292635893,0.9811076292635893,0.9811076292635893,0.9811076292635893,0.9811076292635893,0.9811076292635893,0.9811076292635893,0.9811076292635893,0.9811076292635893,0.9811076292635893,0.9811226949499819,0.9811226949499819,0.9811377606363746,0.9811377606363746,0.9811377606363746,0.9811528263227672,0.9811528263227672,0.9811528263227672,0.9811528263227672,0.9811528263227672,0.9811528263227672,0.9811829576955526,0.9811829576955526,0.9811829576955526,0.9811829576955526,0.9811829576955526,0.9811829576955526,0.9811829576955526,0.9811829576955526,0.9811829576955526,0.9811829576955526,0.9811829576955526,0.9811829576955526,0.9811829576955526,0.9811829576955526,0.9811980233819453,0.9811980233819453,0.9812130890683379,0.9812130890683379,0.9812130890683379,0.9812281547547306,0.9812281547547306,0.9812281547547306,0.9812432204411233,0.9812432204411233,0.9812432204411233,0.9812432204411233,0.9812432204411233,0.9812432204411233,0.981258286127516,0.981258286127516,0.981258286127516,0.981258286127516,0.981258286127516,0.981258286127516,0.981258286127516,0.981258286127516,0.981258286127516,0.981258286127516,0.981258286127516,0.981258286127516,0.981258286127516,0.981258286127516,0.981258286127516,0.9812733518139086,0.9812733518139086,0.9812733518139086,0.9812884175003013,0.9812884175003013,0.9812884175003013,0.9812884175003013,0.9812884175003013,0.9812884175003013,0.9812884175003013,0.9812884175003013,0.9812884175003013,0.9812884175003013,0.9812884175003013,0.9812884175003013,0.9812884175003013,0.9812884175003013,0.9812884175003013,0.981303483186694,0.981303483186694,0.981303483186694,0.981303483186694,0.981303483186694,0.981303483186694,0.981303483186694,0.981303483186694,0.981303483186694,0.981303483186694,0.981303483186694,0.981303483186694,0.981303483186694,0.981303483186694,0.981303483186694,0.981303483186694,0.9813185488730867,0.9813185488730867,0.9813185488730867,0.9813637459322647,0.9813637459322647,0.9813637459322647,0.9813637459322647,0.9813637459322647,0.9813637459322647,0.9813788116186574,0.9813788116186574,0.9813788116186574,0.9813788116186574,0.98139387730505,0.98139387730505,0.98139387730505,0.98139387730505,0.98139387730505,0.98139387730505,0.98139387730505,0.98139387730505,0.98139387730505,0.98139387730505,0.9814089429914427,0.9814089429914427]],"auc_":[0.7051822879696017],"average_targets_":[[[ 0.00149812734082397, 0.010101010101010102, 0.013679890560875513, 0.01192368839427663, 0.012345679012345678, 0.0061592608886933565, 0.0022988505747126436, 0.003694231315714692, 0.01077985514569648, 0.010899182561307902, 0.017536168347216132, 0.012864354339684091, 0.01584760685128862, 0.018689484350371537, 0.04036757466360354, 0.019127773527161437, 0.01899171270718232, 0.025946704067321177, 0.02492401215805471, 0.023446658851113716, 0.022286821705426358, 0.04294478527607362, 0.07849829351535836, 0.014245014245014245, 0.0125, 0.03278688524590164, 0.10506389020350212, 0, 0, 0, 0.008333333333333333, 0, 0.6190476190476191, 0.07692307692307693, 0, 0, 0.07692307692307693, 0.25, 0, 0, 0, 0, 0, 0, 0, 0, 0, 0, 0, 0 ]],[[ 0.00546448087431694, 0, 0, 0, 0, 0.009345794392523364, 0.016666666666666666, 0.015151515151515152, 0.0049504950495049506, 0.0110803324099723, 0.0057273768613974796, 0.0029910269192422734, 0.008274984086569064, 0.004081632653061225, 0.010283577438454348, 0.01273532668881506, 0.01703225806451613, 0.019230769230769232, 0.012685443990539669, 0.02371062651436483, 0.013313917204077387, 0.008913412563667233, 0.02275568892223056, 0.021455223880597014, 0.02288488210818308, 0.018002117896223083, 0.017722473604826545, 0.019806540764624597, 0.021156558533145273, 0.02181500872600349, 0.038033395176252316, 0.017112299465240642, 0.033807829181494664, 0.03367875647668394, 0.03139013452914798, 0.015228426395939087, 0.006993006993006993, 0.14216163583252192, 0, 0, 0, 0, 0, 0, 0.05555555555555555, 0, 0, 0, 0, 0.016129032258064516 ]],[[ 0.019713745611666215, 0, 0, 0, 0, 0, 0.015368160324251295, 0, 0, 0, 0, 0, 0, 0, 0, 0, 0, 0, 0, 0, 0, 0, 0, 0, 0, 0, 0, 0, 0, 0, 0, 0, 0, 0, 0, 0, 0, 0, 0, 0, 0, 0, 0, 0, 0, 0, 0, 0, 0, 0.09924050632911392 ]],[[ 0.017857142857142856, 0.031017369727047148, 0.019515477792732168, 0.015492957746478873, 0.021672504378283712, 0.014378258808658556, 0.01644350481559784, 0.020820868732798852, 0.01274735947553721, 0.014899211218229623, 0.009390746678882272, 0.016919988528821338, 0.01596958174904943, 0.012682308180088777, 0.019433198380566803, 0.03815028901734104, 0.01348314606741573, 0.004866180048661801, 0.006191950464396285, 0.06420492348636062, 0.025, 0.03508771929824561, 0.018518518518518517, 0, 0, 0, 0, 0, 0, 0, 0, 0, 0, 0, 0, 0, 0, 0, 0, 0, 0, 0, 0, 0, 0, 0, 0, 0, 0, 0 ]],[[ 0, 0, 0, 0, 0, 0, 0, 0, 0, 0, 0, 0, 0, 0, 0, 0, 0, 0, 0, 0, 0, 0, 0, 0, 0, 0.1111111111111111, 0, 0, 0, 0.021505376344086023, 0, 0.03669724770642202, 0.010752688172043012, 0.043859649122807015, 0.01873843180291887, 0, 0.0375, 0.02127659574468085, 0.10752688172043011, 0.015384615384615385, 0, 0.007462686567164179, 0.05806451612903226, 0.018404907975460124, 0, 0.06862745098039216, 0.029585798816568046, 0.07339449541284404, 0.015151515151515152, 0.014194464158977998 ]],[[ 0.018554702291695067, 0.011111111111111112, 0.05263157894736842, 0.05128205128205128, 0, 0.08333333333333333, 0, 0, 0, 0, 0, 0, 0, 0, 0, 0, 0, 0, 0, 0, 0, 0, 0, 0, 0, 0, 0, 0, 0, 0, 0, 0, 0, 0, 0, 0, 0, 0, 0, 0, 0, 0, 0, 0, 0, 0, 0, 0, 0, 0 ]]],"cross_entropy_":[0.08669758809345575],"feature_correlations_":[[ 0.10231526349461069 ],[ 0.06738271510531217 ],[ 0.09545929067549556 ],[ 0.03474163848367224 ],[ 0.011997379772915885 ],[ 0.006443205320625737 ]],