{"lambda_":0.0000000001,"learning_rate_":0.9,"scaler_":{"mean_":[0.9332232102809593,0.9164803316218,0.7333501049477207,0.8348239462717607,0.4603598887097282,193.78156257874852],"std_":[0.9332232102809593,0.9164803316218,0.7333501049477207,0.8348239462717607,0.4603598887097282,193.78156257874852]},"weights_":[ 0.3687835625629073, 0.3501706231448431, 0.3032237169425561, 0.2992117710460295, 0.02412755626633401, 0.029159100809077035, -4.3896271443727075 ]}