{"accuracy_":[0.9814089429914427],"accuracy_curves_":[[0.2923647101361938,0.4109467277329155,0.47780824394359406,0.5222520188019766,0.5856634928287333,0.6292334578763409,0.67360190430276,0.7010967819693865,0.7264673978546463,0.7415782813064963,0.7658189707123056,0.7838525973243341,0.7940219356393877,0.8070838857418344,0.8197089309388935,0.8285826202241774,0.8400024105098228,0.8519494998192118,0.8566349282873328,0.8599493792937206,0.8647854646257683,0.8699077979992769,0.8763408460889478,0.8809509461251055,0.884054477521996,0.8879866216704833,0.8904875256116669,0.8950072315294685,0.8969808364469085,0.8996625286248041,0.9035946727732915,0.9084608894781246,0.9109467277329155,0.9122725081354707,0.9144871640351935,0.9159184042424973,0.9175304326865132,0.9199409425093408,0.9219748101723515,0.9235265758707967,0.9259973484391949,0.9273984572737134,0.9286338435579125,0.9300048210196457,0.935458599493793,0.9388785103049295,0.9395263348198144,0.9404302760033747,0.9415451367964325,0.942253224056888,0.9435790044594432,0.9451609015306738,0.946893455465831,0.9473604917440038,0.9480685790044594,0.9483397613595276,0.9566258888754972,0.9577106182957695,0.9582529830059058,0.9589460045799687,0.959111727130288,0.9593226467397855,0.9594130408581415,0.9595787634084609,0.9599252741954923,0.9608744124382307,0.9610401349885501,0.9611907918524768,0.9612962516572255,0.9631191997107388,0.9631191997107388,0.9634205134385923,0.9634657104977703,0.9635711703025189,0.9636314330480896,0.9636766301072677,0.9639930095215138,0.9640683379534771,0.9641888634446185,0.964580571290828,0.9650777389417862,0.9653037242376763,0.9655297095335663,0.9657104977702784,0.9663583222851633,0.9669006869952995,0.9670664095456188,0.9672773291551163,0.967382788959865,0.9675937085693624,0.9679100879836086,0.968211401711462,0.9685277811257081,0.9698083644690852,0.9700494154513679,0.97023020368808,0.9703356634928287,0.9705917801615042,0.9709081595757503,0.9710286850668917,0.9711341448716404,0.9712697360491744,0.9714505242858865,0.9716463782089912,0.9716915752681692,0.9718874291912739,0.972023020368808,0.9723845968422321,0.9727913703748343,0.9731830782210438,0.9732584066530071,0.9734090635169338,0.9736049174400385,0.9737857056767506,0.9739966252862481,0.9744335301916355,0.9746143184283476,0.974780040978667,0.9748403037242377,0.9753224056888031,0.9755031939255152,0.9757141135350127,0.975744244907798,0.9758346390261541,0.9759702302036881,0.9759852958900808,0.9761962154995781,0.9764523321682536,0.9765427262866097,0.9768289743280704,0.9769043027600337,0.9769645655056044,0.9770097625647824,0.9772206821742798,0.9774014704109919,0.977627455706882,0.97767265276606,0.9778082439435941,0.977853441002772,0.9779589008075208,0.9781246233578402,0.9782300831625889,0.9782300831625889,0.9782300831625889,0.9782300831625889,0.9782300831625889,0.9782300831625889,0.9787121851271544,0.9807008557309871,0.9810323008316258,0.9811226949499819,0.98116789200916,0.9812432204411233,0.9812884175003013,0.981303483186694,0.981348680245872,0.9813336145594793,0.9813336145594793,0.981348680245872,0.981348680245872,0.9813637459322647,0.9813788116186574,0.9813788116186574,0.9813637459322647,0.9813637459322647,0.9813637459322647,0.9813637459322647,0.9813637459322647,0.9813637459322647,0.9813637459322647,0.9813637459322647,0.9813637459322647,0.9813637459322647,0.9813637459322647,0.9813788116186574,0.9813788116186574,0.9813788116186574,0.9813788116186574,0.9813788116186574,0.9813788116186574,0.9813788116186574,0.9813788116186574,0.9813788116186574,0.9813788116186574,0.9813788116186574,0.9813788116186574,0.9813788116186574,0.9813788116186574,0.9813788116186574,0.9813788116186574,0.9813788116186574,0.9813788116186574,0.9813788116186574,0.9813788116186574,0.9813788116186574,0.9813788116186574,0.9813788116186574,0.9813788116186574,0.9813788116186574,0.9814089429914427]],"auc_":[0.7505457097167878],"average_targets_":[[[ 0.013123186494328674, 0, 0, 0, 0, 0, 0, 0.0021375133594584966, 0.0190865712338105, 0.019978969505783387, 0.01789549033643522, 0.013345195729537367, 0.018691588785046728, 0.013192612137203167, 0.01702127659574468, 0.00819672131147541, 0, 0.08333333333333333, 0.008863819500402902, 0, 0, 0, 0, 0, 0, 0, 0, 0, 0, 0, 0, 0, 0, 0, 0, 0, 0, 0, 0.07998037291462218, 0, 0, 0, 0, 0, 0, 0, 0, 0, 0, 0.058075870160344156 ]],[[ 0.001483679525222552, 0.011198639152710558, 0, 0, 0.06896551724137931, 0, 0, 0.02631578947368421, 0.125, 0, 0, 0, 0, 0, 0, 0.01859799713876967, 0, 0.05405405405405406, 0.5, 0.02040816326530612, 0, 0, 0, 0, 0, 0, 0, 0.045454545454545456, 0, 0.014285714285714285, 0, 0.018518518518518517, 0, 0.02564102564102564, 0, 0, 0, 0, 0.007194244604316547, 0, 0, 0, 0, 0, 0, 0, 0, 0, 0, 0.046170288564303524 ]],[[ 0.010231280794808971, 0, 0, 0.005552751135790005, 0, 0, 0.07142857142857142, 0.031914893617021274, 0, 0, 0.004728132387706856, 0.00985432733504713, 0.017111567419575632, 0.021660649819494584, 0.010009099181073703, 0.03024193548387097, 0.02287581699346405, 0.035830618892508145, 0.015414258188824663, 0.06382978723404255, 0.15789473684210525, 0.047619047619047616, 0.07526881720430108, 0.05687203791469194, 0.022222222222222223, 0.05555555555555555, 0.046242774566473986, 0.013888888888888888, 0.012658227848101266, 0.04736842105263158, 0.07643312101910828, 0, 0.044182621502209134, 0.003676470588235294, 0.02247191011235955, 0.0625, 0.0625, 0.021739130434782608, 0.054187192118226604, 0.05555555555555555, 0.00980392156862745, 0.06504065040650407, 0.029411764705882353, 0.05789473684210526, 0.019011406844106463, 0.04975124378109453, 0.012345679012345678, 0.2, 0, 0.04939354084465877 ]],[[ 0.008134908853393503, 0.03159441587068332, 0, 0.0035587188612099642, 0, 0, 0, 0, 0, 0, 0, 0.012987012987012988, 0, 0.03636363636363636, 0.03390639923591213, 0, 0.026859504132231406, 0.0234192037470726, 0.027210884353741496, 0.00546448087431694, 0.07692307692307693, 0.006230529595015576, 0, 0.030245746691871456, 0.006278026905829596, 0.029605263157894735, 0.011235955056179775, 0.053742802303262956, 0.010101010101010102, 0.02414486921529175, 0.01858736059479554, 0.023166023166023165, 0.013972055888223553, 0.01567398119122257, 0.0438871473354232, 0.04333868378812199, 0.01335559265442404, 0.007518796992481203, 0.01912568306010929, 0.02869757174392936, 0.1348314606741573, 0.04, 0.06741573033707865, 0, 0.039473684210526314, 0, 0.03683464885650678, 0, 0, 0.01703800786369594 ]],[[ 0.025, 0.018483018626793187, 0.014249790444258172, 0.02494802494802495, 0.014814814814814815, 0.03503184713375796, 0.02617801047120419, 0, 0, 0, 0, 0, 0, 0, 0, 0, 0, 0, 0, 0.3333333333333333, 0, 0, 0, 0, 0, 0, 0, 0, 0, 0, 0, 0, 0, 0, 0, 0, 0, 0, 0, 0, 0, 0, 0, 0, 0, 0, 0, 0, 0, 0 ]],[[ 0.018554702291695067, 0.011111111111111112, 0.05263157894736842, 0.05128205128205128, 0, 0.08333333333333333, 0, 0, 0, 0, 0, 0, 0, 0, 0, 0, 0, 0, 0, 0, 0, 0, 0, 0, 0, 0, 0, 0, 0, 0, 0, 0, 0, 0, 0, 0, 0, 0, 0, 0, 0, 0, 0, 0, 0, 0, 0, 0, 0, 0 ]]],"cross_entropy_":[0.08359733104590338],"feature_correlations_":[[ 0.10812302779075732 ],[ 0.10347579333448019 ],[ 0.10044130545472937 ],[ 0.07772555771139632 ],[ 0.0009529849151137536 ],[ 0.006443205320625737 ]],