{"lambda_":0.0000000001,"learning_rate_":0.9,"scaler_":{"mean_":[1.2255037425349007,1.6070103346697413,2.576120079143015,1.5286168474574309,0.5186180873773649,193.78156257874852],"std_":[1.2255037425349007,1.6070103346697413,2.576120079143015,1.5286168474574309,0.5186180873773649,193.78156257874852]},"weights_":[ 0.45975820327021194, 0.2844443294781865, 0.19033803030229837, 0.17839417071706654, 0.034131415332823864, 0.029029796450081597, -4.210275649785703 ]}