{"lambda_":0.0000000001,"learning_rate_":0.9,"scaler_":{"mean_":[1.069747972902741,1.34622070431512,1.7338275560015513,17.919707305627668,0.5741318004189194,193.78156257874852],"std_":[1.069747972902741,1.34622070431512,1.7338275560015513,17.919707305627668,0.5741318004189194,193.78156257874852]},"weights_":[ 0.4720203237620389, 0.3638447323041917, 0.21260317496154515, 0.08410044386074682, 0.03461341664438286, 0.025898253794738327, -4.28104978275816 ]}