{"accuracy_":[0.9814089429914427],"accuracy_curves_":[[0.06924189466072074,0.2741954923466313,0.5213631433048089,0.6751084729420272,0.7559961431842834,0.8022929974689647,0.8446878389779439,0.8732674460648427,0.895444136434856,0.9123327708810414,0.924340122936001,0.9324906592744365,0.9376280583343377,0.942117632879354,0.9446637338797156,0.9471043750753284,0.9491231770519465,0.9511269133421719,0.9523773653127636,0.9537634084608895,0.9557068820055442,0.9569272026033506,0.9582529830059058,0.9595335663492829,0.9604827045920212,0.9624412438230686,0.9636013016753043,0.9645203085452573,0.9656803663974931,0.9666747016994094,0.9702452693744728,0.9709533566349283,0.9718723635048813,0.9725804507653368,0.9731378811618657,0.9736350488128239,0.9745841870555623,0.9749457635289864,0.9754579968663373,0.9761359527540074,0.9762112811859708,0.976618054718573,0.9764975292274316,0.9768139086416777,0.9768139086416777,0.9772658792334579,0.9774617331565626,0.9777931782572014,0.9779137037483427,0.9782150174761962,0.9786067253224057,0.9786368566951911,0.9789833674822225,0.9791792214053272,0.9793750753284319,0.9794353380740026,0.9795257321923587,0.9796763890562854,0.9799325057249608,0.9799927684705315,0.9802036880800289,0.9802639508255996,0.9803392792575629,0.9803242135711703,0.9803091478847776,0.9805953959262383,0.9805803302398457,0.9807309871037725,0.9807309871037725,0.9808515125949139,0.9809117753404845,0.9809268410268772,0.9809720380860552,0.9809268410268772,0.9809268410268772,0.9809419067132699,0.9809419067132699,0.9809569723996625,0.9809419067132699,0.9810021694588406,0.9810172351452332,0.9810021694588406,0.9811528263227672,0.98116789200916,0.98116789200916,0.9811980233819453,0.9811980233819453,0.9811980233819453,0.9812281547547306,0.9812281547547306,0.9812281547547306,0.981258286127516,0.9812432204411233,0.9812432204411233,0.9812432204411233,0.9812432204411233,0.9812432204411233,0.981258286127516,0.9812130890683379,0.9812130890683379,0.9812130890683379,0.9812130890683379,0.981303483186694,0.981303483186694,0.981303483186694,0.981303483186694,0.981303483186694,0.981303483186694,0.9813185488730867,0.9813185488730867,0.9813336145594793,0.9813336145594793,0.9813185488730867,0.9813185488730867,0.9813185488730867,0.9813185488730867,0.9813185488730867,0.9813185488730867,0.9813185488730867,0.9813185488730867,0.9813185488730867,0.9813336145594793,0.9813336145594793,0.9813336145594793,0.9813336145594793,0.9813336145594793,0.9813336145594793,0.9813336145594793,0.9813336145594793,0.9813336145594793,0.9813336145594793,0.9813336145594793,0.9813336145594793,0.981348680245872,0.981348680245872,0.981348680245872,0.981348680245872,0.981348680245872,0.9813336145594793,0.9813336145594793,0.981348680245872,0.981348680245872,0.981348680245872,0.9813637459322647,0.9813637459322647,0.9813637459322647,0.9813637459322647,0.9813637459322647,0.9813637459322647,0.9813637459322647,0.9813637459322647,0.9813637459322647,0.9813637459322647,0.9813637459322647,0.9813637459322647,0.9813637459322647,0.9813637459322647,0.9813637459322647,0.9813637459322647,0.9813637459322647,0.9813637459322647,0.9813637459322647,0.9813637459322647,0.9813637459322647,0.9813637459322647,0.9813637459322647,0.9813637459322647,0.9813637459322647,0.9813637459322647,0.9813637459322647,0.9813637459322647,0.9813637459322647,0.9813637459322647,0.9813637459322647,0.9813637459322647,0.9813637459322647,0.9813637459322647,0.9813637459322647,0.9813637459322647,0.9813788116186574,0.9813788116186574,0.9813788116186574,0.9813788116186574,0.98139387730505,0.98139387730505,0.98139387730505,0.98139387730505,0.98139387730505,0.98139387730505,0.98139387730505,0.98139387730505,0.98139387730505,0.98139387730505,0.98139387730505,0.98139387730505,0.98139387730505,0.98139387730505,0.98139387730505,0.98139387730505,0.9814089429914427]],"auc_":[0.658206293822987],"average_targets_":[[[ 0.013102984070002243, 0, 0, 0.00876577840112202, 0, 0, 0, 0, 0, 0, 0, 0, 0, 0, 0, 0, 0, 0, 0, 0, 0.023465346534653465, 0, 0, 0, 0.01818181818181818, 0.005, 0.009615384615384616, 0, 0, 0, 0, 0, 0, 0, 0, 0, 0, 0, 0, 0, 0, 0, 0, 0, 0, 0, 0, 0, 0, 0.13503649635036497 ]],[[ 0.004301075268817204, 0, 0, 0.027522935779816515, 0.0038314176245210726, 0, 0.016129032258064516, 0.007462686567164179, 0.00727994705493051, 0.012373453318335208, 0.034358047016274866, 0.010161956176563989, 0.010277883517320136, 0.05091990336368705, 0.012091898428053204, 0.01728344855632371, 0.01527614571092832, 0.011361245529139492, 0.016074450084602367, 0.01632823948084572, 0.01715686274509804, 0.018176020408163265, 0.023721275018532245, 0.009584664536741214, 0.026378896882494004, 0.01757188498402556, 0.00894187779433681, 0.02824858757062147, 0.01652892561983471, 0.026845637583892617, 0.04186046511627907, 0.012345679012345678, 0.008928571428571428, 0.06060606060606061, 0, 0.04477611940298507, 0, 0.047619047619047616, 0, 0, 0, 0, 0, 0, 0, 0.5, 0, 0, 0, 0 ]],[[ 0.01622228553233564, 0.012099213551119177, 0.029069767441860465, 0.005780346820809248, 0.05714285714285714, 0.0927968851395198, 0.03803131991051454, 0, 0, 0, 0.047619047619047616, 0, 0, 0, 0.09302325581395349, 0, 0, 0, 0.2, 0, 0, 0, 0, 0, 0, 0, 0, 0, 0, 0, 0, 0, 0, 0, 0, 0, 0, 0, 0, 0, 0, 0, 0, 0, 0, 0, 0, 0, 0, 0 ]],[[ 0.019027388592605984, 0.014257939079714841, 0.010449470369310048, 0.016107382550335572, 0.006024096385542169, 0.030927835051546393, 0.06451612903225806, 0, 0, 0, 0, 0, 0, 0, 0, 0, 0, 0, 0, 0, 0, 0, 0, 0, 0, 0, 0, 0, 0, 0, 0, 0, 0, 0, 0, 0, 0, 0, 0, 0, 0, 0, 0, 0, 0, 0, 0, 0, 0, 0.045092024539877304 ]],[[ 0.018715092922232748, 0.011019283746556474, 0.025295109612141653, 0.00974025974025974, 0.031598513011152414, 0.03289473684210526, 0, 0, 0, 0, 0, 0, 0, 0, 0, 0, 0, 0, 0, 0.3333333333333333, 0, 0, 0, 0, 0, 0, 0, 0, 0, 0, 0, 0, 0, 0, 0, 0, 0, 0, 0, 0, 0, 0, 0, 0, 0, 0, 0, 0, 0 ]],[[ 0.018554702291695067, 0.011111111111111112, 0.05263157894736842, 0.05128205128205128, 0, 0.08333333333333333, 0, 0, 0, 0, 0, 0, 0, 0, 0, 0, 0, 0, 0, 0, 0, 0, 0, 0, 0, 0, 0, 0, 0, 0, 0, 0, 0, 0, 0, 0, 0, 0, 0, 0, 0, 0, 0, 0, 0, 0, 0, 0, 0, 0 ]]],"cross_entropy_":[0.08633673527343275],"feature_correlations_":[[ 0.14351399090122516 ],[ 0.005432279873012151 ],[ 0.06331159400032166 ],[ 0.04231490284491472 ],[ 0.001082876284338895 ],[ 0.006443205320625737 ]],"feature_densities_":[[ 44570, 0, 0, 8556, 0, 0, 0, 0, 0, 0, 0, 0, 0, 0, 0, 0, 0, 0, 0, 0, 10100, 0, 8, 13, 55, 400, 208, 0, 0, 0, 0, 0, 0, 0, 0, 0, 0, 0, 0, 0, 0, 0, 0, 0, 0, 0, 0, 0, 0, 2466 ],[ 465, 16, 126, 218, 261, 405, 744, 670, 1511, 1778, 2212, 3149, 2627, 5381, 4962, 4918, 5957, 4753, 4728, 4777, 3672, 3136, 2698, 1565, 1251, 1252, 671, 354, 363, 447, 430, 243, 224, 66, 53, 67, 60, 63, 3, 42, 10, 4, 12, 6, 14, 2, 0, 7, 0, 3 ],[ 59671, 1653, 860, 1038, 700, 1541, 447, 51, 14, 72, 168, 0, 73, 0, 43, 0, 25, 0, 15, 0, 0, 0, 0, 0, 0, 4, 0, 0, 0, 0, 0, 0, 0, 0, 0, 0, 0, 0, 0, 0, 0, 0, 0, 0, 0, 0, 0, 0, 0, 1 ],[ 44252, 10801, 6986, 745, 166, 97, 31, 6, 4, 5, 0, 0, 4, 12, 2, 4, 0, 0, 0, 0, 0, 0, 0, 0, 0, 1, 0, 0, 0, 0, 0, 0, 0, 0, 0, 0, 0, 0, 0, 0, 0, 0, 0, 0, 0, 0, 0, 0, 0, 3260 ],[ 61234, 2178, 1186, 616, 538, 304, 87, 41, 125, 24, 1, 5, 8, 3, 1, 1, 1, 0, 0, 3, 0, 4, 3, 0, 3, 0, 0, 0, 1, 0, 0, 0, 3, 0, 0, 1, 0, 0, 0, 0, 0, 0, 0, 0, 0, 0, 0, 4, 1 ],[ 66021, 180, 76, 39, 17, 12, 15, 2, 4, 0, 2, 1, 0, 1, 0, 0, 2, 0, 1, 0, 0, 0, 0, 0, 0, 0, 1, 0, 0, 0, 0, 0, 0, 0, 0, 0, 0, 0, 0, 0, 0, 0, 0, 0, 0, 0, 0, 0, 0, 2 ]],"feature_importances_":[[ 0.3956316316923423 ],[ 0.30496247275305893 ],[ 0.17819686309823507 ],[ 0.07049017628200988 ],[ 0.02901180694153278 ],[ 0.02170704923282107 ]],"feature_names_":["FEATURE_1","FEATURE_2","FEATURE_3","FEATURE_4","FEATURE_5","COST"],