{"accuracy_":[],"accuracy_curves_":[],"auc_":[],"average_targets_":[],"cross_entropy_":[],"feature_correlations_":[],"feature_densities_":[],"feature_importances_":[[ 0.9568300244173612 ],[ 0.012754737805338034 ],[ 0.00003516371981234572 ],[ 0.024881196670883492 ],[ 0.0001393158555376938 ],[ 0.004328081161602616 ],[ 0.00004513381880279918 ],[ 0.0009807690702661237 ],[ 0.000001930248949474638 ],[ 0.0000036472314463321847 ]],"fpr_":[],"labels_":[],"mae_":[0.15303226315975188],"prediction_min_":[],"prediction_step_size_":[],"rmse_":[0.23807705672533705],"rsquared_":[0.9999680887971295],"tpr_":[]}