{"lambda_":0.0000000001,"learning_rate_":0.9,"scaler_":{"mean_":[0.8577860821940545,0.7265450631345064,0.8560677959098568,0.9399504906804519,0.821525445492852,1.3478102663954654,0.8079814477283758,0.7922079306473759,1.0125499579227144,0.8437006269081665,0.9265505678337282,0.8105721847637252,1.5104521802721753,0.7799128339458667,0.8656058322249882,0.7180455306081285,0.8764471717345699,0.7863906891874107,0.7999584000063582,0.8390254674908222,0.7709074274965902,0.817075259614996,0.9239292195628397,1.3684393825425727,1.0192601005742015,0.9045472468866921,1.017954166208769,0.9191162266196072,0.21461062619775703,2.2194041876441446,1.0007696607650092,0.8109352733581852,0.6716657495144481,0.7540919276120762,0.7975391749728982,0.5857327109018478,0.8456140275503683,0.8458204439807063,0.7858383657400256,0.7505503809130386,0.7835410690030962,0.6227841306196923,0.9486120168605964,0.7205946534323749,0.732493166556093,0.705897409092171,0.9553200399017191,0.9593272958902855,0.21656005613333731,193.78156257874852],"std_":[0.8577860821940545,0.7265450631345064,0.8560677959098568,0.9399504906804519,0.821525445492852,1.3478102663954654,0.8079814477283758,0.7922079306473759,1.0125499579227144,0.8437006269081665,0.9265505678337282,0.8105721847637252,1.5104521802721753,0.7799128339458667,0.8656058322249882,0.7180455306081285,0.8764471717345699,0.7863906891874107,0.7999584000063582,0.8390254674908222,0.7709074274965902,0.817075259614996,0.9239292195628397,1.3684393825425727,1.0192601005742015,0.9045472468866921,1.017954166208769,0.9191162266196072,0.21461062619775703,2.2194041876441446,1.0007696607650092,0.8109352733581852,0.6716657495144481,0.7540919276120762,0.7975391749728982,0.5857327109018478,0.8456140275503683,0.8458204439807063,0.7858383657400256,0.7505503809130386,0.7835410690030962,0.6227841306196923,0.9486120168605964,0.7205946534323749,0.732493166556093,0.705897409092171,0.9553200399017191,0.9593272958902855,0.21656005613333731,193.78156257874852]},"weights_":[ 0.16002513379678826, 0.15028841544715268, 0.14160529550429876, 0.13794782024411165, 0.13694858075909597, 0.1116129692103747, 0.10998594583191837, 0.10926825013072655, 0.10330126211107109, 0.0968225918860679, 0.09193755369322337, 0.0913368647810954, 0.09325049879586093, 0.09153514411791384, 0.08917536850111708, 0.08781565270733341, 0.08739078250029625, 0.08401920479849792, 0.08089735924006886, 0.07653432302737162, 0.07181097879859746, 0.07027838025871937, 0.06654742389493627, 0.06490210860577787, -0.057098064132953964, 0.06133856800616101, 0.060223503340194676, 0.049996192433242756, 0.04891459463457674, 0.04230817606291165, -0.040533500484655635, 0.03677636752752828, 0.03539362300394724, 0.033928454355020427, 0.02979409353568212, 0.030376606198220624, 0.03226044359429038, 0.025527332435335944, 0.02223078032167639, 0.01981279988231155, -0.012487921009154192, 0.009488489001239603, 0.009680203887736855, -0.011087831213273554, -0.00825849529871512, -0.005667139979474361, -0.002029467503738976, 0.007390761003055147, 0.02601832178868381, 0.012476619464253144, -4.646434395273478 ]}