{"lambda_":0.0000000001,"learning_rate_":0.9,"scaler_":{"mean_":[0.878253335893231,0.9794454295905689,0.8543136168164872,0.8375775011120568,0.9095785390137276,0.895953277040765,1.0931806582322776,0.8610933329028259,2.69378366416205,0.9988209856891626],"std_":[0.878253335893231,0.9794454295905689,0.8543136168164872,0.8375775011120568,0.9095785390137276,0.895953277040765,1.0931806582322776,0.8610933329028259,2.69378366416205,0.9988209856891626]},"weights_":[ 0.4461310712175473, 0.2804218588326912, -0.24774653971640256, 0.2437007819897146, 0.18977272041576854, 0.27570786342728454, 0.10810486913826434, 0.18834160994187404, 0.10595907345283143, 0.15595070274922052, -4.502215280698113 ]}