{"lambda_":0.0000000001,"learning_rate_":0.9,"scaler_":{"std_":[2.3131503275784757,16.668120247594306,2.063015141003137,14.739504748384546,29.56296171047983,0.8275202152199401,2.120533226782719,1.1103360923419194,1.1421947099797933,193.78156257874852]},"weights_":[ -4.2248135129995, -10.809528903493682, -3.836249585551996, -0.4026268941658986, -9.780582258013103, 4.553106632192877, 0.5975118349151738, -4.175529554735558, -3.726616593009749, -21.97193472461261, -27.9264109974571 ]}