{"lambda_":0.0000000001,"learning_rate_":0.9,"scaler_":{"mean_":[1.3006091775361488,1.2349811670683215,1.2401202372177123,1.3098281153092048,1.607010334669742,1.1697491310546644,1.1731520984434984,1.2756149708515714,2.192081982627417,1.5286168474574298],"std_":[1.3006091775361488,1.2349811670683215,1.2401202372177123,1.3098281153092048,1.607010334669742,1.1697491310546644,1.1731520984434984,1.2756149708515714,2.192081982627417,1.5286168474574298]},"weights_":[ 0.39043616612565957, 0.3107996283710646, 0.2791186036568965, 0.23408700914008876, 0.18549093869717234, 0.289848947837944, -0.15007939891075264, 0.18920425893214526, 0.10416159478744112, 0.12277407624983712, -4.489405685822354 ]}