{"lambda_":0.0000000001,"learning_rate_":0.9,"scaler_":{"std_":[2.4955043738436795,2.678046778607664,1.0199674275036725,1.4367268854213797,1.2070281409791253,0.5204997216052094,1.1205766382381697,1.3574810984783787,1.1744287015066237,2.476239987867422]},"weights_":[ -25.187722145009978, -3.7509362414919325, 4.6408244401953, 13.475565485783012, 28.993697007432157, -37.52472606777549, -1.3713643274207503, 29.52019023371792, 14.767348948387552, -17.386204563938687, -194.28107289660647 ]}