{"lambda_":0.0000000001,"learning_rate_":0.9,"scaler_":{"std_":[1.9840993457814546,1.1351174209231,1.775872487482783,1.199083352155239,1.1779084908904809,1.3400525196652149,1.2494550467512653,0.9805170405910886,0.6117838648604613,193.78156257874852]},"weights_":[ 0.9087351958926595, 10.764037960191331, -6.1979463101713765, 10.798269838789412, 2.2783920039337153, 14.208275001862306, 1.811010735658404, -1.8663853667936254, -0.07883507342938723, -10.720478047049298, -63.33794600297707 ]}