{"accuracy_":[0.9836540690934384],"accuracy_curves_":[[0.31463018780431257,0.4823208903315558,0.6347090192441456,0.7254231393461628,0.7764027359146766,0.8188615812659402,0.8449165314166474,0.8636969626709947,0.8764491073498725,0.8880709482958498,0.8988233248319035,0.9090830048690007,0.9187630419661489,0.9270809181544168,0.9327034546719221,0.9378912589844656,0.9411372594481799,0.9438615812659402,0.9462670994667285,0.9483827961975423,0.9499478321354046,0.9516867609552516,0.9532807790401113,0.9540922791560399,0.9549617435659634,0.956034083004869,0.9572513331787619,0.958033851147693,0.9592800834685834,0.9599756549965222,0.960932065847438,0.9618884766983539,0.96261303037329,0.9636274055182008,0.9640621377231625,0.9647287271041038,0.9653663343380477,0.9658880129840018,0.9664966380709483,0.9671632274518897,0.9675110132158591,0.9681486204498029,0.9687572455367494,0.9694817992116856,0.970090424298632,0.9711047994435428,0.9716264780894969,0.9724669603524229,0.9728727104103873,0.9735392997913286,0.9741189427312775,0.974408764201252,0.9747565499652214,0.9750463714351959,0.97556805008115,0.976147693021099,0.9766983538140506,0.9768722466960352,0.9773939253419893,0.9779156039879434,0.9784083004869001,0.9786981219568746,0.9791038720148388,0.9794806399258057,0.9795965685137955,0.9797414792487827,0.9800023185717598,0.980147229306747,0.9802921400417343,0.9805239972177139,0.9804950150707165,0.9806978900996985,0.9807848365406909,0.9807848365406909,0.9810166937166706,0.9813354973336424,0.9813644794806399,0.9815093902156272,0.9816543009506145,0.9816832830976119,0.9817122652446093,0.9817702295386043,0.9817122652446093,0.9817412473916067,0.9817992116856017,0.9819151402735915,0.9820600510085787,0.9820600510085787,0.9820890331555762,0.982204961743566,0.9822629260375608,0.9823498724785532,0.9824368189195456,0.9825237653605379,0.9825527475075354,0.9826107118015303,0.9826396939485277,0.9827846046835149,0.9828425689775099,0.9829295154185022,0.9829584975654997,0.9829584975654997,0.9829584975654997,0.9830164618594945,0.9829584975654997,0.9829584975654997,0.9829295154185022,0.9829584975654997,0.983045444006492,0.983045444006492,0.9830744261534895,0.9832773011824716,0.9832773011824716,0.9832773011824716,0.9832773011824716,0.9832773011824716,0.9833352654764665,0.9833352654764665,0.9833352654764665,0.9832773011824716,0.983306283329469,0.983306283329469,0.9832773011824716,0.9832773011824716,0.9832773011824716,0.9832773011824716,0.9832773011824716,0.983306283329469,0.983306283329469,0.983306283329469,0.9833352654764665,0.9833352654764665,0.9833352654764665,0.9833352654764665,0.9833352654764665,0.9833352654764665,0.9833352654764665,0.9833352654764665,0.9833352654764665,0.9833352654764665,0.983364247623464,0.983364247623464,0.9833352654764665,0.983364247623464,0.9833932297704614,0.9833932297704614,0.9833932297704614,0.9834222119174588,0.9834222119174588,0.9834222119174588,0.9834222119174588,0.9834222119174588,0.9834511940644562,0.9834511940644562,0.9834511940644562,0.9834511940644562,0.9834511940644562,0.9834511940644562,0.9834511940644562,0.9834511940644562,0.9834511940644562,0.9834511940644562,0.9834511940644562,0.9834511940644562,0.9834511940644562,0.9834511940644562,0.9834511940644562,0.9834511940644562,0.9834511940644562,0.9834511940644562,0.9834511940644562,0.9834511940644562,0.9834511940644562,0.9834511940644562,0.9834511940644562,0.9835961047994436,0.9835961047994436,0.9835671226524461,0.9835671226524461,0.9835671226524461,0.9835671226524461,0.9835671226524461,0.9835671226524461,0.9835671226524461,0.9835671226524461,0.9835961047994436,0.983625086946441,0.983625086946441,0.983625086946441,0.983625086946441,0.983625086946441,0.983625086946441,0.983625086946441,0.983625086946441,0.983625086946441,0.983625086946441,0.983625086946441,0.983625086946441,0.983625086946441,0.9836540690934384]],"auc_":[0.728856174015893],"average_targets_":[[[ 0.014945132535082816, 0.09170305676855896, 0.11, 0.13636363636363635, 0.03333333333333333, 0.16666666666666666, 0.2777777777777778, 0, 0.125, 0, 0, 0.3333333333333333, 0.16666666666666666, 0.25, 0.25, 0, 0, 0, 0, 0, 0.3333333333333333, 0, 0, 0, 0, 0.5, 0, 0, 0, 0, 0, 0, 0, 0, 0, 0, 0, 0, 0, 0, 0, 0, 0, 0, 0, 0, 0, 0, 0, 0 ]],[[ 0.012521139586314557, 0.019969278033794162, 0.04630650496141125, 0.03131991051454139, 0.046263345195729534, 0.06896551724137931, 0.075, 0.12686567164179105, 0.1875, 0.05714285714285714, 0.125, 0.15384615384615385, 0.1875, 0.15789473684210525, 0, 0.45454545454545453, 0.14285714285714285, 0.14285714285714285, 0.25, 0, 0, 0, 0, 0, 1, 0, 0, 0, 0, 0, 0, 0, 0, 0, 0, 0, 0, 0, 0, 0, 1, 0, 0, 0, 0, 0, 0, 0, 0 ]],[[ 0.013301272295610884, 0.05793450881612091, 0.10646387832699619, 0.012048192771084338, 0.102803738317757, 0.1267605633802817, 0.12195121951219512, 0.13333333333333333, 0.043478260869565216, 0.11538461538461539, 0.10526315789473684, 0.45454545454545453, 0.16666666666666666, 0.125, 0, 0.23076923076923078, 0, 0, 0.125, 0.6666666666666666, 0.14285714285714285, 0, 0, 0, 0, 0, 0, 0, 0, 0, 0, 0, 0.3333333333333333, 0, 0, 0, 0, 0, 0, 0, 0, 0, 0, 0, 0, 0, 0, 0, 0, 0 ]],[[  ]],[[  ]],[[  ]],[[  ]],[[  ]],[[  ]],[[ 0.016236615762682115, 0.032467532467532464, 0.02040816326530612, 0, 0, 0.07692307692307693, 0.09090909090909091, 0, 0, 0, 0, 0.1111111111111111, 0, 0, 0, 0, 0, 0, 0, 0, 0, 0, 0, 0, 0, 0, 0, 0, 0, 0, 0, 0, 0, 0, 0, 0, 0, 0, 0, 0, 0, 0, 0, 0, 0, 0, 0, 0, 0, 0 ]]],"cross_entropy_":[0.075396931547202],"feature_correlations_":[[ 0.06828406591305605 ],[ 0.11114051054481791 ],[ 0.08388660034354942 ],[ 0 ],[ 0 ],[ 0 ],[ 0 ],[ 0 ],[ 0 ],[ 0.009792223776989408 ]],"feature_densities_":[[ 33991, 229, 100, 44, 30, 12, 18, 18, 8, 3, 6, 12, 6, 4, 4, 3, 0, 0, 0, 0, 3, 3, 3, 0, 0, 2, 0, 0, 0, 0, 0, 0, 1, 0, 0, 0, 2, 0, 0, 0, 0, 0, 0, 0, 0, 1, 0, 0, 0, 1 ],[ 30748, 1302, 907, 447, 281, 290, 160, 134, 48, 35, 24, 26, 16, 19, 6, 11, 7, 7, 8, 2, 3, 1, 2, 0, 1, 0, 0, 6, 0, 0, 0, 1, 0, 0, 0, 8, 0, 0, 0, 0, 1, 0, 1, 0, 0, 0, 0, 0, 2 ],[ 32854, 794, 263, 166, 107, 71, 41, 30, 23, 26, 19, 11, 12, 8, 1, 13, 6, 3, 8, 3, 7, 4, 2, 2, 3, 4, 2, 0, 8, 1, 1, 3, 3, 0, 0, 1, 0, 1, 0, 1, 0, 0, 0, 0, 0, 0, 1, 0, 0, 1 ],[  ],[  ],[  ],[  ],[  ],[  ],[ 34182, 154, 49, 33, 23, 13, 11, 11, 4, 2, 1, 9, 4, 1, 1, 1, 0, 0, 0, 1, 0, 0, 0, 0, 1, 0, 0, 0, 0, 0, 0, 1, 0, 0, 0, 1, 0, 0, 0, 0, 0, 0, 0, 0, 0, 0, 0, 0, 0, 1 ]],"feature_importances_":[[ 0.23436413635023867 ],[ 0.07134997374525577 ],[ 0.47967431033749725 ],[ 0.0066325330743364445 ],[ 0.07779704636707058 ],[ 0.0003054814843050499 ],[ 0.018731118194307003 ],[ 0 ],[ 0.03191525431016441 ],[ 0.07923014613682508 ]],"feature_names_":["FEATURE_1","FEATURE_2","FEATURE_3","FEATURE_4","FEATURE_5","FEATURE_6","FEATURE_7","FEATURE_8","EXPNYR","COST"],