{"accuracy_":[0.9815445341689767],"accuracy_curves_":[[0.19467879956610823,0.4016361335422442,0.5836296251657226,0.7213149331083524,0.7939466072074244,0.8255092202000723,0.8486953115583946,0.8719717970350729,0.8862239363625407,0.8987887188140292,0.9134777630468844,0.9200313366276968,0.9269766180547185,0.9349764975292274,0.9399632397252019,0.9438953838736893,0.9473604917440038,0.9495751476437266,0.9511118476557792,0.9523321682535857,0.954245510425455,0.9555712908280102,0.9568518741713873,0.9588556104616126,0.9603772447872725,0.9614770398939375,0.962697360491744,0.9640834036398699,0.9646860310955767,0.9654694467879956,0.9659666144389538,0.9666747016994094,0.9671568036639749,0.9675033144510063,0.9681511389658913,0.9684675183801374,0.9688140291671689,0.9692057370133783,0.9694919850548391,0.970139809569724,0.971194407617211,0.9727311076292636,0.9735747860672532,0.9744184645052428,0.9747649752922743,0.9750813547065205,0.9753374713751959,0.9755634566710859,0.9756990478486199,0.9760003615764734,0.9762715439315415,0.9764372664818609,0.9766029890321803,0.9766933831505363,0.9769043027600337,0.9769796311919972,0.9771302880559238,0.9772508135470652,0.9773261419790286,0.9774617331565626,0.9775521272749187,0.9775671929613113,0.9777630468844161,0.977853441002772,0.9779890321803061,0.9781095576714475,0.9782300831625889,0.9784410027720863,0.978682053754369,0.9787121851271544,0.9788176449319032,0.9791490900325419,0.9793449439556466,0.9793901410148247,0.9794956008195733,0.9795709292515367,0.9795859949379294,0.979691454742678,0.9797517174882487,0.9797065204290707,0.9797969145474268,0.979691454742678,0.9798270459202121,0.9799927684705315,0.9800228998433168,0.9800078341569242,0.9799626370977462,0.9800530312161022,0.9800680969024949,0.9801132939616729,0.9801132939616729,0.9803995420031336,0.9804598047487043,0.9804748704350971,0.980520067494275,0.9805803302398457,0.9806405929854164,0.9806405929854164,0.980655658671809,0.9806857900445944,0.980655658671809,0.9807611184765578,0.9807912498493432,0.9808213812221285,0.9808515125949139,0.9808364469085211,0.9808665782813065,0.9808967096540918,0.9808967096540918,0.9809268410268772,0.9809720380860552,0.9809871037724479,0.9811226949499819,0.98116789200916,0.9812130890683379,0.9811980233819453,0.98116789200916,0.9811377606363746,0.9812130890683379,0.9812884175003013,0.9812884175003013,0.981303483186694,0.9813336145594793,0.981348680245872,0.9813336145594793,0.981348680245872,0.981348680245872,0.9813185488730867,0.9813185488730867,0.981348680245872,0.9813637459322647,0.9813637459322647,0.9814240086778354,0.9814692057370134,0.981529468482584,0.981529468482584,0.981529468482584,0.981529468482584,0.981529468482584,0.981529468482584,0.9815445341689767,0.9815445341689767,0.981484271423406,0.9814993371097988,0.9814993371097988,0.981529468482584,0.9814993371097988,0.9814993371097988,0.981484271423406,0.9814993371097988,0.9814390743642281,0.9814541400506207,0.9814541400506207,0.9814541400506207,0.9814541400506207,0.9814541400506207,0.9814541400506207,0.9814541400506207,0.9814390743642281,0.9814390743642281,0.9814240086778354,0.9814692057370134,0.9814541400506207,0.9814541400506207,0.9814993371097988,0.981484271423406,0.981484271423406,0.981484271423406,0.9815144027961914,0.9814541400506207,0.9814240086778354,0.9814240086778354,0.98139387730505,0.9814240086778354,0.9814240086778354,0.9813637459322647,0.9813185488730867,0.981303483186694,0.981303483186694,0.9813185488730867,0.9813185488730867,0.981303483186694,0.9813336145594793,0.981348680245872,0.9813336145594793,0.981348680245872,0.9813788116186574,0.9813637459322647,0.9813788116186574,0.9813637459322647,0.981348680245872,0.9813185488730867,0.9813185488730867,0.9813185488730867,0.98139387730505,0.9814089429914427,0.9814089429914427,0.9813788116186574,0.9813788116186574,0.9814089429914427]],"auc_":[0.717922613841437],"average_targets_":[],"cross_entropy_":[0.08004004251934943],"feature_correlations_":[],"feature_densities_":[],"feature_importances_":[],"fpr_":[[0.9132510515489239,0.8186730527156059,0.6054772650517332,0.41716557674004484,0.27685671302692577,0.20205090417856375,0.1692149458106905,0.14486813422983635,0.12067483344079089,0.10587639311043566,0.09258235853980534,0.07730803475484327,0.07036934696509164,0.06272450953302017,0.05446562893371404,0.04884713395351693,0.044932608762396,0.04104878572963679,0.0388075281692303,0.03713426053851586,0.03581406772896135,0.033787725277086976,0.03243683030917074,0.031285499370605756,0.02893678425593319,0.027340272021123085,0.026020079211568573,0.02471523748119493,0.02354855546344908,0.022596788554235362,0.021598968407479047,0.021077031715329587,0.020263424518743668,0.019664732430689877,0.019280955451168216,0.018636210125571828,0.018052869116698903,0.01759233674127291,0.01730066623683645,0.01690153817813392,0.016226090694175802,0.015381781339228148,0.013493598599981579,0.01203524607779927,0.010899266218415155,0.010561542476436094,0.010085659021829235,0.009824690675754505,0.00954837125049891,0.00937950937950938,0.00916459427097725,0.008765466212274723,0.008535200024561727,0.008243529520125265,0.008151423045040067,0.007936507936507936,0.007844401461422738,0.007598784194528876,0.007414571244358479,0.007307113690092413,0.007168953977464616,0.007015443185655951,0.006923336710570753,0.00672377268121949,0.0066163151269534246,0.006416751097602162,0.006247889226612631,0.0061250805931656995,0.005848761167910104,0.005541739584292776,0.005280771238218047,0.0051579626047711154,0.004820238862792054,0.004605323754259924,0.00449786619999386,0.004359706487366062,0.00428295109146173,0.0042215467747382645,0.004160142458014798,0.004052684903748734,0.003929876270301802,0.00385312087439747,0.0037917165576740043,0.0036689079242270732,0.003530748211599275,0.003438641736514077,0.003407939578152344,0.003407939578152344,0.003331184182248012,0.0032851309447054127,0.0032390777071628135,0.0031776733904393477,0.0029474072027263517,0.0027478431733750884,0.002701789935832489,0.0026557366982898896,0.0025789813023855577,0.0024868748273003593,0.0024561726689386262,0.0024254705105768936,0.002394768352215161,0.002364066193853428,0.002287310797949096,0.0022259064812256302,0.0022105554020447637,0.0021184489269595653,0.0021184489269595653,0.002072395689416966,0.002041693531055233,0.0020109913726935004,0.0019342359767891683,0.0018728316600657025,0.001811427343342237,0.0016732676307144392,0.0016118633139909735,0.0015658100764483743,0.001519756838905775,0.001519756838905775,0.001519756838905775,0.0014122992846397101,0.0013815971262779773,0.001335543888735378,0.001335543888735378,0.0013201928095545117,0.0012741395720119125,0.0012741395720119125,0.0012741395720119125,0.001258788492831046,0.001258788492831046,0.001258788492831046,0.0012434374136501797,0.0012280863344693131,0.0012127352552884468,0.0012127352552884468,0.001043873384298916,0.000997820146756317,0.0009517669092137177,0.0009517669092137177,0.0009364158300328513,0.0009364158300328513,0.0009364158300328513,0.0009057136716711185,0.0009057136716711185,0.0009057136716711185,0.0009057136716711185,0.0008903625924902521,0.0008903625924902521,0.0008443093549476528,0.0008443093549476528,0.0008443093549476528,0.0008443093549476528,0.0007829050382241871,0.0007829050382241871,0.0007522028798624544,0.0007522028798624544,0.0007522028798624544,0.0007522028798624544,0.0007522028798624544,0.0007522028798624544,0.0007522028798624544,0.0007522028798624544,0.0007061496423198551,0.0006907985631389886,0.000629394246415523,0.0005986920880537902,0.0005372877713303245,0.0005372877713303245,0.0005372877713303245,0.000521936692149458,0.0005065856129685917,0.0004605323754259925,0.00044518129624512604,0.00044518129624512604,0.0004298302170642596,0.0004144791378833932,0.0003991280587025268,0.0003991280587025268,0.0003991280587025268,0.00038377697952166035,0.00036842590034079397,0.00035307482115992753,0.00033772374197906115,0.00033772374197906115,0.0003070215836173283,0.00024561726689386265,0.00024561726689386265,0.00023026618771299624,0.0002149151085321298,