{"lambda_":0.0000000001,"learning_rate_":0.9,"scaler_":{"mean_":[1.2706551237385681,1.0774875016616,2.5679664172213266,3.9745651191942035,0.5218857225617467,193.78156257874852],"std_":[1.2706551237385681,1.0774875016616,2.5679664172213266,3.9745651191942035,0.5218857225617467,193.78156257874852]},"weights_":[ 0.5567477078477185, 0.5100934713306614, 0.13893300233509556, 0.09652721917736352, 0.039465407049074135, 0.018212438024769805, -4.321275561567198 ]}