{"accuracy_":[0.9814089429914427],"accuracy_curves_":[[0.20551102808243943,0.4158882728697119,0.6257532843196336,0.7309419067132699,0.796763890562854,0.8366126310714717,0.8594672773291551,0.8798511510184404,0.8980655658671809,0.9149542003133663,0.9314963239725201,0.9424641436663854,0.951488489815596,0.9582529830059058,0.962516572255032,0.9666144389538387,0.9695371821140171,0.972068217427986,0.9732282752802218,0.9744787272508135,0.9757141135350127,0.9761962154995781,0.9767235145233217,0.9769193684464265,0.9772056164878872,0.9773562733518139,0.977582258647704,0.9779739664939134,0.978546462576835,0.9786669880679764,0.9786971194407618,0.9788176449319032,0.9788628419910811,0.9789231047366518,0.9788628419910811,0.9788929733638665,0.9790586959141858,0.9791340243461492,0.9794052067012173,0.9799174400385682,0.9800982282752803,0.9800982282752803,0.980158491020851,0.9805050018078824,0.980655658671809,0.9807761841629504,0.9807761841629504,0.9809268410268772,0.9809117753404845,0.9810021694588406,0.9810323008316258,0.9810624322044112,0.9810624322044112,0.9811076292635893,0.9810774978908039,0.9810774978908039,0.9810624322044112,0.9810774978908039,0.9811226949499819,0.9811226949499819,0.9811076292635893,0.9811226949499819,0.98116789200916,0.98116789200916,0.9811829576955526,0.9811829576955526,0.9811829576955526,0.9811829576955526,0.9811980233819453,0.9811980233819453,0.9811980233819453,0.9811980233819453,0.9812130890683379,0.9811980233819453,0.9811980233819453,0.9811980233819453,0.9812130890683379,0.9812281547547306,0.9811829576955526,0.9811829576955526,0.98116789200916,0.98116789200916,0.9811829576955526,0.9811980233819453,0.9812432204411233,0.981258286127516,0.981258286127516,0.981258286127516,0.981258286127516,0.9812281547547306,0.9812281547547306,0.9812281547547306,0.9812281547547306,0.9811980233819453,0.9812281547547306,0.9812130890683379,0.9811377606363746,0.9811377606363746,0.9811377606363746,0.9811528263227672,0.98116789200916,0.9811829576955526,0.9811980233819453,0.9811980233819453,0.9811980233819453,0.9812130890683379,0.9812130890683379,0.9812130890683379,0.9812130890683379,0.9812130890683379,0.9812130890683379,0.9812130890683379,0.9812281547547306,0.9812281547547306,0.9812281547547306,0.9812432204411233,0.9812432204411233,0.9812432204411233,0.9812432204411233,0.981258286127516,0.9812733518139086,0.981303483186694,0.981303483186694,0.981303483186694,0.9813637459322647,0.9813637459322647,0.9813637459322647,0.9813788116186574,0.9813788116186574,0.9813788116186574,0.9813788116186574,0.9813788116186574,0.9813788116186574,0.9813788116186574,0.9813788116186574,0.9813788116186574,0.9813788116186574,0.9813788116186574,0.9813788116186574,0.9813788116186574,0.9813788116186574,0.9813788116186574,0.98139387730505,0.98139387730505,0.98139387730505,0.98139387730505,0.98139387730505,0.98139387730505,0.98139387730505,0.98139387730505,0.98139387730505,0.98139387730505,0.98139387730505,0.98139387730505,0.98139387730505,0.98139387730505,0.98139387730505,0.98139387730505,0.98139387730505,0.98139387730505,0.98139387730505,0.98139387730505,0.98139387730505,0.98139387730505,0.98139387730505,0.98139387730505,0.98139387730505,0.98139387730505,0.98139387730505,0.98139387730505,0.98139387730505,0.98139387730505,0.98139387730505,0.98139387730505,0.98139387730505,0.98139387730505,0.98139387730505,0.98139387730505,0.98139387730505,0.98139387730505,0.98139387730505,0.98139387730505,0.9814089429914427,0.9814089429914427,0.9814089429914427,0.9814089429914427,0.9814089429914427,0.9814089429914427,0.9814089429914427,0.9814089429914427,0.9814089429914427,0.9814089429914427,0.9814089429914427,0.9814089429914427,0.9814089429914427,0.9814089429914427,0.9814089429914427,0.98139387730505,0.98139387730505,0.9814089429914427]],"auc_":[0.7310737676828015],"average_targets_":[[[ 0.006383366770016414, 0, 0, 0, 0, 0, 0, 0, 0.03508771929824561, 0.0072992700729927005, 0.0006935499851382146, 0.02666666666666667, 0.06060606060606061, 0.003067484662576687, 0.012875536480686695, 0.033789954337899546, 0.0027913468248429866, 0.0207286432160804, 0.022058823529411766, 0.012508451656524679, 0.005308168681804777, 0.02377841651424092, 0.021719038817005546, 0.03765095903386218, 0.023223729593009886, 0.01323076923076923, 0.027734005672864798, 0.024766355140186914, 0.02880481513327601, 0.018915510718789406, 0.0030745580322828594, 0.02162565249813572, 0.01139240506329114, 0.01834862385321101, 0.10893246187363835, 0.013888888888888888, 0.023255813953488372, 0.1404494382022472, 0.016736401673640166, 0.05303030303030303, 0, 0.011111111111111112, 0.022222222222222223, 0, 0.3125, 0.28205128205128205, 0, 0, 0, 0.2 ]],[[ 0, 0, 0, 0, 0, 0, 0, 0, 0, 0, 0, 0, 0, 0, 0, 0.02857142857142857, 0, 0.010101010101010102, 0.023529411764705882, 0.011541375161534691, 0, 0.007575757575757576, 0, 0, 0.016483516483516484, 0.006993006993006993, 0, 0, 0, 0.04500978473581213, 0.010282776349614395, 0.012152777777777778, 0.0058823529411764705, 0.023054755043227664, 0.004291845493562232, 0.01557632398753894, 0.003424657534246575, 0.001095290251916758, 0.0009505703422053232, 0.0041025641025641026, 0.012779552715654952, 0.008048289738430584, 0.04797047970479705, 0, 0, 0, 0, 0, 0, 0.06495190748946288 ]],[[ 0.02564102564102564, 0.015431885659048539, 0.018624813153961136, 0.02097902097902098, 0, 0.2, 0.09090909090909091, 0.23529411764705882, 0.3125, 0.3076923076923077, 0.5384615384615384, 0.52, 0.36363636363636365, 0.14285714285714285, 0.18181818181818182, 0.14285714285714285, 0.058823529411764705, 0.4444444444444444, 0.2, 0.5, 1, 0.6470588235294118, 0.5, 0.35714285714285715, 0.75, 0, 0, 0, 0, 0, 0, 0, 0, 0, 0, 0, 0, 0, 0, 0, 0, 0, 0, 0.5, 0, 0, 0, 0, 0, 0 ]],[[ 0.0158311345646438, 0.010340775558166862, 0.012653651482284888, 0.017998200179982, 0.035845766324355745, 0.043116883116883116, 0.0764371446620341, 0.042105263157894736, 0.04411764705882353, 0, 0, 0, 0, 1, 0, 0, 0, 0, 0, 0, 0, 0, 0, 0, 0, 0, 0, 0, 0, 0, 0, 0, 0, 0, 0, 0, 0, 0, 0, 0, 0, 0, 0, 0, 0, 0, 0, 0, 0, 0.018140589569160998 ]],[[ 0.018646768110287423, 0.012448132780082987, 0.023333333333333334, 0.020676691729323307, 0.0322061191626409, 0, 0, 0, 0, 0, 0, 0, 0, 0, 0, 0, 0, 0, 0, 0.3333333333333333, 0, 0, 0, 0, 0, 0, 0, 0, 0, 0, 0, 0, 0, 0, 0, 0, 0, 0, 0, 0, 0, 0, 0, 0, 0, 0, 0, 0, 0, 0 ]],[[ 0.018554702291695067, 0.011111111111111112, 0.05263157894736842, 0.05128205128205128, 0, 0.08333333333333333, 0, 0, 0, 0, 0, 0, 0, 0, 0, 0, 0, 0, 0, 0, 0, 0, 0, 0, 0, 0, 0, 0, 0, 0, 0, 0, 0, 0, 0, 0, 0, 0, 0, 0, 0, 0, 0, 0, 0, 0, 0, 0, 0, 0 ]]],"cross_entropy_":[0.08423106749585399],"feature_correlations_":[[ 0.080412948990714 ],[ 0.11007884384852296 ],[ 0.10342662152324028 ],[ 0.01951301106956019 ],[ 0.0010252061007197644 ],[ 0.006443205320625737 ]],"feature_densities_":[[ 5483, 0, 0, 5, 25, 58, 102, 50, 114, 137, 10093, 375, 429, 326, 699, 1095, 1433, 1592, 2584, 2958, 3391, 3827, 4328, 4223, 4349, 3250, 3173, 2140, 2326, 1586, 1301, 1341, 790, 654, 459, 360, 215, 178, 239, 132, 39, 90, 45, 7, 16, 39, 15, 0, 0, 305 ],[ 1, 0, 0, 0, 0, 0, 14, 2, 5, 2, 2, 5, 3, 13, 21, 35, 81, 99, 85, 44882, 134, 132, 139, 106, 182, 143, 148, 133, 293, 511, 389, 576, 680, 694, 699, 963, 876, 913, 1052, 975, 626, 497, 271, 345, 152, 76, 113, 37, 18, 9253 ],[ 2067, 28966, 33450, 1573, 70, 10, 11, 17, 16, 13, 13, 25, 11, 14, 22, 7, 17, 9, 5, 4, 1, 17, 4, 14, 4, 0, 6, 1, 3, 0, 3, 0, 0, 0, 0, 0, 0, 0, 0, 0, 0, 0, 0, 2, 0, 0, 0, 0, 0, 1 ],[ 2274, 4255, 30426, 20002, 5161, 1925, 1583, 190, 68, 21, 6, 11, 9, 1, 0, 0, 1, 0, 0, 0, 2, 0, 0, 0, 0, 0, 0, 0, 0, 0, 0, 0, 0, 0, 0, 0, 0, 0, 0, 0, 0, 0, 0, 0, 0, 0, 0, 0, 0, 441 ],[ 61512, 2169, 1200, 532, 621, 93, 95, 109, 0, 2, 5, 5, 4, 3, 1, 1, 1, 0, 0, 3, 0, 4, 3, 0, 3, 0, 0, 0, 1, 0, 0, 0, 3, 0, 0, 1, 0, 0, 0, 0, 0, 0, 0, 0, 0, 0, 0, 4, 0, 1 ],[ 66021, 180, 76, 39, 17, 12, 15, 2, 4, 0, 2, 1, 0, 1, 0, 0, 2, 0, 1, 0, 0, 0, 0, 0, 0, 0, 1, 0, 0, 0, 0, 0, 0, 0, 0, 0, 0, 0, 0, 0, 0, 0, 0, 0, 0, 0, 0, 0, 0, 2 ]],