{"lambda_":0.0000000001,"learning_rate_":0.9,"scaler_":{"mean_":[1.274018988169166,0.8596516854438333,1.5209355485281482,3.9745651191942035,0.48572436883181064,193.78156257874852],"std_":[1.274018988169166,0.8596516854438333,1.5209355485281482,3.9745651191942035,0.48572436883181064,193.78156257874852]},"weights_":[ 0.5583547588007268, 0.5093388153379663, 0.24434688005085756, 0.09161859617106605, 0.025994638413423136, 0.019391208426157283, -4.344795692199261 ]}