{"accuracy_":[0.9814089429914427],"accuracy_curves_":[[0.25310353139689046,0.5012203205978064,0.67162829938532,0.7594009883090274,0.809720380860552,0.8403790526696396,0.8660359165963601,0.8879866216704833,0.9063968904423285,0.9229992768470532,0.9347053151741593,0.9443925515246475,0.9510214535374232,0.9577708810413402,0.9621549957816078,0.9660570085573099,0.9696275762323732,0.9722942027238761,0.9741322164637821,0.9755031939255152,0.9770097625647824,0.9775069302157406,0.9775973243340966,0.9780191635530915,0.978456068458479,0.9793449439556466,0.9797667831746414,0.9799927684705315,0.9800680969024949,0.9800680969024949,0.9800530312161022,0.9799626370977462,0.9801132939616729,0.9802338194528143,0.980429673375919,0.9805351331806678,0.9805803302398457,0.9806255272990237,0.9807761841629504,0.9807460527901651,0.9807611184765578,0.9808063155357358,0.9808515125949139,0.9808665782813065,0.9808665782813065,0.9808816439676992,0.9808967096540918,0.9809569723996625,0.9809569723996625,0.9809569723996625,0.9809569723996625,0.9810172351452332,0.9809871037724479,0.9810774978908039,0.9810774978908039,0.9810925635771965,0.9810925635771965,0.9811076292635893,0.9810774978908039,0.9810774978908039,0.9810624322044112,0.9810774978908039,0.9810774978908039,0.9810774978908039,0.9810925635771965,0.9810925635771965,0.9810925635771965,0.9810925635771965,0.9810925635771965,0.9810925635771965,0.9810925635771965,0.9810925635771965,0.9810925635771965,0.9810925635771965,0.9811528263227672,0.9811528263227672,0.9811528263227672,0.9811829576955526,0.9811528263227672,0.9811528263227672,0.98116789200916,0.98116789200916,0.98116789200916,0.98116789200916,0.98116789200916,0.98116789200916,0.98116789200916,0.98116789200916,0.98116789200916,0.98116789200916,0.9812130890683379,0.9812130890683379,0.9812130890683379,0.9812130890683379,0.9812130890683379,0.9812130890683379,0.9812130890683379,0.9812130890683379,0.9812130890683379,0.9812130890683379,0.9812130890683379,0.9812130890683379,0.9812130890683379,0.9812130890683379,0.9812130890683379,0.9812130890683379,0.9812130890683379,0.9812130890683379,0.9812130890683379,0.9812432204411233,0.9812432204411233,0.9812432204411233,0.9812432204411233,0.9812432204411233,0.9812432204411233,0.9812432204411233,0.9812432204411233,0.9812432204411233,0.9812432204411233,0.981258286127516,0.981258286127516,0.981258286127516,0.981258286127516,0.9812432204411233,0.9812432204411233,0.9812432204411233,0.9812432204411233,0.9812432204411233,0.9812432204411233,0.9812432204411233,0.981258286127516,0.981258286127516,0.981258286127516,0.9812432204411233,0.981258286127516,0.9812733518139086,0.9812733518139086,0.9812733518139086,0.9812733518139086,0.9812733518139086,0.9812733518139086,0.9812733518139086,0.9812733518139086,0.9812733518139086,0.9812733518139086,0.9812733518139086,0.9812733518139086,0.9812733518139086,0.9812733518139086,0.9813336145594793,0.9813336145594793,0.9813336145594793,0.9813336145594793,0.9813336145594793,0.9813336145594793,0.9813336145594793,0.9813336145594793,0.9813336145594793,0.9813336145594793,0.9813336145594793,0.9813336145594793,0.9813336145594793,0.9813336145594793,0.9813336145594793,0.9813336145594793,0.9813788116186574,0.9813788116186574,0.9813788116186574,0.9813788116186574,0.9813788116186574,0.9813788116186574,0.9813788116186574,0.9813788116186574,0.9813788116186574,0.9813788116186574,0.9813788116186574,0.9813788116186574,0.9813788116186574,0.9813788116186574,0.9813788116186574,0.9813788116186574,0.9813788116186574,0.9813788116186574,0.9813788116186574,0.9813788116186574,0.9813788116186574,0.98139387730505,0.98139387730505,0.98139387730505,0.98139387730505,0.98139387730505,0.98139387730505,0.98139387730505,0.98139387730505,0.98139387730505,0.98139387730505,0.98139387730505,0.98139387730505,0.98139387730505,0.9814089429914427]],"auc_":[0.7123777331328168],"average_targets_":[[[ 0.006403219904866447, 0, 0, 0, 0, 0, 0, 0, 0.042105263157894736, 0, 0, 0.0015763546798029558, 0.034482758620689655, 0.04491017964071856, 0, 0.010510510510510511, 0.011549566891241578, 0.03461841070023604, 0.018686868686868686, 0.01675977653631285, 0.01243666513127591, 0.019095182138660398, 0.01475839085931921, 0.03642691415313225, 0.022197351240440217, 0.012123438648052902, 0.024327485380116958, 0.022703086200780417, 0.02631578947368421, 0.024275979557069848, 0.015272727272727273, 0.023125437981779958, 0.01125703564727955, 0.01104417670682731, 0.046348314606741575, 0.028142589118198873, 0.07903780068728522, 0.1179245283018868, 0.018779342723004695, 0.028688524590163935, 0, 0.010101010101010102, 0.017241379310344827, 0, 0.3125, 0.28205128205128205, 0, 0, 0, 0.2 ]],[[ 0.010662358642972537, 0.003270645952575634, 0.029411764705882353, 0, 0, 0.013409961685823755, 0.01282051282051282, 0.009308510638297872, 0.02286198137171888, 0.018315018315018316, 0.014041514041514042, 0.011889035667107, 0.017943743937924344, 0.02608142493638677, 0.01972062448644207, 0.020901371652514697, 0.012330456226880395, 0.018664047151277015, 0.027552674230145867, 0.04716981132075472, 0.019230769230769232, 0.01875, 0.012987012987012988, 0.015398550724637682, 0, 0.00847457627118644, 0.0196078431372549, 0.020833333333333332, 0.008264462809917356, 0.010471204188481676, 0, 0.006993006993006993, 0.011811023622047244, 0.007936507936507936, 0, 0, 0, 0.07894736842105263, 0.25, 0, 0, 0, 0, 0.25, 0, 0, 0, 0, 0, 0.04251818496709387 ]],[[ 0, 0, 0, 0, 0.010298102981029811, 0.029769959404600813, 0.01771178101798014, 0.01296263966480447, 0.02017746444633524, 0.024772036474164132, 0.007984031936127744, 0.025052192066805846, 0.09411764705882353, 0.5, 0.25, 0, 0.6363636363636364, 0.8, 0.6, 0.8333333333333334, 0.2, 0.75, 0.75, 1, 0.42857142857142855, 0, 0, 0.3333333333333333, 0, 0, 1, 0.3333333333333333, 0.5, 0.4, 0.2, 0, 0.5, 0, 0, 0, 0.125, 0.5, 0, 0, 0, 0, 0, 0, 0, 0 ]],[[ 0.0158311345646438, 0.010340775558166862, 0.012653651482284888, 0.017998200179982, 0.035845766324355745, 0.043116883116883116, 0.0764371446620341, 0.042105263157894736, 0.04411764705882353, 0, 0, 0, 0, 1, 0, 0, 0, 0, 0, 0, 0, 0, 0, 0, 0, 0, 0, 0, 0, 0, 0, 0, 0, 0, 0, 0, 0, 0, 0, 0, 0, 0, 0, 0, 0, 0, 0, 0, 0, 0.018140589569160998 ]],[[ 0.022988505747126436, 0.01847651975322348, 0.00966183574879227, 0.033156498673740056, 0.028662420382165606, 0.03767123287671233, 0, 0, 0, 0, 0, 0, 0, 0, 0, 0, 0, 0, 0, 0.3333333333333333, 0, 0, 0, 0, 0, 0, 0, 0, 0, 0, 0, 0, 0, 0, 0, 0, 0, 0, 0, 0, 0, 0, 0, 0, 0, 0, 0, 0, 0, 0 ]],[[ 0.018554702291695067, 0.011111111111111112, 0.05263157894736842, 0.05128205128205128, 0, 0.08333333333333333, 0, 0, 0, 0, 0, 0, 0, 0, 0, 0, 0, 0, 0, 0, 0, 0, 0, 0, 0, 0, 0, 0, 0, 0, 0, 0, 0, 0, 0, 0, 0, 0, 0, 0, 0, 0, 0, 0, 0, 0, 0, 0, 0, 0 ]]],"cross_entropy_":[0.08627152446592744],"feature_correlations_":[[ 0.07738310363383051 ],[ 0.08415896297969339 ],[ 0.05948210091437245 ],[ 0.019513011069560198 ],[ 0.0009363339490574717 ],[ 0.006443205320625737 ]],