{"lambda_":0.0000000001,"learning_rate_":0.9,"scaler_":{"mean_":[1.3008014134198824,1.2349107277779081,1.240131219523565,1.3098898713380995,1.607010334669742,1.169830946060779,1.1731520984434987,1.2755772067298496,2.1920819826274185,1.52861684745743],"std_":[1.3008014134198824,1.2349107277779081,1.240131219523565,1.3098898713380995,1.607010334669742,1.169830946060779,1.1731520984434987,1.2755772067298496,2.1920819826274185,1.52861684745743]},"weights_":[ 0.39051057512523357, 0.31076750471201664, 0.27915374817482647, 0.23407436798666212, 0.1854861457963831, 0.2898118877076852, -0.1501400345694214, 0.189169966868539, 0.10416245597860439, 0.1227599554085743, -4.489399158632407 ]}