{"lambda_":0.0000000001,"learning_rate_":0.9,"scaler_":{"mean_":[0.8408727410209209,1.155130500127957,1.52066612441334,4.145620209946558,0.4831537445240988,193.78156257874852],"std_":[0.8408727410209209,1.155130500127957,1.52066612441334,4.145620209946558,0.4831537445240988,193.78156257874852]},"weights_":[ 0.5460428666614932, 0.4955351793622144, 0.22789857297762417, 0.06820070447734827, 0.023881548581764934, 0.02161229590852631, -4.290616852482985 ]}