{"accuracy_":[0.9814089429914427],"accuracy_curves_":[[0.07097444859587802,0.44187658189707124,0.583885741834398,0.7021965770760515,0.7970200072315294,0.8598740508617573,0.9028263227672653,0.9289652886585513,0.9490629143063758,0.9610100036157647,0.9681210075931059,0.9713601301675304,0.9736049174400385,0.9760756900084367,0.9770700253103531,0.9781396890442329,0.9785765939496204,0.9787724478727251,0.9789833674822225,0.9793901410148247,0.9797517174882487,0.9798722429793901,0.9800982282752803,0.9802036880800289,0.980520067494275,0.9805953959262383,0.980655658671809,0.9807460527901651,0.9808213812221285,0.9808816439676992,0.9808967096540918,0.9808967096540918,0.9810624322044112,0.9810172351452332,0.9810172351452332,0.9810323008316258,0.9810323008316258,0.9810172351452332,0.9810172351452332,0.9810021694588406,0.9809871037724479,0.9810021694588406,0.9810021694588406,0.9810021694588406,0.9810323008316258,0.9810172351452332,0.9810172351452332,0.9810172351452332,0.9810172351452332,0.9810172351452332,0.9810021694588406,0.9810473665180186,0.9810624322044112,0.9810624322044112,0.9810774978908039,0.9810774978908039,0.9810774978908039,0.9810774978908039,0.9810925635771965,0.9810925635771965,0.9810624322044112,0.9810624322044112,0.9810624322044112,0.9810624322044112,0.9810624322044112,0.9810624322044112,0.9810624322044112,0.9810624322044112,0.9810624322044112,0.9810624322044112,0.9810624322044112,0.9810774978908039,0.9810774978908039,0.9810925635771965,0.9810925635771965,0.9811226949499819,0.9811226949499819,0.9811226949499819,0.9811829576955526,0.9811829576955526,0.9811829576955526,0.9811829576955526,0.9811829576955526,0.9811829576955526,0.9811829576955526,0.9811980233819453,0.9811980233819453,0.9811980233819453,0.9811829576955526,0.9811829576955526,0.9811829576955526,0.9811829576955526,0.9811980233819453,0.9811829576955526,0.9811829576955526,0.9811829576955526,0.9811980233819453,0.9811980233819453,0.9811980233819453,0.9811980233819453,0.9812130890683379,0.9812130890683379,0.9812281547547306,0.9812281547547306,0.9812281547547306,0.9812281547547306,0.9812281547547306,0.981258286127516,0.981258286127516,0.981258286127516,0.981258286127516,0.981258286127516,0.981258286127516,0.981258286127516,0.981258286127516,0.981258286127516,0.981258286127516,0.981258286127516,0.981258286127516,0.981258286127516,0.981258286127516,0.981258286127516,0.981258286127516,0.981258286127516,0.981258286127516,0.981258286127516,0.981258286127516,0.981258286127516,0.981258286127516,0.981258286127516,0.981258286127516,0.9812432204411233,0.9812432204411233,0.9812281547547306,0.9812281547547306,0.9812281547547306,0.9812432204411233,0.9812884175003013,0.9812884175003013,0.9812884175003013,0.9812884175003013,0.9812884175003013,0.9812884175003013,0.9812884175003013,0.9812884175003013,0.981303483186694,0.981303483186694,0.981303483186694,0.981303483186694,0.981303483186694,0.981303483186694,0.981303483186694,0.981303483186694,0.9813185488730867,0.9813185488730867,0.9813788116186574,0.9813788116186574,0.9813788116186574,0.9813788116186574,0.9813788116186574,0.9813788116186574,0.9813788116186574,0.9813788116186574,0.9813788116186574,0.9813788116186574,0.9813788116186574,0.9813788116186574,0.9813788116186574,0.9813788116186574,0.9813788116186574,0.9813788116186574,0.9813788116186574,0.9813788116186574,0.98139387730505,0.98139387730505,0.98139387730505,0.98139387730505,0.98139387730505,0.98139387730505,0.98139387730505,0.98139387730505,0.98139387730505,0.98139387730505,0.98139387730505,0.98139387730505,0.98139387730505,0.98139387730505,0.98139387730505,0.98139387730505,0.98139387730505,0.98139387730505,0.98139387730505,0.98139387730505,0.98139387730505,0.98139387730505,0.98139387730505,0.98139387730505,0.98139387730505,0.98139387730505,0.9814089429914427]],"auc_":[0.6901309093755613],"average_targets_":[[[ 0.010922974767596282, 0.0025380710659898475, 0, 0, 0, 0.01020408163265306, 0, 0, 0, 0, 0, 0, 0, 0, 0, 0, 0, 0, 0, 0, 0, 0, 0, 0, 0, 0, 0, 0, 0, 0, 0, 0, 0, 0, 0, 0, 0.008413461538461538, 0, 0, 0, 0.01759765364618051, 0.024500565397663022, 0.03662420382165605, 0.10204081632653061, 0, 0.05, 0, 0, 0, 0.04287570376786488 ]],[[ 0, 0, 0, 0, 0, 0, 0, 0, 0, 0, 0, 0, 0, 0, 0.3333333333333333, 0, 0, 0.006405563689604685, 0, 0, 0, 0, 0.0223463687150838, 0, 0.021739130434782608, 0.018691588785046728, 0.01925254813137033, 0.007032348804500703, 0.025841816758026624, 0.004458550593213935, 0.012775842044134728, 0.02724027803869998, 0.025786257266358623, 0.024428006193015654, 0.018804920913884006, 0.022385861561119293, 0.024761904761904763, 0.01892147587511826, 0.013505217925107428, 0.036053130929791274, 0.04812206572769953, 0.07666666666666666, 0.04, 0, 0.012422360248447204, 0.01818181818181818, 0.3611111111111111, 0, 0, 0.2026578073089701 ]],[[ 0, 0, 0, 0, 0.010561423012784881, 0.029464285714285714, 0.017716535433070866, 0.012976232086682978, 0.020144408713063527, 0.024772036474164132, 0.007984031936127744, 0.025052192066805846, 0.09411764705882353, 0.5, 0.25, 0, 0.6363636363636364, 0.8, 0.6, 0.8333333333333334, 0.2, 0.75, 0.75, 1, 0.42857142857142855, 0, 0, 0.3333333333333333, 0, 0, 1, 0.3333333333333333, 0.5, 0.4, 0.2, 0, 0.5, 0, 0, 0, 0.125, 0.5, 0, 0, 0, 0, 0, 0, 0, 0 ]],[[ 0.015850815850815853, 0.010040160642570281, 0.010427528675703858, 0.01411778962675715, 0.020830839219442118, 0.03236994219653179, 0.01602136181575434, 0.06953498478922207, 0.03587443946188341, 0.11904761904761904, 0, 0, 0, 0.2, 0, 0, 0, 0, 0, 0, 0, 0, 0, 0, 0, 0, 0, 0, 0, 0, 0, 0, 0, 0, 0, 0, 0, 0, 0, 0, 0, 0, 0, 0, 0, 0, 0, 0, 0, 0.018648018648018648 ]],[[ 0.01968503937007874, 0.01850322416695785, 0.022498060512024826, 0.0078003120124804995, 0.03474903474903475, 0.02806122448979592, 0, 0, 0, 0, 0, 0, 0, 0, 0, 0, 0, 0, 0, 0.3333333333333333, 0, 0, 0, 0, 0, 0, 0, 0, 0, 0, 0, 0, 0, 0, 0, 0, 0, 0, 0, 0, 0, 0, 0, 0, 0, 0, 0, 0, 0, 0 ]],[[ 0.018554702291695067, 0.011111111111111112, 0.05263157894736842, 0.05128205128205128, 0, 0.08333333333333333, 0, 0, 0, 0, 0, 0, 0, 0, 0, 0, 0, 0, 0, 0, 0, 0, 0, 0, 0, 0, 0, 0, 0, 0, 0, 0, 0, 0, 0, 0, 0, 0, 0, 0, 0, 0, 0, 0, 0, 0, 0, 0, 0, 0 ]]],"cross_entropy_":[0.08758258051221307],"feature_correlations_":[[ 0.06652103114214299 ],[ 0.06835334735636421 ],[ 0.05948193051603713 ],[ 0.01913468056563605 ],[ 0.0009788295955241654 ],[ 0.006443205320625737 ]],"feature_densities_":[[ 30120, 1970, 82, 0, 0, 392, 0, 0, 0, 0, 0, 0, 0, 0, 0, 0, 0, 0, 0, 0, 0, 0, 0, 0, 0, 0, 0, 0, 0, 0, 0, 0, 0, 0, 0, 0, 832, 0, 0, 0, 15002, 7959, 628, 98, 26, 20, 7, 4, 0, 9236 ],[ 2, 0, 0, 3, 0, 0, 0, 2, 2, 3, 0, 6, 0, 1, 6, 2, 0, 5464, 8, 17, 99, 94, 179, 277, 552, 749, 883, 1422, 2554, 13233, 4305, 5323, 6709, 5813, 5690, 3395, 2625, 2114, 1629, 1054, 852, 300, 275, 157, 161, 55, 36, 24, 0, 301 ],[ 8, 10, 38, 218, 1799, 4480, 11176, 22888, 16481, 6580, 2004, 479, 85, 4, 4, 0, 11, 10, 10, 6, 5, 4, 4, 2, 7, 2, 0, 18, 3, 0, 1, 6, 2, 5, 5, 2, 2, 3, 0, 0, 8, 2, 2, 1, 0, 0, 0, 0, 0, 1 ],[ 2145, 498, 6713, 33008, 16706, 3460, 749, 2301, 223, 84, 23, 14, 14, 5, 1, 0, 0, 1, 0, 0, 0, 2, 0, 0, 0, 0, 0, 0, 0, 0, 0, 0, 0, 0, 0, 0, 0, 0, 0, 0, 0, 0, 0, 0, 0, 0, 0, 0, 0, 429 ],[ 254, 62962, 1289, 641, 518, 392, 87, 77, 89, 24, 1, 5, 7, 4, 1, 1, 1, 0, 0, 3, 0, 4, 3, 0, 3, 0, 0, 0, 1, 0, 0, 0, 3, 0, 0, 1, 0, 0, 0, 0, 0, 0, 0, 0, 0, 0, 0, 4, 0, 1 ],[ 66021, 180, 76, 39, 17, 12, 15, 2, 4, 0, 2, 1, 0, 1, 0, 0, 2, 0, 1, 0, 0, 0, 0, 0, 0, 0, 1, 0, 0, 0, 0, 0, 0, 0, 0, 0, 0, 0, 0, 0, 0, 0, 0, 0, 0, 0, 0, 0, 0, 2 ]],"feature_importances_":[[ 0.3947760619268074 ],[ 0.35826020006609244 ],[ 0.1647652714683658 ],[ 0.049307494297682046 ],[ 0.01726579409317233 ],[ 0.015625178147879913 ]],"feature_names_":["FEATURE_1","FEATURE_2","FEATURE_3","FEATURE_4","FEATURE_5","COST"],