{"lambda_":0.0000000001,"learning_rate_":0.9,"scaler_":{"mean_":[1.0691693544948355,1.3462615987510103,1.7338275560015513,17.92020259950938,0.5741504026793077,193.78156257874852],"std_":[1.0691693544948355,1.3462615987510103,1.7338275560015513,17.92020259950938,0.5741504026793077,193.78156257874852]},"weights_":[ 0.4720276602542899, 0.3637696692171084, 0.21254914102516193, 0.08398367847348923, 0.03461068671752506, 0.025894969360780472, -4.281080286023909 ]}