{"lambda_":0.0000000001,"learning_rate_":0.9,"scaler_":{"mean_":[1.2255037425349018,1.6070103346697415,2.5761200791430214,1.52861684745743,0.5186180873773653,193.78156257874852],"std_":[1.2255037425349018,1.6070103346697415,2.5761200791430214,1.52861684745743,0.5186180873773653,193.78156257874852]},"weights_":[ 0.459758203270213, 0.2844443294781865, 0.19033803030229896, 0.17839417071706642, 0.03413141533282393, 0.02902979645008165, -4.210275649785703 ]}