{"lambda_":0.0000000001,"learning_rate_":0.9,"scaler_":{"mean_":[1.2414795913171688,2.6886555683265483,2.960905082577987,2.7404375908538623,1.1660324265358384,193.78156257874852],"std_":[1.2414795913171688,2.6886555683265483,2.960905082577987,2.7404375908538623,1.1660324265358384,193.78156257874852]},"weights_":[ 0.43872507057530835, 0.24087317081084, 0.21545980111784566, 0.16965195499578073, 0.16960444969776772, 0.020537047557045513, -4.251426350864405 ]}