{"lambda_":0.0000000001,"learning_rate_":0.9,"scaler_":{"mean_":[1.2255037425349007,1.607010334669742,2.576120079143022,1.5286168474574295,0.5186180873773651,193.78156257874852],"std_":[1.2255037425349007,1.607010334669742,2.576120079143022,1.5286168474574295,0.5186180873773651,193.78156257874852]},"weights_":[ 0.45975820327021266, 0.28444432947818654, 0.19033803030229898, 0.17839417071706623, 0.03413141533282376, 0.029029796450081736, -4.210275649785704 ]}