{"lambda_":0.0000000001,"learning_rate_":0.9,"scaler_":{"mean_":[1.0153513478747023,0.7654228305677231,0.7333793532834889,0.9285147574280269,1.0801868849221983,0.9157475897453372,0.8847287051518142,0.6915658871385392,0.8312264406215972,0.9343903070524902],"std_":[1.0153513478747023,0.7654228305677231,0.7333793532834889,0.9285147574280269,1.0801868849221983,0.9157475897453372,0.8847287051518142,0.6915658871385392,0.8312264406215972,0.9343903070524902]},"weights_":[ 0.228820317954732, 0.20785238496605307, 0.21576486472576623, 0.23095239472990498, 0.2149941147468389, 0.21069657610260287, 0.18316924545268562, 0.18033127647009162, 0.1366881967755275, 0.19705979219189987, -4.528395054667582 ]}