{"lambda_":0.0000000001,"learning_rate_":0.9,"scaler_":{"mean_":[1.1528094232320607,0.692512742995137,1.1174670839297998,0.8403979355046559,0.9848939178626803,1.52066612441334,0.7872976555656537,1.1490189505663095,4.145620209946558,2.041799766590606],"std_":[1.1528094232320607,0.692512742995137,1.1174670839297998,0.8403979355046559,0.9848939178626803,1.52066612441334,0.7872976555656537,1.1490189505663095,4.145620209946558,2.041799766590606]},"weights_":[ 0.3796426616271995, 0.32642716732517285, 0.25515743797351303, 0.2982198973131547, 0.24147405774383457, 0.1832462936497533, 0.1321473873504283, -0.10050165971697583, 0.08504377463513628, 0.08028898377350097, -4.485617858701746 ]}