{"lambda_":0.0000000001,"learning_rate_":0.9,"scaler_":{"mean_":[0.44098144274860424,0.5146939713605564,0.42857704761426957,0.3541941684379493,0.3919314441711772,0.3650629287252345,0.35672882074697515,0.4399136484472556,0.3422923913117321,0.3030427581447464],"std_":[0.44098144274860424,0.5146939713605564,0.42857704761426957,0.3541941684379493,0.3919314441711772,0.3650629287252345,0.35672882074697515,0.4399136484472556,0.3422923913117321,0.3030427581447464]},"weights_":[ 0.2694048324570498, 0.22592062731332288, 0.17045503429411268, 0.16713765584697068, 0.1543501357508904, 0.18333297621609215, 0.12464301971688434, 0.1276058540085914, 0.10306720072254179, 0.07749248509144098, -4.414164341502853 ]}