{"accuracy_":[],"accuracy_curves_":[],"auc_":[],"average_targets_":[],"cross_entropy_":[],"feature_correlations_":[],"feature_densities_":[],"feature_importances_":[[ 0.9773056861465717 ],[ 0.0009823782941676578 ],[ 0.021275046950105125 ],[ 0.000413563250842008 ],[ 0 ],[ 0 ],[ 0.000019504668813059027 ],[ 0 ],[ 0.00000202451656108891 ],[ 0.000001796172939462103 ]],"fpr_":[],"labels_":[],"mae_":[0.14224518024921418],"prediction_min_":[],"prediction_step_size_":[],"rmse_":[0.21570690405157503],"rsquared_":[0.9999746378565721],"tpr_":[]}