{"lambda_":0.0000000001,"learning_rate_":0.9,"scaler_":{"mean_":[0.7225379463664534,1.0597823785609597,0.9094162333484187,0.8563564258995179,0.9840415103513304,1.09472881612913,1.272893184484973,0.8616266558776012,1.6326570278010764,0.7562584601729125],"std_":[0.7225379463664534,1.0597823785609597,0.9094162333484187,0.8563564258995179,0.9840415103513304,1.09472881612913,1.272893184484973,0.8616266558776012,1.6326570278010764,0.7562584601729125]},"weights_":[ 0.4387512443456287, 0.32065154378648425, 0.29042930829856967, 0.22209512243425844, 0.23668386922304185, 0.15154470806874376, -0.19030640775273044, 0.11558318916357839, 0.15551852866057775, 0.11273631476969292, -4.564696178338344 ]}