{"lambda_":0.0000000001,"learning_rate_":0.9,"scaler_":{"mean_":[1.2255167069929742,1.607010729261641,2.5761219110228066,1.5286177256518134,0.5186234070230791,193.78156257874852],"std_":[1.2255167069929742,1.607010729261641,2.5761219110228066,1.5286177256518134,0.5186234070230791,193.78156257874852]},"weights_":[ 0.45975391295632295, 0.28444447065185685, 0.19033814457484355, 0.1783950814559801, 0.03413122091450247, 0.029029623411049303, -4.210273637715796 ]}