{"lambda_":0.0000000001,"learning_rate_":0.9,"scaler_":{"mean_":[1.1520877257457094,0.6905970923704942,1.1146048462806983,0.8403979355046559,0.9853463669938437,1.5206661244133397,1.172459711258968,0.7871171876443103,4.145620209946558,2.042071108080468],"std_":[1.1520877257457094,0.6905970923704942,1.1146048462806983,0.8403979355046559,0.9853463669938437,1.5206661244133397,1.172459711258968,0.7871171876443103,4.145620209946558,2.042071108080468]},"weights_":[ 0.37891058692258606, 0.3259957356016107, 0.25738949349628415, 0.2956786552890292, 0.24030886062450493, 0.18596781697693981, -0.10704544474681445, 0.13170369747780855, 0.08711512456706004, 0.08081672943533269, -4.4885561436786015 ]}