{"lambda_":0.0000000001,"learning_rate_":0.9,"scaler_":{"mean_":[0.9216222652501322,1.1576045220762823,1.089265010982547,0.8504622593033077,0.759409778085039,1.0100945123551464,1.2675526018630756,0.7561674964308559,2.4601880751781717,1.1017909661549594],"std_":[0.9216222652501322,1.1576045220762823,1.089265010982547,0.8504622593033077,0.759409778085039,1.0100945123551464,1.2675526018630756,0.7561674964308559,2.4601880751781717,1.1017909661549594]},"weights_":[ 0.4051963725871908, 0.33869104442504133, 0.2798501448720527, 0.2609608631810306, 0.19036726443716132, 0.2025476230089085, 0.20391355532463112, 0.15642225565317902, 0.09518881204928697, 0.11511352464807872, -4.56812892587777 ]}