{"lambda_":0.0000000001,"learning_rate_":0.9,"scaler_":{"mean_":[1.0430296240424095,1.0578533050879022,1.7338275560015515,16.49271370338505,0.5493178688626694,193.78156257874852],"std_":[1.0430296240424095,1.0578533050879022,1.7338275560015515,16.49271370338505,0.5493178688626694,193.78156257874852]},"weights_":[ 0.48602160627719015, 0.3997317074607527, 0.15265559532717687, 0.10380016214564924, 0.03313087414428186, 0.02650216217260103, -4.282100387551397 ]}