{"accuracy_":[0.9815445341689767],"accuracy_curves_":[[0.3997227913703748,0.4302609376883211,0.7534048451247439,0.870314571531879,0.8924761962154996,0.9201970591780162,0.9283927925756298,0.9326413161383633,0.941108231891045,0.9451157044714957,0.9483397613595276,0.9519555260937689,0.9526937447270097,0.9530402555140413,0.9534470290466434,0.9535374231649993,0.962516572255032,0.9629986742195974,0.9644148487405086,0.9649873448234302,0.9656351693383151,0.9663884536579487,0.9670212124864409,0.9671116066047969,0.9676841026877184,0.9680456791611426,0.9692358683861637,0.9695070507412318,0.9696878389779439,0.9701096781969386,0.9702904664336507,0.9705917801615042,0.9706219115342894,0.9744033988188502,0.9750512233337351,0.9751868145112691,0.9752169458840545,0.9753224056888031,0.9753826684343738,0.9753977341207666,0.9754730625527299,0.9754881282391226,0.9755031939255152,0.975518259611908,0.975518259611908,0.9755483909846933,0.9755634566710859,0.9760304929492588,0.9764975292274316,0.9765276606002169,0.9765728576593949,0.9795257321923587,0.9796311919971074,0.9796462576835001,0.9798270459202121,0.9799475714113535,0.9800379655297096,0.9800680969024949,0.9800831625888875,0.9801434253344582,0.9801434253344582,0.9802187537664216,0.9802338194528143,0.9802790165119923,0.980294082198385,0.9803091478847776,0.980384476316741,0.980384476316741,0.980384476316741,0.9803995420031336,0.9804146076895264,0.9810624322044112,0.9811226949499819,0.9811226949499819,0.9811226949499819,0.9811829576955526,0.9812130890683379,0.9812130890683379,0.9812130890683379,0.9812130890683379,0.9812130890683379,0.9812281547547306,0.9812281547547306,0.9812281547547306,0.981258286127516,0.981258286127516,0.981258286127516,0.981258286127516,0.981258286127516,0.981258286127516,0.981258286127516,0.981258286127516,0.981258286127516,0.9812733518139086,0.9812884175003013,0.9812884175003013,0.9812884175003013,0.9812884175003013,0.9812884175003013,0.9812884175003013,0.9812884175003013,0.9812884175003013,0.981303483186694,0.981303483186694,0.981303483186694,0.981303483186694,0.981303483186694,0.981303483186694,0.981303483186694,0.981303483186694,0.98139387730505,0.9814541400506207,0.9814692057370134,0.9814993371097988,0.9815445341689767,0.9815144027961914,0.9813185488730867,0.9812884175003013,0.9812884175003013,0.9812884175003013,0.9812884175003013,0.981303483186694,0.981303483186694,0.981303483186694,0.981303483186694,0.981303483186694,0.981303483186694,0.981303483186694,0.981303483186694,0.981303483186694,0.981303483186694,0.981303483186694,0.981303483186694,0.981303483186694,0.981303483186694,0.981303483186694,0.981303483186694,0.981303483186694,0.981303483186694,0.981303483186694,0.981303483186694,0.981303483186694,0.981303483186694,0.981303483186694,0.981303483186694,0.981303483186694,0.9813788116186574,0.9814089429914427,0.9814089429914427,0.9814089429914427,0.9814089429914427,0.9814089429914427,0.9814089429914427,0.9814089429914427,0.98139387730505,0.98139387730505,0.98139387730505,0.98139387730505,0.98139387730505,0.98139387730505,0.98139387730505,0.98139387730505,0.98139387730505,0.98139387730505,0.98139387730505,0.98139387730505,0.98139387730505,0.98139387730505,0.98139387730505,0.98139387730505,0.98139387730505,0.98139387730505,0.98139387730505,0.98139387730505,0.98139387730505,0.98139387730505,0.98139387730505,0.98139387730505,0.98139387730505,0.98139387730505,0.98139387730505,0.98139387730505,0.98139387730505,0.98139387730505,0.98139387730505,0.98139387730505,0.98139387730505,0.98139387730505,0.98139387730505,0.98139387730505,0.98139387730505,0.98139387730505,0.98139387730505,0.98139387730505,0.98139387730505,0.98139387730505,0.98139387730505,0.98139387730505,0.98139387730505,0.9814089429914427]],"auc_":[0.7031405322380817],"average_targets_":[[[ 0.012339484492018361, 0, 0, 0, 0, 0, 0, 0, 0, 0, 0, 0, 0, 0, 0, 0, 0, 0, 0, 0, 0.0234676700663432, 0, 0, 0, 0, 0, 0, 0, 0, 0, 0, 0, 0, 0, 0, 0, 0, 0, 0, 0, 0, 0, 0, 0, 0, 0, 0, 0, 0, 0.13503649635036497 ]],[[ 0.013782961113581176, 0.02834008097165992, 0.005780346820809248, 0.03786145204909507, 0, 0.016483516483516484, 0.009708737864077669, 0.016338298894762134, 0, 0.05166051660516605, 0.015202702702702704, 0.0661764705882353, 0, 0, 0, 0, 0, 0, 0, 0.017854463615903975, 0, 0, 0, 0, 0, 0, 0, 0, 0, 0, 0, 0, 0, 0, 0, 0, 0, 0, 0, 0, 0, 0, 0, 0, 0, 0, 0, 0, 0, 0.14285714285714285 ]],[[ 0.01622228553233564, 0.012099213551119177, 0.029069767441860465, 0.005780346820809248, 0.05714285714285714, 0.0927968851395198, 0.03803131991051454, 0, 0, 0, 0.047619047619047616, 0, 0, 0, 0.09302325581395349, 0, 0, 0, 0.2, 0, 0, 0, 0, 0, 0, 0, 0, 0, 0, 0, 0, 0, 0, 0, 0, 0, 0, 0, 0, 0, 0, 0, 0, 0, 0, 0, 0, 0, 0, 0 ]],[[ 0.01789549033643522, 0.013165266106442577, 0.022672064777327937, 0.020028612303290415, 0.018518518518518517, 0.0297029702970297, 0, 0, 0, 0, 0, 0, 0, 0, 0, 0, 0, 0, 0, 0, 0, 0, 0, 0, 0, 0, 0, 0, 0, 0, 0, 0, 0, 0, 0, 0, 0, 0, 0, 0, 0, 0, 0, 0, 0, 0, 0, 0, 0, 0.04612954186413902 ]],[[ 0.021834061135371178, 0.018565105244721842, 0.0038461538461538464, 0.03009259259259259, 0.031026252983293555, 0.03578528827037773, 0.005813953488372093, 0, 0, 0, 0, 0, 0, 0, 0, 0, 0, 0, 0, 0.3333333333333333, 0, 0, 0, 0, 0, 0, 0, 0, 0, 0, 0, 0, 0, 0, 0, 0, 0, 0, 0, 0, 0, 0, 0, 0, 0, 0, 0, 0, 0 ]],[[ 0.018554702291695067, 0.011111111111111112, 0.05263157894736842, 0.05128205128205128, 0, 0.08333333333333333, 0, 0, 0, 0, 0, 0, 0, 0, 0, 0, 0, 0, 0, 0, 0, 0, 0, 0, 0, 0, 0, 0, 0, 0, 0, 0, 0, 0, 0, 0, 0, 0, 0, 0, 0, 0, 0, 0, 0, 0, 0, 0, 0, 0 ]]],"cross_entropy_":[0.08492958017113868],"feature_correlations_":[[ 0.14976903295599137 ],[ 0.03525140625517945 ],[ 0.06331159400032083 ],[ 0.045288780040109826 ],[ 0.0004991544940055448 ],[ 0.006443205320625737 ]],"feature_densities_":[[ 53811, 0, 0, 0, 0, 0, 0, 0, 0, 0, 0, 0, 0, 0, 0, 0, 0, 0, 0, 0, 10099, 0, 0, 0, 0, 0, 0, 0, 0, 0, 0, 0, 0, 0, 0, 0, 0, 0, 0, 0, 0, 0, 0, 0, 0, 0, 0, 0, 0, 2466 ],[ 29239, 247, 346, 4807, 55, 910, 206, 2081, 28, 271, 592, 272, 75, 56, 27, 0, 0, 0, 0, 26660, 0, 0, 0, 0, 0, 0, 0, 0, 0, 0, 0, 0, 0, 0, 0, 0, 0, 0, 0, 0, 0, 0, 0, 0, 0, 0, 0, 0, 0, 504 ],[ 59671, 1653, 860, 1038, 700, 1541, 447, 51, 14, 72, 168, 0, 73, 0, 43, 0, 25, 0, 15, 0, 0, 0, 0, 0, 0, 4, 0, 0, 0, 0, 0, 0, 0, 0, 0, 0, 0, 0, 0, 0, 0, 0, 0, 0, 0, 0, 0, 0, 0, 1 ],[ 50292, 10710, 1235, 699, 108, 101, 28, 2, 6, 5, 0, 0, 11, 6, 6, 1, 0, 0, 0, 0, 0, 0, 0, 0, 0, 1, 0, 0, 0, 0, 0, 0, 0, 0, 0, 0, 0, 0, 0, 0, 0, 0, 0, 0, 0, 0, 0, 0, 0, 3165 ],[ 229, 62806, 1040, 864, 419, 503, 172, 108, 164, 6, 23, 5, 7, 4, 1, 1, 1, 0, 0, 3, 0, 4, 3, 0, 3, 0, 0, 0, 1, 0, 0, 0, 3, 0, 0, 1, 0, 0, 0, 0, 0, 0, 0, 0, 0, 0, 0, 4, 1 ],[ 66021, 180, 76, 39, 17, 12, 15, 2, 4, 0, 2, 1, 0, 1, 0, 0, 2, 0, 1, 0, 0, 0, 0, 0, 0, 0, 1, 0, 0, 0, 0, 0, 0, 0, 0, 0, 0, 0, 0, 0, 0, 0, 0, 0, 0, 0, 0, 0, 0, 2 ]],"feature_importances_":[[ 0.4043972192628538 ],[ 0.3325991866627587 ],[ 0.12701801207582053 ],[ 0.08636755318814708 ],[ 0.027566744364146512 ],[ 0.022051284446273467 ]],"feature_names_":["FEATURE_1","FEATURE_2","FEATURE_3","FEATURE_4","FEATURE_5","COST"],