{"lambda_":0,"scaler_":{"std_":[41.54235525188759,29.065300219556033,20.35918821283919,14.249868078029719,9.993311030130075,6.934184016508157,4.864607580074183,3.417343154667344,2.2629556380373463,1.578088504714633,0.569055984828652]},"weights_":[ 7.8469041906231345, -90.08225455979753, -13.849524049018495, 80.97794853618771, 18.322165662009603, 2.0472629308752546, 12.071667961460644, 24.26002125801667, -0.12352883890156066, 0.07109799432144952, -0.005464666224271626, 94.20462708344496 ]}