{"accuracy_":[0.9816650596601181],"accuracy_curves_":[[0.33432264673978546,0.5416566228757382,0.6719748101723515,0.7525912980595396,0.8058033023984573,0.8399270820778595,0.8643786910931662,0.8832710618295769,0.8982162227311077,0.9090484512474388,0.9179221405327227,0.9252892611787393,0.931179944558274,0.9367391828371701,0.9403549475714114,0.944091237796794,0.9473002289984331,0.9498312643124021,0.9526786790406171,0.9547878751355912,0.9567614800530312,0.9587652163432566,0.9602115222369532,0.9614017114619742,0.9628932144148488,0.964490177172472,0.9656351693383151,0.9670513438592262,0.9677895624924672,0.9684223213209594,0.969220802699771,0.9698535615282632,0.9704712546703628,0.9709081595757503,0.9713299987947451,0.9716011811498132,0.972113414487164,0.9725804507653368,0.9728215017476196,0.9731228154754731,0.9736651801856092,0.9739363625406774,0.9741472821501748,0.9742979390141014,0.9745540556827769,0.9747499096058816,0.9748403037242377,0.9750512233337351,0.9752621429432325,0.9751114860793058,0.9753073400024105,0.9754429311799445,0.9755634566710859,0.9756237194166566,0.9758949017717247,0.976015427262866,0.9761510184404002,0.9764523321682536,0.9765125949138243,0.9766933831505363,0.9769193684464265,0.9773562733518139,0.977627455706882,0.9776877184524527,0.9778986380619501,0.9781698204170182,0.9782602145353743,0.9783506086537302,0.978456068458479,0.9784861998312643,0.978546462576835,0.9787724478727251,0.9789231047366518,0.9790586959141858,0.9792545498372905,0.97942027238761,0.97942027238761,0.9794052067012173,0.979510666505966,0.9796010606243221,0.9797366518018561,0.9798571772929975,0.9799023743521755,0.9800680969024949,0.9800680969024949,0.9800530312161022,0.9801434253344582,0.980158491020851,0.9802187537664216,0.9802790165119923,0.9804447390623117,0.9804447390623117,0.9804899361214897,0.980520067494275,0.9805050018078824,0.9805050018078824,0.9805803302398457,0.9805803302398457,0.9806405929854164,0.9806707243582018,0.9807460527901651,0.9808213812221285,0.9808213812221285,0.9808665782813065,0.9808364469085211,0.9808967096540918,0.9809117753404845,0.9808816439676992,0.9808967096540918,0.9809268410268772,0.9809419067132699,0.9809268410268772,0.9809268410268772,0.9810021694588406,0.9810172351452332,0.9810774978908039,0.9810624322044112,0.9810323008316258,0.9810323008316258,0.9810323008316258,0.9810021694588406,0.9810473665180186,0.9810473665180186,0.9810774978908039,0.9811076292635893,0.9811829576955526,0.9812130890683379,0.9812432204411233,0.9812432204411233,0.9813185488730867,0.98139387730505,0.9813788116186574,0.9813637459322647,0.9814089429914427,0.981348680245872,0.9813336145594793,0.981348680245872,0.9813637459322647,0.9813336145594793,0.981348680245872,0.9813336145594793,0.981303483186694,0.9814089429914427,0.9814390743642281,0.9814240086778354,0.9814390743642281,0.981484271423406,0.9815445341689767,0.9815746655417621,0.9815897312281547,0.9816047969145474,0.9816198626009401,0.9816198626009401,0.9816198626009401,0.9816198626009401,0.9816198626009401,0.9816198626009401,0.9816349282873328,0.9815746655417621,0.9816047969145474,0.9816349282873328,0.9816650596601181,0.9816349282873328,0.9815897312281547,0.9815897312281547,0.9815595998553694,0.9815595998553694,0.9815445341689767,0.981529468482584,0.9815144027961914,0.9814692057370134,0.9814692057370134,0.9814541400506207,0.9814692057370134,0.9814390743642281,0.9814240086778354,0.9814240086778354,0.9814240086778354,0.9814240086778354,0.9814240086778354,0.9814089429914427,0.98139387730505,0.9813788116186574,0.9813788116186574,0.9813788116186574,0.9813788116186574,0.9813788116186574,0.9813788116186574,0.9813788116186574,0.9813788116186574,0.98139387730505,0.9813637459322647,0.9813637459322647,0.9813788116186574,0.9813788116186574,0.9813788116186574,0.9813788116186574,0.9813788116186574,0.9813788116186574,0.9814089429914427]],"auc_":[0.8004649622938192],"average_targets_":[],"cross_entropy_":[0.07671302513064265],"feature_correlations_":[[ 0.06544280698720448 ],[ 0.11092550864499313 ],[ 0.03107263806575143 ],[ 0.09263004657066333 ],[ 0.01618002613611332 ],[ 0.055364469268078274 ],[ 0.1323118796428995 ],[ 0.039037745034695044 ],[ 0.07962647288384933 ],[ 0.09413551473290659 ],[ 0.04855443566855435 ],[ 0.06936582606273171 ],[ 0.08055774394535468 ],[ 0.0601042360022241 ],[ 0.05258349630132471 ],[ 0.05603043763352859 ],[ 0.07326283746361328 ],[ 0.10718061236059884 ],[ 0.06711634894321147 ],[ 0.086243418871334 ]],"feature_densities_":[],"feature_importances_":[[ 0.023369698564479333 ],[ 0.16445161447823142 ],[ 0.028041669862981504 ],[ 0.09238382293084871 ],[ 0.003217496802038473 ],[ 0.02136314349271312 ],[ 0.09560220214529844 ],[ 0.030204816926864296 ],[ 0.04369302495298797 ],[ 0.08147662668709922 ],[ 0.029843440490916563 ],[ 0.020039862493178674 ],[ 0.07054269049995837 ],[ 0.05618725066209768 ],[ 0.027361759238950994 ],[ 0.040896467090600956 ],[ 0.06127959548095162 ],[ 0.02572056730110239 ],[ 0.03675947401871972 ],[ 0.0475647758799805 ]],