{"lambda_":0.0000000001,"learning_rate_":0.9,"scaler_":{"mean_":[1.2255037425349022,1.6070103346697406,2.5761200791430228,1.5286168474574298,0.5186180873773653,193.78156257874852],"std_":[1.2255037425349022,1.6070103346697406,2.5761200791430228,1.5286168474574298,0.5186180873773653,193.78156257874852]},"weights_":[ 0.4597582032702127, 0.28444432947818626, 0.19033803030229918, 0.17839417071706656, 0.03413141533282365, 0.029029796450081656, -4.210275649785703 ]}