{"accuracy_":[0.9814089429914427],"accuracy_curves_":[[0.09158430758105339,0.43532300831625886,0.554944558274075,0.673737495480294,0.8036037121851272,0.8945853923104736,0.940324816198626,0.9596390261540316,0.9694919850548391,0.9733638664577559,0.9761058213812221,0.9774165360973845,0.9781396890442329,0.9784410027720863,0.9788025792455104,0.9790888272869712,0.9791792214053272,0.9792997468964686,0.9793901410148247,0.979510666505966,0.9796311919971074,0.9798421116066048,0.9798270459202121,0.9799023743521755,0.9799927684705315,0.9799927684705315,0.9800982282752803,0.9800680969024949,0.9802790165119923,0.9803091478847776,0.9802488851392069,0.9802488851392069,0.9803392792575629,0.980384476316741,0.980429673375919,0.9805050018078824,0.9805050018078824,0.9805050018078824,0.9805050018078824,0.9804447390623117,0.980429673375919,0.9804899361214897,0.9804899361214897,0.980565264553453,0.9805803302398457,0.9806255272990237,0.9806255272990237,0.9806104616126311,0.9805953959262383,0.9806104616126311,0.9805953959262383,0.9806104616126311,0.9806405929854164,0.9806255272990237,0.9806707243582018,0.9806857900445944,0.9806857900445944,0.9806857900445944,0.9807159214173797,0.9807460527901651,0.9807159214173797,0.9807761841629504,0.9808816439676992,0.9808816439676992,0.9808967096540918,0.9808967096540918,0.9809569723996625,0.9809720380860552,0.9809720380860552,0.9809720380860552,0.9809720380860552,0.9809569723996625,0.9809871037724479,0.9809569723996625,0.9809569723996625,0.9809720380860552,0.9809871037724479,0.9809720380860552,0.9809569723996625,0.9809569723996625,0.9809720380860552,0.9809720380860552,0.9809871037724479,0.9810172351452332,0.9809871037724479,0.9809871037724479,0.9810021694588406,0.9810172351452332,0.9810021694588406,0.9810021694588406,0.9810473665180186,0.9810624322044112,0.9810624322044112,0.9810624322044112,0.9810624322044112,0.9810624322044112,0.9810774978908039,0.9810774978908039,0.9810624322044112,0.9810473665180186,0.9810473665180186,0.9810473665180186,0.9810473665180186,0.9810473665180186,0.9810473665180186,0.9810473665180186,0.9810925635771965,0.9810925635771965,0.9811226949499819,0.9811226949499819,0.9811226949499819,0.98116789200916,0.98116789200916,0.98116789200916,0.98116789200916,0.98116789200916,0.9811528263227672,0.9811829576955526,0.9811829576955526,0.9811829576955526,0.9811829576955526,0.9811829576955526,0.9811829576955526,0.9811829576955526,0.9811829576955526,0.9811829576955526,0.9811829576955526,0.9811829576955526,0.9811829576955526,0.9811829576955526,0.9811980233819453,0.9811980233819453,0.9812281547547306,0.9812281547547306,0.9812884175003013,0.9812884175003013,0.9812884175003013,0.9812884175003013,0.9812884175003013,0.9812884175003013,0.9812884175003013,0.9812884175003013,0.9812884175003013,0.9812884175003013,0.9812884175003013,0.9812884175003013,0.9812884175003013,0.9813185488730867,0.9813185488730867,0.981303483186694,0.9812733518139086,0.9812733518139086,0.9812733518139086,0.9812733518139086,0.9812733518139086,0.9812733518139086,0.9813185488730867,0.9813185488730867,0.9813185488730867,0.9813185488730867,0.9813336145594793,0.9813336145594793,0.9813637459322647,0.9813637459322647,0.9813637459322647,0.9813637459322647,0.9813637459322647,0.9813637459322647,0.9813637459322647,0.9813637459322647,0.9813637459322647,0.9813637459322647,0.9813788116186574,0.9813788116186574,0.9813788116186574,0.9813788116186574,0.9813788116186574,0.9813788116186574,0.9813637459322647,0.9813637459322647,0.9813637459322647,0.9813788116186574,0.9813788116186574,0.9813788116186574,0.9813788116186574,0.9813788116186574,0.9813788116186574,0.9813788116186574,0.9813788116186574,0.9813788116186574,0.9813788116186574,0.9813788116186574,0.9813788116186574,0.98139387730505,0.98139387730505,0.98139387730505,0.98139387730505,0.98139387730505,0.98139387730505,0.9814089429914427]],"auc_":[0.6680523006042784],"average_targets_":[[[ 0, 0, 0, 0, 0, 0, 0.04, 0, 0, 0, 0, 0.08333333333333333, 0, 0, 0, 0, 0.018315018315018316, 0.01006978182139387, 0.009523809523809525, 0.010834769761142575, 0.006373486297004461, 0.022401433691756272, 0.005623242736644799, 0.01943095072866065, 0.027347781217750257, 0.013013013013013013, 0.01881560705090117, 0.03272994129158513, 0, 0, 0, 0, 0, 0.125, 0, 0, 0, 0, 0, 0, 0, 0, 0, 0, 0, 0, 0, 0, 0, 0 ]],[[ 0, 0, 0, 0.00794912559618442, 0.022741629816803537, 0.027880184331797234, 0.0172575111757979, 0.014333621808740805, 0.016943465861432645, 0.023347659426181902, 0.01892238614496472, 0.009487666034155597, 0.01015228426395939, 0.049079754601226995, 0.04081632653061224, 0, 0.6, 0.8181818181818182, 0.6, 0.8333333333333334, 0.2, 0.75, 0.75, 1, 0.42857142857142855, 0, 0, 0.25, 0.4, 0, 1, 0.3333333333333333, 0.5, 0.4, 0.2, 0, 0.5, 0, 0, 0, 0.125, 0.5, 0, 0, 0, 0, 0, 0, 0, 0 ]],[[ 0.020773638968481375, 0.014587440157702056, 0.020345275663634674, 0.0315, 0.01092896174863388, 0.07142857142857142, 0.09090909090909091, 0.16666666666666666, 0.07407407407407407, 0.3333333333333333, 0.20833333333333334, 0.21739130434782608, 0.15625, 0.18181818181818182, 0.15384615384615385, 0.2222222222222222, 0.11764705882352941, 0.3793103448275862, 0.09090909090909091, 0.2727272727272727, 0, 0, 0.375, 0.8, 0.42857142857142855, 0, 0.5, 0.3333333333333333, 0, 0, 0, 0, 0, 0, 0, 0, 0, 0, 0, 0, 0, 0, 0, 0, 1, 0, 0, 0, 0, 0 ]],[[ 0, 0.17391304347826086, 0, 0.04878048780487805, 0.005703422053231939, 0.00924532358632552, 0.02839598196855145, 0.020739910313901346, 0.026748971193415638, 0.033112582781456956, 0.06896551724137931, 0, 0, 0, 0, 0, 0, 0, 0, 0, 0, 0, 0, 0, 0, 0, 0, 0, 0, 0, 0, 0, 0, 0, 0, 0, 0, 0, 0, 1, 0, 0, 0, 0, 0, 0, 0, 0, 0, 0 ]],[[ 0.03225806451612903, 0.018551870328164098, 0.006855184233076264, 0.028729281767955802, 0.026030368763557483, 0.04716981132075472, 0.004048582995951417, 0, 0, 0, 0, 0, 0, 0, 0, 0, 0, 0, 0, 0.3333333333333333, 0, 0, 0, 0, 0, 0, 0, 0, 0, 0, 0, 0, 0, 0, 0, 0, 0, 0, 0, 0, 0, 0, 0, 0, 0, 0, 0, 0, 0, 0 ]],[[ 0.018554702291695067, 0.011111111111111112, 0.05263157894736842, 0.05128205128205128, 0, 0.08333333333333333, 0, 0, 0, 0, 0, 0, 0, 0, 0, 0, 0, 0, 0, 0, 0, 0, 0, 0, 0, 0, 0, 0, 0, 0, 0, 0, 0, 0, 0, 0, 0, 0, 0, 0, 0, 0, 0, 0, 0, 0, 0, 0, 0, 0 ]]],"cross_entropy_":[0.08779441214616719],"feature_correlations_":[[ 0.06775233601759478 ],[ 0.05021090269992534 ],[ 0.09850179748951468 ],[ 0.057001640344956674 ],[ 0.0004013263437162487 ],[ 0.006443205320625737 ]],"feature_densities_":[[ 3, 0, 0, 7, 0, 5, 25, 0, 0, 7, 14, 36, 0, 14, 16, 148, 273, 11321, 14805, 4061, 1569, 1116, 1067, 1441, 1938, 2997, 5049, 20440, 1, 6, 6, 0, 1, 8, 0, 0, 1, 0, 0, 0, 0, 0, 0, 0, 0, 0, 0, 0, 0, 1 ],[ 50, 109, 145, 629, 1583, 4340, 9619, 18488, 17883, 8609, 3118, 1054, 394, 163, 49, 21, 10, 11, 10, 6, 5, 4, 4, 2, 7, 1, 1, 16, 5, 0, 1, 6, 2, 5, 5, 2, 2, 3, 0, 0, 8, 2, 2, 1, 0, 0, 0, 0, 0, 1 ],[ 1396, 35510, 26935, 2000, 183, 14, 22, 18, 27, 39, 24, 23, 32, 22, 13, 9, 17, 29, 11, 11, 1, 5, 8, 5, 7, 1, 2, 3, 2, 2, 0, 0, 1, 0, 0, 2, 0, 0, 0, 0, 0, 0, 0, 0, 1, 0, 0, 0, 0, 1 ],[ 2, 23, 0, 82, 526, 32557, 28173, 3568, 972, 151, 203, 26, 0, 26, 0, 13, 23, 3, 20, 0, 0, 0, 0, 0, 0, 0, 0, 0, 1, 0, 0, 0, 3, 0, 0, 0, 0, 0, 0, 3, 0, 0, 0, 0, 0, 0, 0, 0, 0, 1 ],[ 62, 62743, 1167, 905, 461, 424, 247, 118, 167, 13, 27, 1, 11, 4, 1, 1, 1, 0, 0, 3, 0, 4, 3, 0, 0, 3, 0, 0, 1, 0, 0, 0, 3, 0, 0, 1, 0, 0, 0, 0, 0, 0, 0, 0, 0, 0, 0, 4, 0, 1 ],[ 66021, 180, 76, 39, 17, 12, 15, 2, 4, 0, 2, 1, 0, 1, 0, 0, 2, 0, 1, 0, 0, 0, 0, 0, 0, 0, 1, 0, 0, 0, 0, 0, 0, 0, 0, 0, 0, 0, 0, 0, 0, 0, 0, 0, 0, 0, 0, 0, 0, 2 ]],"feature_importances_":[[ 0.3909189594688598 ],[ 0.2418546977857356 ],[ 0.16183886274106604 ],[ 0.15168334810774226 ],[ 0.029020944644820353 ],[ 0.02468318725177593 ]],"feature_names_":["FEATURE_1","FEATURE_2","FEATURE_3","FEATURE_4","FEATURE_5","COST"],