{"lambda_":0.0000000001,"learning_rate_":0.9,"scaler_":{"mean_":[1.1521086635172577,0.6874310030699194,1.1073194004289617,0.8408815275633386,1.5206661244133424,0.9552843083581168,0.8432625426036936,1.155921304371776,4.145620209946558,1.107343331722195],"std_":[1.1521086635172577,0.6874310030699194,1.1073194004289617,0.8408815275633386,1.5206661244133424,0.9552843083581168,0.8432625426036936,1.155921304371776,4.145620209946558,1.107343331722195]},"weights_":[ 0.37793277377798884, 0.362870446451748, 0.2467884655127674, 0.2905734220306017, 0.17241775263840378, 0.20194027326324976, 0.19112422144380617, -0.14720881785468215, 0.08485404550397149, 0.11710901036802816, -4.501943763934906 ]}