{"lambda_":0.0000000001,"learning_rate_":0.9,"scaler_":{"mean_":[1.2789335515071687,1.3078618696323252,2.116888928949476,2.9760493839238404,2.638777497989832,193.78156257874852],"std_":[1.2789335515071687,1.3078618696323252,2.116888928949476,2.9760493839238404,2.638777497989832,193.78156257874852]},"weights_":[ 0.3624873230329676, 0.21437900437401494, 0.1730589868672115, 0.17208947657830168, 0.12287674750604932, 0.020891692206049563, -4.145392460445358 ]}