{"lambda_":0,"scaler_":{"std_":[0.889482502150052,2.030040791427273,1.7438083610076527,0.8893119956100055,1.2483027149210404,1.1572189999669193,2.9976910714123535,0.9106981125616453,18.054062810203092,193.78156257874852]},"weights_":[ -6.0236802335424455, -1.2892269535444008, -13.283885644818353, -4.076663543047063, -20.011639631952637, -9.860479045034284, -6.680503606353933, -9.807774865698308, -0.9942492805693692, -45.84872030948378, -43.78098082672868 ]}