{"lambda_":0.0000000001,"learning_rate_":0.9,"scaler_":{"mean_":[1.0760012993464305,1.0235393663241612,1.0088297644184885,1.1785934240656526,1.0818571216281982,0.9602414210474984,1.0972327928970451,1.0281241935055512,1.195703886042781,1.2366250044303073],"std_":[1.0760012993464305,1.0235393663241612,1.0088297644184885,1.1785934240656526,1.0818571216281982,0.9602414210474984,1.0972327928970451,1.0281241935055512,1.195703886042781,1.2366250044303073]},"weights_":[ 0.2909617108806582, 0.234666176330696, 0.22376228951057625, 0.19939142567406007, 0.21950775836694972, 0.1667117838883934, 0.19772746232972793, 0.19798500136687583, 0.16248498459074603, 0.12338591162958357, -4.527936072585383 ]}