{"lambda_":0.0000000001,"learning_rate_":0.9,"scaler_":{"mean_":[0.8730824938684649,1.0429743367313384,1.2669294732415621,1.0768029985553984,1.0943114528466142,1.733827556001551,1.2874162211912468,1.3906302654015636,0.9111652153485313,1.0996857510966263],"std_":[0.8730824938684649,1.0429743367313384,1.2669294732415621,1.0768029985553984,1.0943114528466142,1.733827556001551,1.2874162211912468,1.3906302654015636,0.9111652153485313,1.0996857510966263]},"weights_":[ 0.33530082335350053, 0.30032576578545833, 0.23329559142261538, 0.2329670209758003, 0.23892695379884207, 0.10683174376738194, 0.12750726655419242, 0.10810180613608017, -0.07835668976752927, 0.12627822191296645, -4.476913271386923 ]}