{"lambda_":0.0000000001,"learning_rate_":0.9,"scaler_":{"mean_":[1.0430296240426666,1.1387996874243307,1.7338275560015513,16.63372402551107,0.5509923404820393,193.78156257874852],"std_":[1.0430296240426666,1.1387996874243307,1.7338275560015513,16.63372402551107,0.5509923404820393,193.78156257874852]},"weights_":[ 0.4876507186191427, 0.4038974796134981, 0.15219129909350232, 0.10766542601260781, 0.03305997426497583, 0.02671924895188643, -4.281221751657736 ]}