{"accuracy_":[0.981529468482584],"accuracy_curves_":[[0.4102989032180306,0.4319784259370857,0.7428588646498735,0.8831204049656503,0.9005212727491865,0.9208147523201157,0.9322194769193685,0.9342834759551645,0.9359105700855731,0.9456882005544173,0.9508255996143185,0.9518500662890201,0.952497890803905,0.9529950584548632,0.9531306496323972,0.9643093889357599,0.9651530673737495,0.9656803663974931,0.9659666144389538,0.966328190912378,0.967427986019043,0.9675183801373991,0.9675937085693624,0.9677142340605038,0.968166204652284,0.970275400747258,0.9704712546703628,0.9705767144751115,0.9706821742798601,0.9708026997710015,0.9708177654573943,0.9708026997710015,0.9709985536941063,0.9710286850668917,0.9727913703748343,0.9750210919609498,0.9751114860793058,0.9751265517656984,0.9751868145112691,0.9752470772568398,0.9752621429432325,0.9753224056888031,0.9753224056888031,0.9753826684343738,0.9754127998071592,0.9754127998071592,0.9754127998071592,0.9754429311799445,0.9754429311799445,0.9761811498131855,0.9763770037362902,0.9764071351090756,0.9764523321682536,0.9764523321682536,0.9795709292515367,0.9796311919971074,0.9797517174882487,0.9798270459202121,0.9799475714113535,0.9800228998433168,0.9800680969024949,0.9800982282752803,0.9801434253344582,0.9801434253344582,0.9802790165119923,0.980294082198385,0.9803392792575629,0.9803543449439557,0.980384476316741,0.980384476316741,0.980384476316741,0.980384476316741,0.980384476316741,0.9803995420031336,0.9810624322044112,0.9811528263227672,0.9811528263227672,0.9811528263227672,0.98116789200916,0.9811980233819453,0.9812281547547306,0.9812281547547306,0.9812281547547306,0.9812281547547306,0.9812281547547306,0.9812432204411233,0.9812432204411233,0.9812432204411233,0.981258286127516,0.981258286127516,0.981258286127516,0.981258286127516,0.981258286127516,0.981258286127516,0.981258286127516,0.981258286127516,0.981258286127516,0.9812733518139086,0.9812884175003013,0.9812884175003013,0.9812884175003013,0.9812884175003013,0.9812884175003013,0.9812884175003013,0.9812884175003013,0.9812884175003013,0.9812884175003013,0.9812884175003013,0.9812884175003013,0.9813637459322647,0.9814390743642281,0.9814541400506207,0.981484271423406,0.981529468482584,0.9815144027961914,0.981303483186694,0.981303483186694,0.9812733518139086,0.9812733518139086,0.9812733518139086,0.9812884175003013,0.9812884175003013,0.9812884175003013,0.9812884175003013,0.9812884175003013,0.9812884175003013,0.9812884175003013,0.9812884175003013,0.9812884175003013,0.9812884175003013,0.9812884175003013,0.9812884175003013,0.9812884175003013,0.9812884175003013,0.9812884175003013,0.9812884175003013,0.9812884175003013,0.9812884175003013,0.981303483186694,0.981303483186694,0.981303483186694,0.981303483186694,0.981303483186694,0.981303483186694,0.981303483186694,0.981303483186694,0.981303483186694,0.9813788116186574,0.9814089429914427,0.9814089429914427,0.9814089429914427,0.9814089429914427,0.9814089429914427,0.9814089429914427,0.9814089429914427,0.98139387730505,0.98139387730505,0.98139387730505,0.98139387730505,0.98139387730505,0.98139387730505,0.98139387730505,0.98139387730505,0.98139387730505,0.98139387730505,0.98139387730505,0.98139387730505,0.98139387730505,0.98139387730505,0.98139387730505,0.98139387730505,0.98139387730505,0.98139387730505,0.98139387730505,0.98139387730505,0.98139387730505,0.98139387730505,0.98139387730505,0.98139387730505,0.98139387730505,0.98139387730505,0.98139387730505,0.98139387730505,0.98139387730505,0.98139387730505,0.98139387730505,0.98139387730505,0.98139387730505,0.98139387730505,0.98139387730505,0.98139387730505,0.98139387730505,0.98139387730505,0.98139387730505,0.98139387730505,0.98139387730505,0.98139387730505,0.98139387730505,0.98139387730505,0.9814089429914427]],"auc_":[0.7131137390068362],"average_targets_":[[[ 0.012339484492018361, 0, 0, 0, 0, 0, 0, 0, 0, 0, 0, 0, 0, 0, 0, 0, 0, 0, 0, 0, 0.0234676700663432, 0, 0, 0, 0, 0, 0, 0, 0, 0, 0, 0, 0, 0, 0, 0, 0, 0, 0, 0, 0, 0, 0, 0, 0, 0, 0, 0, 0, 0.13503649635036497 ]],[[ 0.013988228773522658, 0, 0, 0, 0, 0.15555555555555556, 0.11900958466453675, 0, 0, 0, 0, 0, 0, 0, 0, 0, 0, 0, 0, 0, 0, 0, 0.017854463615903975, 0, 0, 0, 0, 0, 0, 0, 0, 0, 0, 0, 0, 0, 0, 0, 0, 0, 0, 0, 0, 0, 0, 0, 0, 0, 0, 0.13584905660377358 ]],[[ 0.01622228553233564, 0.012099213551119177, 0.029069767441860465, 0.005780346820809248, 0.05714285714285714, 0.0927968851395198, 0.03803131991051454, 0, 0, 0, 0.047619047619047616, 0, 0, 0, 0.09302325581395349, 0, 0, 0, 0.2, 0, 0, 0, 0, 0, 0, 0, 0, 0, 0, 0, 0, 0, 0, 0, 0, 0, 0, 0, 0, 0, 0, 0, 0, 0, 0, 0, 0, 0, 0, 0 ]],[[ 0.017924716191993626, 0.013084632516703786, 0.02238209432454037, 0.02014388489208633, 0.017857142857142856, 0.0297029702970297, 0, 0, 0, 0, 0, 0, 0, 0, 0, 0, 0, 0, 0, 0, 0, 0, 0, 0, 0, 0, 0, 0, 0, 0, 0, 0, 0, 0, 0, 0, 0, 0, 0, 0, 0, 0, 0, 0, 0, 0, 0, 0, 0, 0.04612954186413902 ]],[[ 0.021834061135371178, 0.01853888702915531, 0.0055147058823529415, 0.030405405405405407, 0.03117505995203837, 0.03711340206185567, 0.005847953216374269, 0, 0, 0, 0, 0, 0, 0, 0, 0, 0, 0, 0, 0.3333333333333333, 0, 0, 0, 0, 0, 0, 0, 0, 0, 0, 0, 0, 0, 0, 0, 0, 0, 0, 0, 0, 0, 0, 0, 0, 0, 0, 0, 0, 0 ]],[[ 0.018554702291695067, 0.011111111111111112, 0.05263157894736842, 0.05128205128205128, 0, 0.08333333333333333, 0, 0, 0, 0, 0, 0, 0, 0, 0, 0, 0, 0, 0, 0, 0, 0, 0, 0, 0, 0, 0, 0, 0, 0, 0, 0, 0, 0, 0, 0, 0, 0, 0, 0, 0, 0, 0, 0, 0, 0, 0, 0, 0, 0 ]]],"cross_entropy_":[0.08502094966180763],"feature_correlations_":[[ 0.1497690329559925 ],[ 0.03498031956729364 ],[ 0.06331159400032152 ],[ 0.045279157566225914 ],[ 0.00048811530858506604 ],[ 0.006443205320625737 ]],"feature_densities_":[[ 53811, 0, 0, 0, 0, 0, 0, 0, 0, 0, 0, 0, 0, 0, 0, 0, 0, 0, 0, 0, 10099, 0, 0, 0, 0, 0, 0, 0, 0, 0, 0, 0, 0, 0, 0, 0, 0, 0, 0, 0, 0, 0, 0, 0, 0, 0, 0, 0, 0, 2466 ],[ 37889, 0, 0, 0, 0, 45, 1252, 0, 0, 0, 0, 0, 0, 0, 0, 0, 0, 0, 0, 0, 0, 0, 26660, 0, 0, 0, 0, 0, 0, 0, 0, 0, 0, 0, 0, 0, 0, 0, 0, 0, 0, 0, 0, 0, 0, 0, 0, 0, 0, 530 ],[ 59671, 1653, 860, 1038, 700, 1541, 447, 51, 14, 72, 168, 0, 73, 0, 43, 0, 25, 0, 15, 0, 0, 0, 0, 0, 0, 4, 0, 0, 0, 0, 0, 0, 0, 0, 0, 0, 0, 0, 0, 0, 0, 0, 0, 0, 0, 0, 0, 0, 0, 1 ],[ 50210, 10776, 1251, 695, 112, 101, 28, 2, 6, 5, 0, 0, 11, 6, 6, 1, 0, 0, 0, 0, 0, 0, 0, 0, 0, 1, 0, 0, 0, 0, 0, 0, 0, 0, 0, 0, 0, 0, 0, 0, 0, 0, 0, 0, 0, 0, 0, 0, 0, 3165 ],[ 229, 62733, 1088, 888, 417, 485, 171, 130, 164, 6, 23, 5, 7, 4, 1, 1, 1, 0, 0, 3, 0, 4, 3, 0, 3, 0, 0, 0, 1, 0, 0, 0, 3, 0, 0, 1, 0, 0, 0, 0, 0, 0, 0, 0, 0, 0, 0, 4, 1 ],[ 66021, 180, 76, 39, 17, 12, 15, 2, 4, 0, 2, 1, 0, 1, 0, 0, 2, 0, 1, 0, 0, 0, 0, 0, 0, 0, 1, 0, 0, 0, 0, 0, 0, 0, 0, 0, 0, 0, 0, 0, 0, 0, 0, 0, 0, 0, 0, 0, 0, 2 ]],"feature_importances_":[[ 0.4026231023630325 ],[ 0.33347322185656814 ],[ 0.12565496297677495 ],[ 0.0888926975462721 ],[ 0.027295580411114507 ],[ 0.02206043484623796 ]],"feature_names_":["FEATURE_1","FEATURE_2","FEATURE_3","FEATURE_4","FEATURE_5","COST"],