{"accuracy_":[0.9837120333874333],"accuracy_curves_":[[0.35479944354277765,0.5820194760027823,0.68681891954556,0.7544632506376072,0.7979364711337816,0.8306283329469047,0.8526547646649664,0.8698121956874565,0.8845061442151635,0.8967655923950846,0.9050544864363552,0.9134593090656156,0.9209077208439601,0.9274576860653837,0.9323556689079527,0.9366450266635752,0.9406155808022258,0.9443542777648968,0.9470496174356596,0.9498319035474148,0.9522374217482031,0.9549037792719685,0.9567296545328078,0.9586424762346395,0.960294458613494,0.9618884766983539,0.9629028518432645,0.9636563876651982,0.9647866913980988,0.9654242986320427,0.9661198701599815,0.96693137027591,0.9678587989798284,0.968670299095757,0.9694238349176907,0.9700614421516346,0.9707280315325759,0.970988870855553,0.9715105495015071,0.9718003709714815,0.9722640853234408,0.9725828889404127,0.9728727104103873,0.9734813354973336,0.973829121261303,0.9739740319962903,0.9741769070252725,0.9745536749362392,0.9749014607002087,0.9752782286111755,0.9754811036401576,0.9756549965221424,0.975886853698122,0.9759738001391143,0.9762056573150939,0.976466496638071,0.9767563181080454,0.9771041038720149,0.9774808717829817,0.9781184790169256,0.9786691398098771,0.979045907720844,0.9793936934848133,0.9797124971017853,0.9797704613957802,0.9799153721307674,0.980147229306747,0.980205193600742,0.9805239972177139,0.9807268722466961,0.9807268722466961,0.9809297472756782,0.9809877115696731,0.9811616044516578,0.981306515186645,0.9814224437746348,0.9816253188036169,0.9818571759795965,0.9820600510085787,0.982204961743566,0.982204961743566,0.9822629260375608,0.9824368189195456,0.9824947832135404,0.9824947832135404,0.9825817296545328,0.9827266403895201,0.9827846046835149,0.9827846046835149,0.9828715511245073,0.983045444006492,0.9831323904474844,0.9831613725944818,0.9831034083004869,0.9830744261534895,0.9831034083004869,0.983045444006492,0.9830164618594945,0.983045444006492,0.9831323904474844,0.9831613725944818,0.9831613725944818,0.9831613725944818,0.9832483190354742,0.9832773011824716,0.9832773011824716,0.9832773011824716,0.9832773011824716,0.9832483190354742,0.9832483190354742,0.983364247623464,0.9834222119174588,0.9834222119174588,0.9834511940644562,0.9834801762114538,0.9834801762114538,0.9835091583584512,0.9835091583584512,0.9834801762114538,0.9834801762114538,0.9834801762114538,0.9835961047994436,0.983625086946441,0.983625086946441,0.9836540690934384,0.9836540690934384,0.9836830512404359,0.9836830512404359,0.9836540690934384,0.983625086946441,0.983625086946441,0.983625086946441,0.9836540690934384,0.983625086946441,0.9835961047994436,0.9835671226524461,0.9835961047994436,0.9835961047994436,0.983625086946441,0.9836540690934384,0.9836540690934384,0.9836540690934384,0.9836540690934384,0.983625086946441,0.983625086946441,0.9835961047994436,0.983625086946441,0.983625086946441,0.9835671226524461,0.9835671226524461,0.9835961047994436,0.983625086946441,0.983625086946441,0.983625086946441,0.9836540690934384,0.9836540690934384,0.983625086946441,0.9836540690934384,0.9836540690934384,0.9836540690934384,0.9836540690934384,0.9836830512404359,0.9836830512404359,0.9836830512404359,0.9836830512404359,0.9837120333874333,0.9837120333874333,0.9837120333874333,0.9837120333874333,0.9837120333874333,0.9837120333874333,0.9837120333874333,0.9837120333874333,0.9836830512404359,0.9836830512404359,0.9836540690934384,0.9836540690934384,0.9836540690934384,0.9836540690934384,0.9836540690934384,0.9836540690934384,0.9836540690934384,0.9836540690934384,0.9836540690934384,0.9836540690934384,0.9836540690934384,0.9836540690934384,0.9836540690934384,0.9836540690934384,0.9836540690934384,0.9836540690934384,0.9836540690934384,0.9836540690934384,0.9836540690934384,0.9836540690934384,0.9836540690934384,0.9836540690934384,0.9836540690934384,0.9836830512404359,0.9836540690934384]],"auc_":[0.7447320730784807],"average_targets_":[[[  ]],[[ 0.016228279929858123, 0.028639618138424822, 0.010582010582010581, 0.015527950310559006, 0.10144927536231885, 0, 0.0625, 0, 0, 0.03723404255319149, 0.044585987261146494, 0, 0, 0, 0, 0, 0, 0.011428571428571429, 0, 0, 0, 0, 0, 0, 0, 0, 0, 0.038461538461538464, 0, 0, 0, 0, 0, 0, 0, 0, 0, 0, 0, 0, 0, 0, 0.030303030303030304, 0, 0, 0, 0, 0, 0, 0 ]],[[ 0.010240072818295597, 0.014973675312756606, 0.011580775911986103, 0.056265984654731455, 0.03169014084507042, 0.02608695652173913, 0.033854166666666664, 0.0379746835443038, 0.07913669064748201, 0.04, 0.038461538461538464, 0.03125, 0.18055555555555555, 0, 0, 0, 0.07407407407407407, 0.06451612903225806, 0.05263157894736842, 0.043478260869565216, 0.08, 0.1, 0.09090909090909091, 0, 0.2, 0, 0, 0, 0, 0, 0, 0, 0, 0, 0, 0, 0, 0, 0, 0, 0, 0, 0, 0, 0, 0, 0, 0, 0, 0 ]],[[ 0.016209946353487024, 0.3076923076923077, 0, 0.25, 0, 0, 0, 0, 0, 0, 0, 0, 0, 0, 0, 0, 0, 0, 0, 0, 0, 0, 0, 0, 0, 0, 0, 0, 0, 0, 0, 0, 0, 0, 0, 0, 0, 0, 0, 0, 0, 0, 0, 0, 0, 0, 0, 0, 0, 0 ]],[[  ]],[[  ]],[[ 0.013263018284018062, 0.0247229326513214, 0.0311284046692607, 0.10510510510510511, 0.056962025316455694, 0.05521472392638037, 0.0425531914893617, 0.06363636363636363, 0.07352941176470588, 0.10638297872340426, 0.09523809523809523, 0.3, 0.13636363636363635, 0.16666666666666666, 0.06060606060606061, 0, 0.25, 0.08333333333333333, 0.3333333333333333, 0, 0, 0.5, 0, 0, 0, 0, 0, 0, 0, 1, 0, 0, 0, 0, 0, 0, 0, 0, 0, 0, 0, 0, 0, 0, 0, 0, 0, 1, 0, 0 ]],[[ 0.013772399492432917, 0.048828125, 0.061855670103092786, 0.06486486486486487, 0.10077519379844961, 0.11475409836065574, 0.0962962962962963, 0.05154639175257732, 0.1267605633802817, 0.04878048780487805, 0.012987012987012988, 0.0136986301369863, 0, 0, 0.14035087719298245, 0.019230769230769232, 0, 0, 0, 0, 0.058823529411764705, 0, 0, 0, 0, 0, 0, 0, 0, 0, 0, 0, 0, 0, 0, 0, 0, 0, 0, 0, 0, 0, 0, 0, 0, 0, 0, 0, 0, 0 ]],[[ 0.015312306009636702, 0.06854838709677419, 0.07339449541284404, 0.13157894736842105, 0.017543859649122806, 0.03225806451612903, 0.020833333333333332, 0.09090909090909091, 0, 0.1, 0, 0, 0.2, 0, 0.13333333333333333, 0, 0, 0, 1, 0, 0, 0, 0, 0, 0, 0, 0, 0, 0, 0, 0, 0, 0, 0, 0, 0, 0, 0, 0, 0, 0, 0, 0, 0, 0, 0, 0, 0, 0, 0 ]],[[ 0.016253083732404586, 0.21052631578947367, 0, 0, 0, 0, 0, 0, 0, 0, 0, 0, 0, 0, 0, 0, 0, 0, 0, 0, 0, 0, 0, 0, 0, 0, 0, 0, 0, 0, 0, 0, 0, 0, 0, 0, 0, 0, 0, 0, 0, 0, 0, 0, 0, 0, 0, 0, 0 ]],[[  ]],[[ 0.016236615762682115, 0.032467532467532464, 0.02040816326530612, 0, 0, 0.07692307692307693, 0.09090909090909091, 0, 0, 0, 0, 0.1111111111111111, 0, 0, 0, 0, 0, 0, 0, 0, 0, 0, 0, 0, 0, 0, 0, 0, 0, 0, 0, 0, 0, 0, 0, 0, 0, 0, 0, 0, 0, 0, 0, 0, 0, 0, 0, 0, 0, 0 ]]],"cross_entropy_":[0.07429230959675619],"feature_correlations_":[[ 0 ],[ -0.010906006436775778 ],[ 0.0546104740617473 ],[ 0.007202572830358296 ],[ 0 ],[ 0 ],[ 0.11242285458451534 ],[ 0.031050889962253064 ],[ 0.044283125557778316 ],[ 0.0010302438738934703 ],[ 0 ],[ 0.009792223776989408 ]],