{"lambda_":0.0000000001,"learning_rate_":0.9,"scaler_":{"mean_":[0.8883500668217807,1.3459209099675962,1.069222930059847,1.7338275560015513,1.1345970958432217,1.4063580839503025,1.2816962029148966,1.109719140013706,0.705973730141455,0.8932080835966917],"std_":[0.8883500668217807,1.3459209099675962,1.069222930059847,1.7338275560015513,1.1345970958432217,1.4063580839503025,1.2816962029148966,1.109719140013706,0.705973730141455,0.8932080835966917]},"weights_":[ 0.38925611794274906, 0.27027335812492903, 0.268783690746533, 0.14711751071348264, 0.2398816453949976, 0.1272756542393282, 0.15376886507887647, 0.08034259643485595, 0.14469297145508098, 0.015533876113550017, -4.4860726607875 ]}