{"accuracy_":[0.9814089429914427],"accuracy_curves_":[[0.05108774255755092,0.21277268892370738,0.5249186452934795,0.7663613354224419,0.8734632999879475,0.9207243582017597,0.9458087260455587,0.9584789683017958,0.9647462938411474,0.9686633723032422,0.9717367723273472,0.973906231167892,0.9747499096058816,0.9755634566710859,0.9758949017717247,0.9764975292274316,0.9767988429552851,0.9772357478606726,0.9773713390382066,0.977627455706882,0.9779137037483427,0.9781547547306255,0.9781396890442329,0.9782752802217669,0.9783355429673376,0.9785313968904423,0.9789381704230444,0.9789833674822225,0.9789984331686151,0.9790737616005786,0.9792696155236833,0.9793750753284319,0.97942027238761,0.97942027238761,0.9794805351331807,0.9796613233698928,0.9797366518018561,0.9797667831746414,0.9798270459202121,0.9799475714113535,0.9799626370977462,0.9799777027841389,0.9801283596480656,0.9802036880800289,0.9802639508255996,0.9802790165119923,0.9802790165119923,0.9802790165119923,0.9802790165119923,0.9802790165119923,0.9803091478847776,0.980294082198385,0.9803091478847776,0.9805050018078824,0.9805351331806678,0.9805803302398457,0.9805953959262383,0.980655658671809,0.9806707243582018,0.9807159214173797,0.9807309871037725,0.9807611184765578,0.9808063155357358,0.9808063155357358,0.9808063155357358,0.9808063155357358,0.9808063155357358,0.9808063155357358,0.9808063155357358,0.9808063155357358,0.9808213812221285,0.9808213812221285,0.9808213812221285,0.9808213812221285,0.9808515125949139,0.9808515125949139,0.9808665782813065,0.9808665782813065,0.9808515125949139,0.9808515125949139,0.9808515125949139,0.9808515125949139,0.9808665782813065,0.9808816439676992,0.9808213812221285,0.9808213812221285,0.9808364469085211,0.9808364469085211,0.9808364469085211,0.9808364469085211,0.9808364469085211,0.9808364469085211,0.9808364469085211,0.9808515125949139,0.9808967096540918,0.9809268410268772,0.9809268410268772,0.9809268410268772,0.9809871037724479,0.9809871037724479,0.9810172351452332,0.9810172351452332,0.9810172351452332,0.9810172351452332,0.9810774978908039,0.9810774978908039,0.9810774978908039,0.9810774978908039,0.9810774978908039,0.9810774978908039,0.9810774978908039,0.9810774978908039,0.9810925635771965,0.9810925635771965,0.9810925635771965,0.9811076292635893,0.9811226949499819,0.9811226949499819,0.9811377606363746,0.9811377606363746,0.9811377606363746,0.9811377606363746,0.9811377606363746,0.9811377606363746,0.9811377606363746,0.9811377606363746,0.9811528263227672,0.9811528263227672,0.9811528263227672,0.98116789200916,0.98116789200916,0.98116789200916,0.9811829576955526,0.9812281547547306,0.9812281547547306,0.9812281547547306,0.981258286127516,0.981258286127516,0.981258286127516,0.981258286127516,0.981258286127516,0.9812733518139086,0.9812733518139086,0.9812733518139086,0.9812733518139086,0.9812733518139086,0.9812733518139086,0.9812733518139086,0.9812733518139086,0.9812733518139086,0.9812733518139086,0.9812733518139086,0.9812733518139086,0.9812733518139086,0.9812733518139086,0.9812733518139086,0.9812733518139086,0.9812733518139086,0.9812733518139086,0.9812733518139086,0.9812733518139086,0.9812733518139086,0.9812733518139086,0.9812733518139086,0.9812733518139086,0.9812733518139086,0.9812733518139086,0.9812733518139086,0.9812733518139086,0.9812733518139086,0.9812733518139086,0.9812733518139086,0.9812733518139086,0.9812733518139086,0.9812733518139086,0.9812733518139086,0.9813788116186574,0.9813788116186574,0.9813788116186574,0.98139387730505,0.98139387730505,0.98139387730505,0.98139387730505,0.98139387730505,0.98139387730505,0.98139387730505,0.98139387730505,0.98139387730505,0.98139387730505,0.98139387730505,0.98139387730505,0.98139387730505,0.98139387730505,0.98139387730505,0.98139387730505,0.98139387730505,0.98139387730505,0.98139387730505,0.98139387730505,0.9814089429914427]],"auc_":[0.6561771896696994],"average_targets_":[[[ 0, 0, 0, 0, 0, 0, 0, 0, 0.011940298507462687, 0.01951219512195122, 0.0345679012345679, 0, 0.026436781609195402, 0.015384615384615385, 0.010269576379974325, 0.0034602076124567475, 0.016982364467668192, 0.009454949944382647, 0.011964107676969093, 0.0107095046854083, 0.016331935555065107, 0.016055595494847832, 0.016643550624133148, 0.018838056039259143, 0.021528704939919895, 0.01845151953690304, 0.020352496852706674, 0.015474378488077117, 0.025165562913907286, 0.023625843780135006, 0.019618528610354225, 0.03782894736842105, 0.037521815008726006, 0.011940298507462687, 0.043333333333333335, 0.04433497536945813, 0.002680965147453083, 0.03608247422680412, 0.02830188679245283, 0.026785714285714284, 0, 0, 0, 0.03125, 0, 0, 0, 0, 0, 0.0625 ]],[[ 0, 0, 0, 0, 0, 0, 0, 0, 0, 0, 0, 0.3333333333333333, 0, 0, 0, 0.018867924528301886, 0, 0.020833333333333332, 0.010471204188481676, 0.024509803921568627, 0.0053475935828877, 0, 0.0031545741324921135, 0.013578274760383386, 0.02051901025950513, 0.01757066462948816, 0.01674574379012001, 0.014737291755659975, 0.015576829466169074, 0.010675129832660127, 0.016750197836982325, 0.020864999309105983, 0.020632279534109815, 0.02143172779496244, 0.02445054945054945, 0.027889908256880733, 0.026936026936026935, 0.02142857142857143, 0.03825136612021858, 0.021352313167259787, 0.04139433551198257, 0.03501945525291829, 0.01875, 0.014925373134328358, 0, 0.041666666666666664, 0, 0, 0, 0 ]],[[ 0, 0, 0, 0.009577015163607342, 0.007454739084132056, 0.016260162601626018, 0.018654560462236895, 0.031135531135531136, 0.11428571428571428, 0.1951219512195122, 0.08333333333333333, 0.1, 0.08571428571428572, 0.16666666666666666, 0.23809523809523808, 0, 0.5, 0.06666666666666667, 0.07142857142857142, 0.09090909090909091, 0.25, 0, 0.07692307692307693, 0.15384615384615385, 0.09090909090909091, 0, 0, 0.2857142857142857, 0.18181818181818182, 0, 0, 0, 0, 0, 0, 0, 0.3333333333333333, 0, 0, 0, 1, 0, 0, 0, 0, 0, 0, 0, 0, 0 ]],[[ 0, 0.017924528301886792, 0.015724101479915435, 0.0167893581299238, 0.016463950423160522, 0.026046511627906978, 0.004909983633387889, 0.05612244897959184, 0.05454545454545454, 0.26229508196721313, 0.1927710843373494, 0.045454545454545456, 0.23943661971830985, 0.10256410256410256, 0.03896103896103896, 0.10204081632653061, 0.15384615384615385, 0.06666666666666667, 0.05357142857142857, 0.09523809523809523, 0.08695652173913043, 0.3333333333333333, 0.16, 0.06976744186046512, 0.11538461538461539, 0.6666666666666666, 0.3333333333333333, 0, 0, 0, 0, 0, 0, 0, 0, 0, 0, 0, 0, 0, 0, 0, 0, 0, 0.125, 0, 0, 0, 0, 0 ]],[[ 0.010192081536652292, 0.016173081846889134, 0.020832026102779694, 0.01984732824427481, 0.5263157894736842, 0.40476190476190477, 0.34285714285714286, 0.3103448275862069, 0.08695652173913043, 0.1875, 0.5333333333333333, 0.15, 0.6363636363636364, 0.047619047619047616, 0.23076923076923078, 0.21428571428571427, 0.2222222222222222, 0, 0.5, 0, 0, 0.375, 0, 0.5, 1, 0, 0, 0, 0, 0, 0, 0, 0, 0, 0, 0, 0, 0, 0, 0, 0, 0, 0, 0, 0, 0, 0, 0, 0, 0 ]],[[ 0.018554702291695067, 0.011111111111111112, 0.05263157894736842, 0.05128205128205128, 0, 0.08333333333333333, 0, 0, 0, 0, 0, 0, 0, 0, 0, 0, 0, 0, 0, 0, 0, 0, 0, 0, 0, 0, 0, 0, 0, 0, 0, 0, 0, 0, 0, 0, 0, 0, 0, 0, 0, 0, 0, 0, 0, 0, 0, 0, 0, 0 ]]],"cross_entropy_":[0.08948264383768248],"feature_correlations_":[[ 0.027640922915842806 ],[ 0.029894429178016105 ],[ 0.06690882307798302 ],[ 0.07485522005323805 ],[ 0.08913193421732173 ],[ 0.006443205320625737 ]],