{"lambda_":0.0000000001,"learning_rate_":0.9,"scaler_":{"mean_":[0.8697199132265809,1.042974336731342,1.2814695661204698,1.0778772739401237,0.8922774244932199,1.1001427596015492,1.7338275560015508,1.3394644642962727,1.3323920992855995,0.9109468622944021],"std_":[0.8697199132265809,1.042974336731342,1.2814695661204698,1.0778772739401237,0.8922774244932199,1.1001427596015492,1.7338275560015508,1.3394644642962727,1.3323920992855995,0.9109468622944021]},"weights_":[ 0.3102762737415354, 0.2819805889155831, 0.22319151807638454, 0.22282636374673415, 0.1601525713420393, 0.15051445364019267, 0.11067935633953077, 0.11661236604579396, 0.10686982325186217, -0.0889961421528132, -4.4468704417145135 ]}