{"lambda_":0.0000000001,"learning_rate_":0.9,"scaler_":{"mean_":[1.2414795913171688,193.78156257874852],"std_":[1.2414795913171688,193.78156257874852]},"weights_":[ 0.47689177595927973, 0.017036506236054853, -4.085754330205359 ]}