{"lambda_":0.0000000001,"learning_rate_":0.9,"scaler_":{"mean_":[0.7197708142415836,1.0626298469710713,0.9111355231349197,0.9857043936842004,0.901476421277474,1.1363639819535278,1.44588428110731,1.7603154440640594,0.922984797254318,1.1318259717777472],"std_":[0.7197708142415836,1.0626298469710713,0.9111355231349197,0.9857043936842004,0.901476421277474,1.1363639819535278,1.44588428110731,1.7603154440640594,0.922984797254318,1.1318259717777472]},"weights_":[ 0.48965727217690885, 0.3320558027959299, 0.24538461371909925, 0.2822659567714518, 0.27122172020495117, 0.18968578177722464, -0.19796714746562755, 0.14612691891407448, 0.09443457049415901, -0.0969787363057649, -4.546905520764719 ]}