{"lambda_":0.0000000001,"learning_rate_":0.9,"scaler_":{"mean_":[1.3604728286573389,1.4727408569127547,0.6915969897749341,1.3237595315300645,0.5014630237237475,193.78156257874852],"std_":[1.3604728286573389,1.4727408569127547,0.6915969897749341,1.3237595315300645,0.5014630237237475,193.78156257874852]},"weights_":[ 0.4834724118650374, 0.27967240396173904, 0.19471819228698437, 0.09364236613588744, 0.041730845123539, 0.022950795090018884, -4.246647553024848 ]}