{"accuracy_":[0.9836830512404359],"accuracy_curves_":[[0.46061326223046606,0.6033793183399027,0.7450730350104335,0.8023127753303965,0.8381636911662416,0.8623348017621145,0.8785648040806863,0.8927080918154416,0.903692325527475,0.9116334338047762,0.9182703454671922,0.9245594713656388,0.9314282402040344,0.9356886158126594,0.9398040806862973,0.9434268490609784,0.9462091351727336,0.9489914212844888,0.9517737073962439,0.9540632970090425,0.9562949223278461,0.9583816369116624,0.9597148156735451,0.9616566195223742,0.9635404590772084,0.9647866913980988,0.9660619058659865,0.9671342453048922,0.9677428703918386,0.9686413169487595,0.9695107813586831,0.9702353350336193,0.971307674472525,0.9718583352654765,0.9725539067934152,0.9731335497333643,0.973510317644331,0.9739160677022954,0.974147924878275,0.9745826570832368,0.9752492464641781,0.9757129608161372,0.9759448179921169,0.9762056573150939,0.9767563181080454,0.9771620681660097,0.9775388360769766,0.9779156039879434,0.9782054254579179,0.9787850683978669,0.9789299791328542,0.9791908184558312,0.9793936934848133,0.9799443542777649,0.9801762114537445,0.9803790864827266,0.9806109436587063,0.9807268722466961,0.9808717829816833,0.9809587294226756,0.9811905865986552,0.981306515186645,0.9813644794806399,0.9816832830976119,0.9817122652446093,0.9816832830976119,0.9819731045675864,0.9820020867145838,0.982146997449571,0.9822629260375608,0.9823788546255506,0.9824368189195456,0.9825237653605379,0.9826976582425226,0.9827266403895201,0.9828135868305125,0.9829584975654997,0.9829874797124971,0.9830164618594945,0.9831034083004869,0.9832193368884767,0.9832193368884767,0.9831903547414792,0.983364247623464,0.9833932297704614,0.9834511940644562,0.9834801762114538,0.9834801762114538,0.9834801762114538,0.9835091583584512,0.9835961047994436,0.9835961047994436,0.9835381405054486,0.9835381405054486,0.9835671226524461,0.9835381405054486,0.9835381405054486,0.9835961047994436,0.9835961047994436,0.9835961047994436,0.9835671226524461,0.9835961047994436,0.9835961047994436,0.9835671226524461,0.9835671226524461,0.9835961047994436,0.9835961047994436,0.9835381405054486,0.9835381405054486,0.9835381405054486,0.9835381405054486,0.9835381405054486,0.9835671226524461,0.9835671226524461,0.9835671226524461,0.9835671226524461,0.9835671226524461,0.983625086946441,0.983625086946441,0.9836540690934384,0.9836830512404359,0.9836830512404359,0.9836830512404359,0.983625086946441,0.983625086946441,0.983625086946441,0.9835961047994436,0.9835961047994436,0.9835961047994436,0.983625086946441,0.9835961047994436,0.9836540690934384,0.9836540690934384,0.9836540690934384,0.9836540690934384,0.9836540690934384,0.9836540690934384,0.9836540690934384,0.9836540690934384,0.9836540690934384,0.9836540690934384,0.9836540690934384,0.9836540690934384,0.9836540690934384,0.9836540690934384,0.9836540690934384,0.983625086946441,0.9835961047994436,0.9835961047994436,0.9835961047994436,0.9835961047994436,0.9835961047994436,0.9835961047994436,0.9835961047994436,0.9835961047994436,0.9835671226524461,0.9835381405054486,0.9835381405054486,0.9835091583584512,0.9835381405054486,0.9835671226524461,0.9836830512404359,0.9836830512404359,0.9836830512404359,0.9836830512404359,0.9836830512404359,0.9836830512404359,0.9836830512404359,0.9836830512404359,0.9836830512404359,0.9836830512404359,0.9836830512404359,0.9836830512404359,0.9836830512404359,0.9836830512404359,0.9836830512404359,0.9836830512404359,0.9836830512404359,0.9836830512404359,0.9836830512404359,0.9836830512404359,0.9836830512404359,0.9836830512404359,0.9836830512404359,0.9836830512404359,0.9836830512404359,0.9836830512404359,0.9836830512404359,0.9836830512404359,0.9836830512404359,0.9836830512404359,0.9836830512404359,0.9836830512404359,0.9836830512404359,0.9836830512404359,0.9836830512404359,0.9836830512404359,0.9836830512404359,0.9836830512404359,0.9836540690934384]],"auc_":[0.7425210634536528],"average_targets_":[[[  ]],[[ 0.012934469441549684, 0.06947890818858561, 0.02608695652173913, 0.08947368421052632, 0.042105263157894736, 0.08, 0.17142857142857143, 0.14285714285714285, 0.1282051282051282, 0.25, 0.11538461538461539, 0.26666666666666666, 0.07142857142857142, 0, 0.05555555555555555, 0, 0.0625, 0.2222222222222222, 0.1111111111111111, 0, 0, 0, 1, 0, 1, 0.25, 0, 0.3333333333333333, 0, 1, 0, 0, 0, 0, 0, 0, 0, 0, 0, 0, 0, 0, 0, 0, 0, 0, 0, 0, 0, 0.5 ]],[[ 0.013979792844887843, 0.0303886925795053, 0.04900459418070444, 0.060240963855421686, 0.04782608695652174, 0.058333333333333334, 0.03571428571428571, 0.12, 0, 0, 0, 0, 0.1, 0, 0, 0, 0.05, 0, 0, 0, 0.1, 0, 0.125, 0, 0.4, 0, 0, 0, 0, 0, 0, 0, 0, 0, 0, 0, 0, 0, 0, 0, 0, 0, 0, 0, 0, 0, 0, 0, 0, 0 ]],[[ 0.012732615083251714, 0.01935993678387989, 0.029965156794425088, 0.04081632653061224, 0.04888888888888889, 0.07166123778501629, 0.028037383177570093, 0.023809523809523808, 0.08064516129032258, 0.08955223880597014, 0, 0.10606060606060606, 0, 0.10810810810810811, 0.125, 0.0625, 0.15384615384615385, 0, 0.05263157894736842, 0.058823529411764705, 0.2, 0, 0, 0, 0.5, 0, 0.5, 0, 0, 0, 0, 0, 0, 0, 0, 0, 0, 0, 0, 0, 0, 0, 0, 0, 0, 0, 0, 0, 0, 0 ]],[[ 0.013402218507825558, 0.0532994923857868, 0.05859375, 0.07264957264957266, 0.11409395973154363, 0.07563025210084033, 0.1518987341772152, 0.11267605633802817, 0.08823529411764706, 0.1282051282051282, 0.11904761904761904, 0.03225806451612903, 0.1, 0, 0.06666666666666667, 0, 0, 0.1111111111111111, 0.125, 0, 0, 0, 0, 0, 0, 0, 0, 0, 0, 0, 0, 0, 0, 0.3333333333333333, 0, 0, 0, 0, 0, 0, 0, 0, 0, 0, 0, 0, 0, 0, 0, 0 ]],[[ 0.012521139586314557, 0.019969278033794162, 0.04630650496141125, 0.03131991051454139, 0.046263345195729534, 0.06896551724137931, 0.075, 0.12686567164179105, 0.1875, 0.05714285714285714, 0.125, 0.15384615384615385, 0.1875, 0.15789473684210525, 0, 0.45454545454545453, 0.14285714285714285, 0.14285714285714285, 0.25, 0, 0, 0, 0, 0, 1, 0, 0, 0, 0, 0, 0, 0, 0, 0, 0, 0, 0, 0, 0, 0, 1, 0, 0, 0, 0, 0, 0, 0, 0 ]],[[ 0.012132734185966125, 0.027161862527716185, 0.027210884353741496, 0.03201219512195122, 0.053488372093023255, 0, 0.0375, 0.027237354085603113, 0.07614213197969544, 0.07518796992481203, 0.07142857142857142, 0, 0.014492753623188406, 0.019230769230769232, 0.06097560975609756, 0.08928571428571429, 0, 0.058823529411764705, 0.06451612903225806, 0.1794871794871795, 0.13043478260869565, 0, 0, 0.2, 0, 0.06666666666666667, 0, 0, 0.1, 0, 0, 0.2222222222222222, 0, 0, 0, 1, 0, 0, 0, 0, 0, 0, 0, 0, 0, 0, 0, 0, 0, 0 ]],[[ 0.013443574854834637, 0.03587443946188341, 0.033210332103321034, 0.07581227436823104, 0.11057692307692307, 0.09375, 0.017094017094017096, 0, 0.01282051282051282, 0.0392156862745098, 0.10344827586206896, 0.06451612903225806, 0.07142857142857142, 0, 0, 0.25, 0.03333333333333333, 0, 0.0625, 0, 0, 0, 0.03571428571428571, 0, 0, 0, 0, 0, 0, 0, 0, 0, 0, 0, 0.5, 0, 0, 0, 0, 0, 0, 0, 0, 0, 0, 0, 0, 0, 0, 0 ]],[[  ]],[[ 0.016236615762682115, 0.032467532467532464, 0.02040816326530612, 0, 0, 0.07692307692307693, 0.09090909090909091, 0, 0, 0, 0, 0.1111111111111111, 0, 0, 0, 0, 0, 0, 0, 0, 0, 0, 0, 0, 0, 0, 0, 0, 0, 0, 0, 0, 0, 0, 0, 0, 0, 0, 0, 0, 0, 0, 0, 0, 0, 0, 0, 0, 0, 0 ]]],"cross_entropy_":[0.07409360264904018],"feature_correlations_":[[ 0 ],[ 0.10550687649922215 ],[ 0.0435873139897835 ],[ 0.07501456821481216 ],[ 0.08414025749474352 ],[ 0.11114051054481791 ],[ 0.08083406108653154 ],[ 0.0633082554106692 ],[ 0 ],[ 0.009792223776989408 ]],