{"lambda_":0.0000000001,"learning_rate_":0.9,"scaler_":{"mean_":[3.2041989846338748,28.47338447233845,1.4092507610863665,0.4538399244162505,2.7335619099023183,0.3950075733717251,0.9307186454912194,0.17380138270271892,63.07781653495812,0.5365808851097014,2015.0493318936428,21.968579846107026],"std_":[19.534187817783945,237.83005716009507,2.470402180681336,2.989955764678563,32.804770857245416,2.1336516092029485,3.62595485203905,1.3148720940925682,484.8549027313352,1.8726755764622083,0.21656005613333731,193.78156257874852]},"weights_":[ 0.07791171882957357, 0.039175363219195035, 0.13550189750634603, 0.06695418488484589, -0.004096987493958273, 0.0715637103598425, 0.17360735375876227, 0.05550042037383269, 0.03865467681513379, 0.19017242817665922, -0.0024101313366790907, 0.018429254051664127, -4.116572342934133 ]}