{"accuracy_":[0.9836830512404359],"accuracy_curves_":[[0.8323092974727568,0.9076049153721307,0.9346162763737538,0.9506434036633434,0.9591641548805936,0.9647577092511013,0.9676849060978437,0.9704671922095989,0.9727277996753999,0.9743218177602597,0.9755970322281474,0.976727335961048,0.9775098539299791,0.9780894968699281,0.9785532112218873,0.9793357291908185,0.9794516577788083,0.97988638998377,0.9799733364247624,0.9799733364247624,0.9803501043357292,0.9803790864827266,0.9805819615117087,0.9809007651286807,0.9810166937166706,0.9811326223046604,0.9812775330396476,0.9813934616276374,0.9813644794806399,0.9814224437746348,0.9814514259216323,0.9815093902156272,0.9816543009506145,0.9816543009506145,0.9818571759795965,0.9820890331555762,0.9821759795965685,0.9825817296545328,0.9826107118015303,0.9825817296545328,0.9826396939485277,0.9826107118015303,0.9826396939485277,0.9826396939485277,0.9826396939485277,0.9826107118015303,0.9826107118015303,0.9828135868305125,0.9828715511245073,0.9829295154185022,0.9829295154185022,0.9829005332715047,0.9829005332715047,0.9829005332715047,0.9829295154185022,0.9829584975654997,0.9829584975654997,0.9829874797124971,0.9829874797124971,0.9829874797124971,0.9829584975654997,0.9829874797124971,0.9829584975654997,0.983045444006492,0.983045444006492,0.983045444006492,0.9830164618594945,0.983045444006492,0.983045444006492,0.983045444006492,0.983045444006492,0.983045444006492,0.9830744261534895,0.9830744261534895,0.983045444006492,0.983045444006492,0.983045444006492,0.983045444006492,0.983045444006492,0.983045444006492,0.9830744261534895,0.9830744261534895,0.9831034083004869,0.9831034083004869,0.9831613725944818,0.9831613725944818,0.9831613725944818,0.9831613725944818,0.9832193368884767,0.983306283329469,0.9832773011824716,0.983306283329469,0.9833352654764665,0.9833352654764665,0.983364247623464,0.983364247623464,0.983364247623464,0.9833932297704614,0.9833932297704614,0.9833932297704614,0.9833932297704614,0.9833932297704614,0.9833932297704614,0.9833932297704614,0.9834511940644562,0.9834801762114538,0.9834511940644562,0.9834511940644562,0.9834511940644562,0.9834511940644562,0.9834511940644562,0.9834511940644562,0.9834222119174588,0.9834222119174588,0.9834511940644562,0.9834511940644562,0.9834511940644562,0.9834511940644562,0.9834511940644562,0.9834511940644562,0.9834511940644562,0.9834511940644562,0.9834511940644562,0.9835091583584512,0.9835091583584512,0.9835091583584512,0.9835091583584512,0.9835091583584512,0.9835091583584512,0.9835671226524461,0.9835671226524461,0.9835671226524461,0.9835671226524461,0.9835671226524461,0.9835671226524461,0.9835671226524461,0.9835091583584512,0.9835091583584512,0.9835091583584512,0.9835091583584512,0.9835091583584512,0.9835091583584512,0.9835091583584512,0.9835091583584512,0.9835091583584512,0.9835091583584512,0.9835091583584512,0.9835091583584512,0.9835091583584512,0.9834801762114538,0.9834801762114538,0.9834801762114538,0.9834801762114538,0.9834801762114538,0.9835091583584512,0.9835091583584512,0.9835091583584512,0.9835091583584512,0.9835091583584512,0.9835091583584512,0.9835961047994436,0.9835961047994436,0.9835961047994436,0.9835961047994436,0.9835961047994436,0.983625086946441,0.983625086946441,0.9835961047994436,0.9835961047994436,0.9835961047994436,0.9835961047994436,0.9835961047994436,0.9835961047994436,0.9835961047994436,0.9835961047994436,0.9835671226524461,0.9835671226524461,0.9835671226524461,0.983625086946441,0.983625086946441,0.983625086946441,0.983625086946441,0.983625086946441,0.983625086946441,0.983625086946441,0.983625086946441,0.9836540690934384,0.9836540690934384,0.9836540690934384,0.9836540690934384,0.9836540690934384,0.9836540690934384,0.9836540690934384,0.9836540690934384,0.9836540690934384,0.9836830512404359,0.9836830512404359,0.9836830512404359,0.9836830512404359,0.9836540690934384]],"auc_":[0.7199402000610284],"average_targets_":[[[ 0.015094227276787043, 0.04918032786885246, 0.04242424242424243, 0.06666666666666667, 0.16216216216216217, 0.2, 0.2, 0.058823529411764705, 0, 0.125, 0.3333333333333333, 0, 0, 0.05128205128205128, 0, 0.125, 0, 0, 0, 0, 1, 0, 0, 0, 0, 0, 0.5, 0, 0, 0, 0, 0, 0, 1, 0, 0, 0, 0, 0, 0, 0, 0, 0, 0, 0, 0, 0, 0, 0, 0 ]],[[  ]],[[ 0.010247068199931686, 0.014970782827063312, 0.01156737998843262, 0.056265984654731455, 0.03169014084507042, 0.02608695652173913, 0.033854166666666664, 0.0379746835443038, 0.07913669064748201, 0.04, 0.038461538461538464, 0.03125, 0.18055555555555555, 0, 0, 0, 0.07407407407407407, 0.06451612903225806, 0.05263157894736842, 0.043478260869565216, 0.08, 0.1, 0.09090909090909091, 0, 0.2, 0, 0, 0, 0, 0, 0, 0, 0, 0, 0, 0, 0, 0, 0, 0, 0, 0, 0, 0, 0, 0, 0, 0, 0, 0 ]],[[ 0.01485879622652883, 0.05845181674565561, 0.014084507042253521, 0.09523809523809523, 0.08108108108108109, 0.03508771929824561, 0.041666666666666664, 0.13725490196078433, 0.05714285714285714, 0, 0.1, 0.25, 0, 0, 0, 0, 0, 0, 0, 0, 0, 0, 0, 0, 0, 0, 0, 0, 0, 0, 0, 0, 0, 0, 0, 0, 0, 0, 0, 0, 0, 0, 0, 0, 0, 0, 0, 0, 0, 0 ]],[[  ]],[[ 0.014368352304534428, 0.03515151515151515, 0.01809954751131222, 0.01876675603217158, 0.11891891891891893, 0.028169014084507043, 0.027777777777777776, 0.034482758620689655, 0.13953488372093023, 0.05263157894736842, 0, 0.09433962264150944, 0.25, 0.16666666666666666, 0.14285714285714285, 0.25, 0.16666666666666666, 0, 0, 0, 0, 0, 0, 0, 0.14285714285714285, 0, 0, 0, 0.6666666666666666, 0, 0, 0, 0, 0, 0, 0, 0, 0, 0, 0, 1, 0, 0, 0, 0, 0, 0, 0, 1, 0 ]],[[ 0.013263018284018062, 0.0247229326513214, 0.0311284046692607, 0.10510510510510511, 0.056962025316455694, 0.05521472392638037, 0.0425531914893617, 0.06363636363636363, 0.07352941176470588, 0.10638297872340426, 0.09523809523809523, 0.3, 0.13636363636363635, 0.16666666666666666, 0.06060606060606061, 0, 0.25, 0.08333333333333333, 0.3333333333333333, 0, 0, 0.5, 0, 0, 0, 0, 0, 0, 0, 1, 0, 0, 0, 0, 0, 0, 0, 0, 0, 0, 0, 0, 0, 0, 0, 0, 0, 1, 0, 0 ]],[[ 0.014829431638114031, 0.05329153605015674, 0.11347517730496454, 0.017341040462427744, 0.11904761904761904, 0.35714285714285715, 0.5714285714285714, 0, 0, 0.16666666666666666, 0, 0, 0, 0, 0, 0, 0, 0, 0, 0, 0, 0, 0, 0, 0, 0, 0, 0, 0, 0, 0, 0, 0, 0, 0, 0, 0, 0, 0, 0, 0, 0, 0, 0, 0, 0, 0, 0, 0, 0 ]],[[ 0.014687994161294246, 0.04903225806451613, 0.05217391304347826, 0.07142857142857142, 0.033707865168539325, 0.06896551724137931, 0.041666666666666664, 0.03571428571428571, 0.06666666666666667, 0, 0, 0, 0.14285714285714285, 0, 0, 0, 0, 0, 0, 0.045454545454545456, 0, 0, 0.09090909090909091, 0, 0, 0, 0, 0, 0, 0, 0, 0, 0, 0, 0, 0, 0, 0, 0, 0, 0, 0, 0, 0, 0, 0, 0, 0, 0, 0 ]],[[ 0.01282787669921501, 0.01210179747285994, 0.03166421207658321, 0.03238095238095238, 0.07079646017699115, 0.050505050505050504, 0.05063291139240506, 0.15217391304347827, 0.12121212121212122, 0.1044776119402985, 0.20930232558139536, 0.2982456140350877, 0.19230769230769232, 0.14285714285714285, 0.10344827586206896, 0.15384615384615385, 0.05555555555555555, 0.23076923076923078, 0.1, 0.2, 0.4, 0.14285714285714285, 0.0625, 0.25, 0, 0, 0, 0, 0, 0, 0, 0, 0, 0, 0, 0, 0, 0, 0, 0, 0.3333333333333333, 0, 0, 0, 0, 0, 0, 0, 0, 0 ]],[[  ]],[[ 0.016236615762682115, 0.032467532467532464, 0.02040816326530612, 0, 0, 0.07692307692307693, 0.09090909090909091, 0, 0, 0, 0, 0.1111111111111111, 0, 0, 0, 0, 0, 0, 0, 0, 0, 0, 0, 0, 0, 0, 0, 0, 0, 0, 0, 0, 0, 0, 0, 0, 0, 0, 0, 0, 0, 0, 0, 0, 0, 0, 0, 0, 0, 0 ]]],"cross_entropy_":[0.07851770283680269],"feature_correlations_":[[ 0.057648298402784695 ],[ 0 ],[ 0.05459942295543471 ],[ 0.036544431449175886 ],[ 0 ],[ 0.07769769324901137 ],[ 0.1123843914312567 ],[ 0.04730806768558934 ],[ 0.039471232092356597 ],[ 0.12552899399796338 ],[ 0 ],[ 0.009792223776989408 ]],