{"lambda_":0.0000000001,"learning_rate_":0.9,"scaler_":{"mean_":[0.872574183788229,1.0429743367313427,1.2710844314516656,1.0773434087654643,1.0954857943804914,1.7338275560015513,1.2868928122578287,1.389553939882348,0.9115063364082445,1.0995342933631327],"std_":[0.872574183788229,1.0429743367313427,1.2710844314516656,1.0773434087654643,1.0954857943804914,1.7338275560015513,1.2868928122578287,1.389553939882348,0.9115063364082445,1.0995342933631327]},"weights_":[ 0.3360082143072119, 0.3003650459619666, 0.23245871606757407, 0.23183884399181406, 0.23897130755428816, 0.10684650343969933, 0.12847299711099183, 0.10920357750965888, -0.07716801081927634, 0.12570714071775127, -4.476658292180295 ]}