{"accuracy_":[0.9815445341689767],"accuracy_curves_":[[0.34331686151621066,0.5381161865734603,0.6593045679161142,0.7390020489333494,0.7919579366035917,0.8267747378570568,0.8533054115945522,0.8735386284199108,0.8887097746173316,0.9001446305893697,0.9093346992888997,0.9165511630709895,0.9219296131131735,0.9267054356996505,0.9321592141737978,0.9363625406773533,0.9394208750150657,0.9426449319030975,0.9464414848740509,0.9488821260696637,0.9511419790285646,0.9531457153187899,0.9547728094491985,0.9563999035796071,0.9580420633964083,0.9592774496806075,0.9608442810654454,0.9622001928407858,0.9634054477521996,0.964580571290828,0.9657707605158491,0.9667500301313728,0.967473183078221,0.9683168615162107,0.9689345546583102,0.9694317223092684,0.9699590213330119,0.9705315174159335,0.9711793419308183,0.9716011811498132,0.9718723635048813,0.9723845968422321,0.9728215017476196,0.9732433409666145,0.9736651801856092,0.9743130047004942,0.974734843919489,0.9751566831384838,0.9755935880438713,0.9756990478486199,0.9761510184404002,0.9763619380498976,0.9765879233457876,0.9766933831505363,0.9768289743280704,0.9769344341328191,0.9773864047245993,0.9776425213932747,0.977853441002772,0.9779589008075208,0.9781396890442329,0.9782752802217669,0.978501265517657,0.9786067253224057,0.9786519223815837,0.9788477763046884,0.9789231047366518,0.9790436302277932,0.9791792214053272,0.9791942870917199,0.9792394841508979,0.9792997468964686,0.9794956008195733,0.9796763890562854,0.9797818488610341,0.9799325057249608,0.9799777027841389,0.9799927684705315,0.9799777027841389,0.9800530312161022,0.9800982282752803,0.9800831625888875,0.980158491020851,0.9801434253344582,0.9802790165119923,0.9803392792575629,0.980429673375919,0.9804899361214897,0.9805351331806678,0.9805351331806678,0.9805803302398457,0.9806104616126311,0.980655658671809,0.980655658671809,0.9806405929854164,0.9806707243582018,0.9806255272990237,0.9806255272990237,0.980655658671809,0.980655658671809,0.980655658671809,0.9806857900445944,0.9807309871037725,0.9808213812221285,0.9808213812221285,0.9808816439676992,0.9808967096540918,0.9809569723996625,0.9809569723996625,0.9810172351452332,0.9811076292635893,0.9811528263227672,0.9811226949499819,0.9811377606363746,0.9811226949499819,0.9811226949499819,0.9811226949499819,0.9811528263227672,0.98116789200916,0.9811528263227672,0.98116789200916,0.98116789200916,0.9811980233819453,0.9811980233819453,0.9811829576955526,0.9811829576955526,0.9811829576955526,0.9811980233819453,0.9811980233819453,0.9812130890683379,0.9812281547547306,0.9811980233819453,0.98116789200916,0.9812130890683379,0.9812130890683379,0.9812281547547306,0.9812281547547306,0.981258286127516,0.9812281547547306,0.9812281547547306,0.9812432204411233,0.9812432204411233,0.981258286127516,0.981258286127516,0.9812432204411233,0.9812432204411233,0.9812281547547306,0.9811980233819453,0.9811980233819453,0.9812281547547306,0.9812432204411233,0.9812281547547306,0.981258286127516,0.9812884175003013,0.9812733518139086,0.981303483186694,0.9812884175003013,0.981303483186694,0.981348680245872,0.9813336145594793,0.9813788116186574,0.9813637459322647,0.9813788116186574,0.98139387730505,0.9814089429914427,0.9814390743642281,0.981484271423406,0.9814993371097988,0.981529468482584,0.9815445341689767,0.9815144027961914,0.9815144027961914,0.9814692057370134,0.9814390743642281,0.9814390743642281,0.9814390743642281,0.9814240086778354,0.9814240086778354,0.9814089429914427,0.9814089429914427,0.9814240086778354,0.9814240086778354,0.9814390743642281,0.9814240086778354,0.9814240086778354,0.9814692057370134,0.9814240086778354,0.9814390743642281,0.9814390743642281,0.9814390743642281,0.9814390743642281,0.9814390743642281,0.9814240086778354,0.9814240086778354,0.9814240086778354,0.9814240086778354,0.9814240086778354,0.9814240086778354,0.9814240086778354,0.9814089429914427]],"auc_":[0.7896576968096665],"average_targets_":[],"cross_entropy_":[0.077696867955901],"feature_correlations_":[[ 0.07034642177688856 ],[ 0.0974326799684812 ],[ 0.04349611973823471 ],[ -0.001850765441117029 ],[ 0.014917494461269686 ],[ 0.06397558405225734 ],[ 0.14885386350304827 ],[ 0.06110853428254232 ],[ 0.08671728443853025 ],[ 0.07322995771754158 ],[ 0.03874516402215526 ],[ 0.04446251382281136 ],[ 0.06510963210475194 ],[ 0.07548323324672375 ],[ 0.04926131659022948 ],[ 0.06520395653058185 ],[ 0.036795300025507835 ],[ 0.08560727619949446 ],[ 0.021691614402186105 ],[ 0.055754116174765715 ]],"feature_densities_":[],"feature_importances_":[[ 0.06006351309119315 ],[ 0.05277347835969131 ],[ 0.0695938456024894 ],[ 0.0007771543665214393 ],[ 0.005500554824358767 ],[ 0.024901288902328993 ],[ 0.04336643428639973 ],[ 0.12763792258382148 ],[ 0.053793107049497836 ],[ 0.011793058745972494 ],[ 0.016024677808100865 ],[ 0.016029449053372585 ],[ 0.11725164708242145 ],[ 0.07230688353321164 ],[ 0.04054593726405366 ],[ 0.07637234374345095 ],[ 0.0679566617198756 ],[ 0.07186014597020227 ],[ 0.019708629757290385 ],[ 0.0517432662557462 ]],