{"lambda_":0.0000000001,"learning_rate_":0.9,"scaler_":{"mean_":[1.0435916065684259,1.099680610133934,1.733827556001552,16.48793909838424,0.5501350067663071,193.78156257874852],"std_":[1.0435916065684259,1.099680610133934,1.733827556001552,16.48793909838424,0.5501350067663071,193.78156257874852]},"weights_":[ 0.4789396531026215, 0.39032167258669936, 0.15743344779516955, 0.10974218276740115, 0.03274041084615349, 0.027005216875995962, -4.282079279223876 ]}