{"accuracy_":[0.9815445341689767],"accuracy_curves_":[[0.4100126551765698,0.4322948053513318,0.7567946245630951,0.8175846691575268,0.8888001687356876,0.9095305532120044,0.9153911052187538,0.9234361817524407,0.9370404965650235,0.9460497770278414,0.9503736290225383,0.9511419790285646,0.9519253947209835,0.9527238760997951,0.9530251898276485,0.9604224418464505,0.9621549957816078,0.962652163432566,0.966554176208268,0.9669458840544776,0.967202000723153,0.9673978546462577,0.967563577196577,0.96803061347475,0.968166204652284,0.9683771242617814,0.9693563938773051,0.969401590936483,0.9694166566228757,0.9695522478004098,0.9697029046643365,0.9733939978305411,0.9750210919609498,0.9750662890201277,0.9752169458840545,0.9752922743160178,0.9753374713751959,0.9753525370615885,0.9753676027479812,0.9753977341207666,0.9754881282391226,0.9755031939255152,0.9755031939255152,0.975518259611908,0.9755333252983006,0.9755333252983006,0.9764673978546463,0.9764975292274316,0.9765125949138243,0.9789532361094372,0.9796161263107147,0.9796462576835001,0.9798119802338194,0.9798873086657828,0.9799475714113535,0.9800680969024949,0.9800982282752803,0.9801434253344582,0.9801283596480656,0.9802036880800289,0.9802187537664216,0.9802639508255996,0.9802639508255996,0.980294082198385,0.9803694106303483,0.9803694106303483,0.9803694106303483,0.9803694106303483,0.980384476316741,0.9808515125949139,0.9811076292635893,0.9811076292635893,0.9811076292635893,0.9811076292635893,0.9811528263227672,0.9811829576955526,0.9811980233819453,0.9811980233819453,0.9811980233819453,0.9812281547547306,0.9812432204411233,0.9812432204411233,0.981258286127516,0.981258286127516,0.981258286127516,0.981258286127516,0.981258286127516,0.981258286127516,0.981258286127516,0.981258286127516,0.9812733518139086,0.9812733518139086,0.9812884175003013,0.981303483186694,0.981303483186694,0.981303483186694,0.981303483186694,0.981303483186694,0.981303483186694,0.981303483186694,0.981303483186694,0.981303483186694,0.9814390743642281,0.9814692057370134,0.9814692057370134,0.9815445341689767,0.9815445341689767,0.9813185488730867,0.9813185488730867,0.9812884175003013,0.9812884175003013,0.9812884175003013,0.981303483186694,0.981303483186694,0.981303483186694,0.981303483186694,0.981303483186694,0.981303483186694,0.981303483186694,0.981303483186694,0.981303483186694,0.981303483186694,0.981303483186694,0.981303483186694,0.981303483186694,0.981303483186694,0.981303483186694,0.981303483186694,0.981303483186694,0.981303483186694,0.981303483186694,0.981303483186694,0.981303483186694,0.981303483186694,0.981303483186694,0.981303483186694,0.981303483186694,0.981303483186694,0.981303483186694,0.98139387730505,0.9814089429914427,0.9814089429914427,0.9814089429914427,0.9814089429914427,0.9814089429914427,0.9814089429914427,0.98139387730505,0.98139387730505,0.98139387730505,0.98139387730505,0.98139387730505,0.98139387730505,0.98139387730505,0.98139387730505,0.98139387730505,0.98139387730505,0.98139387730505,0.98139387730505,0.98139387730505,0.98139387730505,0.98139387730505,0.98139387730505,0.98139387730505,0.98139387730505,0.98139387730505,0.98139387730505,0.98139387730505,0.98139387730505,0.98139387730505,0.98139387730505,0.98139387730505,0.98139387730505,0.98139387730505,0.98139387730505,0.98139387730505,0.98139387730505,0.98139387730505,0.98139387730505,0.98139387730505,0.98139387730505,0.98139387730505,0.98139387730505,0.98139387730505,0.98139387730505,0.98139387730505,0.98139387730505,0.98139387730505,0.98139387730505,0.98139387730505,0.98139387730505,0.98139387730505,0.98139387730505,0.98139387730505,0.98139387730505,0.98139387730505,0.98139387730505,0.98139387730505,0.98139387730505,0.98139387730505,0.9814089429914427]],"auc_":[0.706776847109308],"average_targets_":[[[ 0.01234040180645641, 0, 0, 0, 0, 0, 0, 0, 0, 0, 0, 0, 0, 0, 0, 0, 0, 0, 0, 0, 0.0234676700663432, 0, 0, 0, 0, 0, 0, 0, 0, 0, 0, 0, 0, 0, 0, 0, 0, 0, 0, 0, 0, 0, 0, 0, 0, 0, 0, 0, 0, 0.13481781376518218 ]],[[ 0.011682980738869593, 0, 0.15555555555555556, 0.12045270816491511, 0.027838427947598252, 0, 0, 0, 0, 0, 0, 0, 0, 0, 0, 0, 0, 0, 0, 0, 0.017885205417945072, 0.00819672131147541, 0.005076142131979695, 0.01107011070110701, 0, 0, 0, 0, 0, 0, 0, 0, 0, 0, 0, 0, 0, 0, 0, 0, 0, 0, 0, 0, 0, 0, 0, 0, 0, 0.14285714285714285 ]],[[ 0.01622228553233564, 0.012099213551119177, 0.029069767441860465, 0.005780346820809248, 0.05714285714285714, 0.0927968851395198, 0.03803131991051454, 0, 0, 0, 0.047619047619047616, 0, 0, 0, 0.09302325581395349, 0, 0, 0, 0.2, 0, 0, 0, 0, 0, 0, 0, 0, 0, 0, 0, 0, 0, 0, 0, 0, 0, 0, 0, 0, 0, 0, 0, 0, 0, 0, 0, 0, 0, 0, 0 ]],[[ 0.017919372722952638, 0.012948681329144054, 0.022764227642276424, 0.019801980198019802, 0.02, 0.0297029702970297, 0, 0, 0, 0, 0, 0, 0, 0, 0, 0, 0, 0, 0, 0, 0, 0, 0, 0, 0, 0, 0, 0, 0, 0, 0, 0, 0, 0, 0, 0, 0, 0, 0, 0, 0, 0, 0, 0, 0, 0, 0, 0, 0, 0.04612954186413902 ]],[[ 0.021834061135371178, 0.01852734610862173, 0.004273504273504274, 0.02905027932960894, 0.03571428571428571, 0.03578528827037773, 0.005813953488372093, 0, 0, 0, 0, 0, 0, 0, 0, 0, 0, 0, 0, 0.3333333333333333, 0, 0, 0, 0, 0, 0, 0, 0, 0, 0, 0, 0, 0, 0, 0, 0, 0, 0, 0, 0, 0, 0, 0, 0, 0, 0, 0, 0, 0 ]],[[ 0.018554702291695067, 0.011111111111111112, 0.05263157894736842, 0.05128205128205128, 0, 0.08333333333333333, 0, 0, 0, 0, 0, 0, 0, 0, 0, 0, 0, 0, 0, 0, 0, 0, 0, 0, 0, 0, 0, 0, 0, 0, 0, 0, 0, 0, 0, 0, 0, 0, 0, 0, 0, 0, 0, 0, 0, 0, 0, 0, 0, 0 ]]],"cross_entropy_":[0.08502493996288474],"feature_correlations_":[[ 0.14966356815402118 ],[ 0.03605536349325832 ],[ 0.06331159400032135 ],[ 0.045295163706534636 ],[ 0.0005024230010744268 ],[ 0.006443205320625737 ]],"feature_densities_":[[ 53807, 0, 0, 0, 0, 0, 0, 0, 0, 0, 0, 0, 0, 0, 0, 0, 0, 0, 0, 0, 10099, 0, 0, 0, 0, 0, 0, 0, 0, 0, 0, 0, 0, 0, 0, 0, 0, 0, 0, 0, 0, 0, 0, 0, 0, 0, 0, 0, 0, 2470 ],[ 31670, 0, 45, 1237, 5496, 0, 0, 0, 5, 0, 10, 1, 0, 0, 0, 0, 1, 3, 22, 29, 26726, 122, 197, 271, 37, 0, 0, 0, 0, 0, 0, 0, 0, 0, 0, 0, 0, 0, 0, 0, 0, 0, 0, 0, 0, 0, 0, 0, 0, 504 ],[ 59671, 1653, 860, 1038, 700, 1541, 447, 51, 14, 72, 168, 0, 73, 0, 43, 0, 25, 0, 15, 0, 0, 0, 0, 0, 0, 4, 0, 0, 0, 0, 0, 0, 0, 0, 0, 0, 0, 0, 0, 0, 0, 0, 0, 0, 0, 0, 0, 0, 0, 1 ],[ 50504, 10503, 1230, 707, 100, 101, 28, 2, 6, 5, 0, 0, 11, 6, 6, 1, 0, 0, 0, 0, 0, 0, 0, 0, 0, 1, 0, 0, 0, 0, 0, 0, 0, 0, 0, 0, 0, 0, 0, 0, 0, 0, 0, 0, 0, 0, 0, 0, 0, 3165 ],[ 229, 62934, 936, 895, 364, 503, 172, 108, 164, 6, 23, 5, 7, 4, 1, 1, 1, 0, 0, 3, 0, 4, 3, 0, 3, 0, 0, 0, 1, 0, 0, 0, 3, 0, 0, 1, 0, 0, 0, 0, 0, 0, 0, 0, 0, 0, 0, 4, 1 ],[ 66021, 180, 76, 39, 17, 12, 15, 2, 4, 0, 2, 1, 0, 1, 0, 0, 2, 0, 1, 0, 0, 0, 0, 0, 0, 0, 1, 0, 0, 0, 0, 0, 0, 0, 0, 0, 0, 0, 0, 0, 0, 0, 0, 0, 0, 0, 0, 0, 0, 2 ]],"feature_importances_":[[ 0.400390090542411 ],[ 0.3263060989317747 ],[ 0.13161322519187094 ],[ 0.09174367210966074 ],[ 0.027370746978593364 ],[ 0.022576166245689137 ]],"feature_names_":["FEATURE_1","FEATURE_2","FEATURE_3","FEATURE_4","FEATURE_5","COST"],