{"lambda_":0.0000000001,"learning_rate_":0.9,"scaler_":{"mean_":[0.832627986455258,0.9063931388280978,1.0646938023561592,3.97459053428896,0.4936255637116892,193.78156257874852],"std_":[0.832627986455258,0.9063931388280978,1.0646938023561592,3.97459053428896,0.4936255637116892,193.78156257874852]},"weights_":[ 0.48328256339935843, 0.4233018844328935, 0.33375808187944156, 0.1198930796977055, 0.029129270349877032, 0.020606963807521163, -4.3506627078309155 ]}