{"accuracy_":[0.9814089429914427],"accuracy_curves_":[[0.02402976979631192,0.06264312402073038,0.2881613836326383,0.43306315535735806,0.5638785103049295,0.6355007834156924,0.6769766180547185,0.7021363143304808,0.720094612510546,0.7366216704833072,0.7557852235747861,0.7758376521634326,0.7955134385922623,0.8169067132698565,0.8357086898879112,0.850006026274557,0.8637308665782814,0.8760244666747017,0.8851844040014463,0.8957755815354947,0.9043630227793178,0.9106906110642401,0.915195251295649,0.9190068699529951,0.9222911895865976,0.9253796552970953,0.927368325900928,0.9289652886585513,0.9314511269133422,0.9328070386886826,0.9341026877184525,0.9347957092925153,0.9354887308665782,0.9362872122453899,0.9369651681330602,0.937567795588767,0.9382156201036519,0.9389538387368929,0.9399632397252019,0.9409575750271182,0.9416656622875739,0.9425244064119561,0.9434886103410871,0.9443925515246475,0.9455978064360612,0.9468331927202603,0.948460286850669,0.9501777750994336,0.9514282270700253,0.9532059780643606,0.9547577437628059,0.9562040496565023,0.9576352898638062,0.9594431722309268,0.9608894781246233,0.9620947330360371,0.9633451850066289,0.9643847173677232,0.9656351693383151,0.9666144389538387,0.9674430517054357,0.968437387007352,0.9691605399542003,0.9700494154513679,0.9708478968301796,0.9713902615403158,0.9721284801735567,0.9725955164517296,0.9730625527299024,0.9737555743039653,0.9741924792093528,0.9748403037242377,0.9757291792214053,0.9761962154995781,0.976753645896107,0.9770248282511751,0.9776575870796673,0.9779589008075208,0.9783656743401229,0.978501265517657,0.9786067253224057,0.9787724478727251,0.9789532361094372,0.9790888272869712,0.9792244184645053,0.979284681210076,0.9792997468964686,0.9792545498372905,0.9792997468964686,0.979329878269254,0.979329878269254,0.9793600096420393,0.97942027238761,0.979465469446788,0.979555863565144,0.9795709292515367,0.9796613233698928,0.979691454742678,0.9797517174882487,0.9797517174882487,0.9797969145474268,0.9798119802338194,0.9799927684705315,0.9799927684705315,0.9800078341569242,0.9800379655297096,0.9800379655297096,0.9800379655297096,0.9801283596480656,0.9801283596480656,0.9801283596480656,0.9801283596480656,0.9801434253344582,0.9801434253344582,0.9801434253344582,0.9801434253344582,0.9801434253344582,0.9801283596480656,0.9801283596480656,0.9801283596480656,0.9801283596480656,0.9801283596480656,0.9801434253344582,0.9801434253344582,0.9801434253344582,0.9801434253344582,0.9801434253344582,0.9801434253344582,0.9801434253344582,0.9801434253344582,0.9801434253344582,0.9801434253344582,0.980158491020851,0.980158491020851,0.9801735567072436,0.9801886223936362,0.9801886223936362,0.9802338194528143,0.9803995420031336,0.980520067494275,0.9805803302398457,0.980565264553453,0.9805803302398457,0.9805953959262383,0.9810774978908039,0.9811076292635893,0.9811226949499819,0.9811226949499819,0.9811377606363746,0.9811528263227672,0.9811528263227672,0.9812130890683379,0.9812432204411233,0.9812432204411233,0.981258286127516,0.9812432204411233,0.9812432204411233,0.9812432204411233,0.9812432204411233,0.9812432204411233,0.9812432204411233,0.9812432204411233,0.981258286127516,0.981258286127516,0.9812884175003013,0.981303483186694,0.981303483186694,0.9813185488730867,0.9813185488730867,0.981348680245872,0.981348680245872,0.981348680245872,0.981348680245872,0.981348680245872,0.981348680245872,0.981348680245872,0.981348680245872,0.981348680245872,0.981348680245872,0.981348680245872,0.981348680245872,0.981348680245872,0.981348680245872,0.981348680245872,0.981348680245872,0.981348680245872,0.981348680245872,0.981348680245872,0.981348680245872,0.981348680245872,0.9813637459322647,0.9813637459322647,0.9813637459322647,0.9813637459322647,0.9813637459322647,0.9813637459322647,0.9813637459322647,0.9813788116186574,0.98139387730505,0.9814089429914427]],"auc_":[0.7486185459348897],"average_targets_":[[[ 0, 0, 0, 0, 0.03225806451612903, 0, 0, 0.024691358024691357, 0, 0.007142857142857143, 0.004291845493562232, 0.005571030640668524, 0.01090909090909091, 0.011501385041551246, 0.003898635477582846, 0.0038095238095238095, 0.0121580547112462, 0.007194244604316547, 0.01877133105802048, 0.004640371229698376, 0.02287581699346405, 0.008333333333333333, 0.02813852813852814, 0.002751031636863824, 0.026845637583892617, 0.0035460992907801418, 0.0017452006980802793, 0, 0, 0, 0, 0, 0.011834319526627219, 0, 0, 0, 0, 0, 0, 0, 0, 0, 0, 0, 0, 0, 0, 0, 0, 0.06706309877766765 ]],[[ 0.010660980810234541, 0.003281378178835111, 0, 0, 0, 0, 0.01968503937007874, 0.01659953618943, 0.020702070207020702, 0.024547048509643482, 0.027777777777777776, 0.03768115942028986, 0.05333333333333334, 0.06926406926406926, 0, 0.044444444444444446, 0.05555555555555555, 0, 0.05, 0, 0, 0, 0.008403361344537815, 0, 0.00644468313641246, 0.00823045267489712, 0.0045662100456621, 0.014925373134328358, 0, 0, 0.0069605568445475635, 0, 0, 0, 0, 0, 0, 0, 0, 0, 0, 0, 0, 0, 0, 0, 0, 0.07540874207540874, 0, 0.03346868463147533 ]],[[ 0, 0, 0, 0, 0, 0, 0, 0, 0, 0, 0, 0, 0.6666666666666666, 0.009720534629404616, 0, 0, 0, 0, 0, 0.026490066225165563, 0.0053475935828877, 0.011037527593818985, 0.02127659574468085, 0.023543990086741014, 0.013513513513513514, 0.017005196032120924, 0.018132975151108125, 0.005090201362377423, 0.006366630076838639, 0.026883686905632774, 0.02539475826143578, 0.023672424824056303, 0.0186533212010919, 0.02153175252112292, 0.029560201874549386, 0.01852731591448931, 0.013136288998357963, 0.01355206847360913, 0.061128526645768025, 0.04805914972273567, 0.07598784194528875, 0.024271844660194174, 0.036585365853658534, 0.008264462809917356, 0.03389830508474576, 0, 0.34210526315789475, 0, 0, 0.20819112627986347 ]],[[ 0.0158311345646438, 0.010340775558166862, 0.012653651482284888, 0.01800090004500225, 0.035845766324355745, 0.043116883116883116, 0.07629255989911728, 0.042105263157894736, 0.04411764705882353, 0, 0, 0, 0, 1, 0, 0, 0, 0, 0, 0, 0, 0, 0, 0, 0, 0, 0, 0, 0, 0, 0, 0, 0, 0, 0, 0, 0, 0, 0, 0, 0, 0, 0, 0, 0, 0, 0, 0, 0, 0.018140589569160998 ]],[[ 0.01838235294117647, 0.018518518518518517, 0.010008340283569641, 0.03890489913544669, 0.02927927927927928, 0.02320185614849188, 0, 0, 0, 0, 0, 0, 0, 0, 0, 0, 0, 0, 0, 0.3333333333333333, 0, 0, 0, 0, 0, 0, 0, 0, 0, 0, 0, 0, 0, 0, 0, 0, 0, 0, 0, 0, 0, 0, 0, 0, 0, 0, 0, 0, 0, 0 ]],[[ 0.018554702291695067, 0.011111111111111112, 0.05263157894736842, 0.05128205128205128, 0, 0.08333333333333333, 0, 0, 0, 0, 0, 0, 0, 0, 0, 0, 0, 0, 0, 0, 0, 0, 0, 0, 0, 0, 0, 0, 0, 0, 0, 0, 0, 0, 0, 0, 0, 0, 0, 0, 0, 0, 0, 0, 0, 0, 0, 0, 0, 0 ]]],"cross_entropy_":[0.08429627748572156],"feature_correlations_":[[ 0.13037184486484588 ],[ 0.07879025705359301 ],[ 0.06446425736285064 ],[ 0.019508020952988946 ],[ 0.0005667788938907805 ],[ 0.006443205320625737 ]],"feature_densities_":[[ 1, 3, 5, 11, 31, 26, 42, 81, 130, 140, 233, 359, 275, 45125, 513, 525, 658, 695, 586, 431, 612, 720, 462, 727, 894, 564, 573, 491, 430, 396, 296, 163, 338, 141, 60, 122, 77, 60, 52, 101, 41, 33, 15, 8, 8, 22, 12, 7, 0, 9081 ],[ 30954, 1219, 0, 0, 0, 0, 2794, 8193, 3333, 1711, 684, 345, 150, 231, 68, 90, 36, 43, 20, 15, 22, 0, 833, 38, 931, 486, 219, 67, 86, 9, 2586, 2, 23, 15, 9, 0, 26, 0, 0, 0, 0, 6, 3, 0, 0, 5, 0, 2997, 0, 8127 ],[ 2, 3, 0, 0, 0, 0, 4, 0, 1, 4, 5, 0, 3, 3292, 0, 2, 15, 102, 109, 151, 187, 453, 799, 807, 962, 2117, 2978, 13359, 4555, 5468, 6143, 6252, 4396, 3669, 2774, 2105, 1827, 1402, 638, 541, 329, 206, 164, 121, 59, 28, 38, 13, 0, 293 ],[ 2274, 4255, 30426, 19999, 5161, 1925, 1586, 190, 68, 21, 6, 11, 9, 1, 0, 0, 1, 0, 0, 0, 2, 0, 0, 0, 0, 0, 0, 0, 0, 0, 0, 0, 0, 0, 0, 0, 0, 0, 0, 0, 0, 0, 0, 0, 0, 0, 0, 0, 0, 441 ],[ 272, 62964, 1199, 694, 444, 431, 135, 155, 11, 28, 1, 9, 3, 4, 1, 1, 1, 0, 0, 3, 0, 4, 3, 0, 3, 0, 0, 0, 1, 0, 0, 0, 3, 0, 0, 1, 0, 0, 0, 0, 0, 0, 0, 0, 0, 0, 0, 4, 0, 1 ],[ 66021, 180, 76, 39, 17, 12, 15, 2, 4, 0, 2, 1, 0, 1, 0, 0, 2, 0, 1, 0, 0, 0, 0, 0, 0, 0, 1, 0, 0, 0, 0, 0, 0, 0, 0, 0, 0, 0, 0, 0, 0, 0, 0, 0, 0, 0, 0, 0, 0, 2 ]],