{"lambda_":0.0000000001,"learning_rate_":0.9,"scaler_":{"mean_":[0.8769080035864988,0.9794141630815296,0.9096285309038115,0.9011930175774574,0.8534143477671007,0.8477128137674241,0.9267719134964671,2.2785589727030335,2.7194272814966616,1.3279490357701085],"std_":[0.8769080035864988,0.9794141630815296,0.9096285309038115,0.9011930175774574,0.8534143477671007,0.8477128137674241,0.9267719134964671,2.2785589727030335,2.7194272814966616,1.3279490357701085]},"weights_":[ 0.45194235123568505, 0.31417377579607714, 0.2781299874669966, 0.2576686702901855, -0.2202032212443289, 0.20275333522105915, 0.13275552618836778, 0.13154840459106992, 0.10298909545319708, 0.11679660958037592, -4.504748485522199 ]}