{"lambda_":0.0000000001,"learning_rate_":0.9,"scaler_":{"mean_":[0,0,0,0,0,193.78156257874852],"std_":[0,0,0,0,0,193.78156257874852]},"weights_":[ -0.7290459868444744, 0.670017175796564, 0.9377355363806351, -0.5579319105433626, -0.3836658965852255, 0.019114653925339363, -3.9567640768678554 ]}