{"accuracy_":[0.9814089429914427],"accuracy_curves_":[[0.9763920694226829,0.9789381704230444,0.9799174400385682,0.980429673375919,0.9806857900445944,0.9808213812221285,0.9809720380860552,0.98116789200916,0.9811980233819453,0.9812130890683379,0.981258286127516,0.981258286127516,0.981258286127516,0.9812884175003013,0.9812884175003013,0.981303483186694,0.981303483186694,0.981303483186694,0.9813185488730867,0.9813185488730867,0.9813185488730867,0.9813185488730867,0.9813185488730867,0.9813185488730867,0.9813336145594793,0.981348680245872,0.981348680245872,0.981348680245872,0.981348680245872,0.981348680245872,0.9813637459322647,0.9813637459322647,0.9813637459322647,0.9813637459322647,0.9813637459322647,0.9813637459322647,0.9813637459322647,0.9813637459322647,0.9813637459322647,0.9813637459322647,0.9813637459322647,0.9813637459322647,0.9813637459322647,0.9813637459322647,0.9813637459322647,0.9813637459322647,0.9813637459322647,0.9813637459322647,0.9813637459322647,0.9813637459322647,0.9813637459322647,0.9813637459322647,0.9813637459322647,0.9813788116186574,0.9813788116186574,0.9813788116186574,0.9813788116186574,0.9813788116186574,0.9813788116186574,0.9813788116186574,0.9813788116186574,0.9813788116186574,0.9813788116186574,0.9813788116186574,0.9813788116186574,0.9813788116186574,0.9813788116186574,0.9813788116186574,0.9813788116186574,0.9813788116186574,0.9813788116186574,0.9813788116186574,0.9813788116186574,0.9813788116186574,0.9813788116186574,0.9813788116186574,0.9813788116186574,0.9813788116186574,0.9813788116186574,0.9813788116186574,0.9813788116186574,0.9813788116186574,0.9813788116186574,0.9813788116186574,0.9813788116186574,0.9813788116186574,0.9813788116186574,0.9813788116186574,0.9813788116186574,0.9813788116186574,0.9813788116186574,0.9813788116186574,0.9813788116186574,0.9813788116186574,0.9813788116186574,0.9813788116186574,0.9813788116186574,0.9813788116186574,0.9813788116186574,0.9813788116186574,0.9813788116186574,0.9813788116186574,0.9813788116186574,0.9813788116186574,0.9813788116186574,0.9813788116186574,0.9813788116186574,0.9813788116186574,0.9813788116186574,0.9813788116186574,0.9813788116186574,0.9813788116186574,0.9813788116186574,0.9813788116186574,0.9813788116186574,0.9813788116186574,0.9813788116186574,0.9813788116186574,0.9813788116186574,0.9813788116186574,0.9813788116186574,0.9813788116186574,0.9813788116186574,0.9813788116186574,0.9813788116186574,0.9813788116186574,0.9813788116186574,0.9813788116186574,0.9813788116186574,0.9813788116186574,0.9813788116186574,0.9813788116186574,0.9813788116186574,0.9813788116186574,0.9813788116186574,0.9813788116186574,0.9813788116186574,0.9813788116186574,0.9813788116186574,0.9813788116186574,0.9813788116186574,0.9813788116186574,0.9813788116186574,0.9813788116186574,0.9813788116186574,0.9813788116186574,0.9813788116186574,0.9813788116186574,0.9813788116186574,0.9813788116186574,0.9813788116186574,0.9813788116186574,0.9813788116186574,0.9813788116186574,0.9813788116186574,0.9813788116186574,0.9813788116186574,0.9813788116186574,0.9813788116186574,0.9813788116186574,0.9813788116186574,0.9813788116186574,0.9813788116186574,0.9813788116186574,0.9813788116186574,0.9813788116186574,0.9813788116186574,0.9813788116186574,0.9813788116186574,0.9813788116186574,0.9813788116186574,0.9813788116186574,0.9813788116186574,0.9813788116186574,0.9813788116186574,0.9813788116186574,0.9813788116186574,0.9813788116186574,0.9813788116186574,0.9813788116186574,0.9813788116186574,0.9813788116186574,0.9813788116186574,0.9813788116186574,0.9813788116186574,0.9813788116186574,0.9813788116186574,0.9813788116186574,0.9813788116186574,0.9813788116186574,0.9813788116186574,0.9813788116186574,0.9813788116186574,0.9813788116186574,0.9813788116186574,0.9813788116186574,0.9813788116186574,0.9813788116186574,0.9814089429914427,0.9814089429914427]],"auc_":[0.6169019947296827],"average_targets_":[[[  ]],[[  ]],[[  ]],[[  ]],[[  ]],[[ 0.018554702291695067, 0.011111111111111112, 0.05263157894736842, 0.05128205128205128, 0, 0.08333333333333333, 0, 0, 0, 0, 0, 0, 0, 0, 0, 0, 0, 0, 0, 0, 0, 0, 0, 0, 0, 0, 0, 0, 0, 0, 0, 0, 0, 0, 0, 0, 0, 0, 0, 0, 0, 0, 0, 0, 0, 0, 0, 0, 0, 0 ]]],"cross_entropy_":[0.09249431377443812],"feature_correlations_":[[ 0 ],[ 0 ],[ 0 ],[ 0 ],[ 0 ],[ 0.006443205320625737 ]],"feature_densities_":[[  ],[  ],[  ],[  ],[  ],[ 66021, 180, 76, 39, 17, 12, 15, 2, 4, 0, 2, 1, 0, 1, 0, 0, 2, 0, 1, 0, 0, 0, 0, 0, 0, 0, 1, 0, 0, 0, 0, 0, 0, 0, 0, 0, 0, 0, 0, 0, 0, 0, 0, 0, 0, 0, 0, 0, 0, 2 ]],"feature_importances_":[[ 0.2210897708766996 ],[ 0.20318875153744825 ],[ 0.28437675897331494 ],[ 0.16919788393697843 ],[ 0.11635014347500476 ],[ 0.005796691200554157 ]],"feature_names_":["FEATURE_1","FEATURE_2","FEATURE_3","FEATURE_4","FEATURE_5","COST"],"fpr_":[[1,0.9902060114826072,0.9754536243897945,0.953916060299039,0.9147708083878296,0.8964416198458751,0.8766080255441958,0.8613951060759572,0.8441097909183015,0.8305701390807774,0.7995149058978847,0.7785913849743636,0.7678302784685763,0.7587424395935034,0.7410886985355071,0.7330140308863713,0.7202419330078904,0.7129962236345215,0.7057658653403335,0.6974148782659421,0.677090049430475,0.6617236191704277,0.6552147615977403,0.6407540450093642,0.6304074176414602,0.6223327499923245,0.6160541586073501,0.6045869024592428,0.5965122348101072,0.5913389211261552,0.583663381535722,0.5748211599275429,0.5694789843726014,0.5631543397500844,0.542184765589021,0.5357680144914188,0.5297196892941574,0.5208774676859783,0.51045408492217,0.5027324920941942,0.49746707193515705,0.48934635104847873,0.48326732369285563,0.4776027754751159,0.4704031193392896,0.46403242147923,0.4450431365324982,0.4385803321973535,0.432086825703847,0.41934542998372787,0.40841546160695097,0.40275091338921126,0.39630346013324735,0.38072211476466794,0.37404439532099104,0.3624696816186178,0.3521691074882564,0.33816892327530623,0.3282828282828283,0.3155260814835283,0.3014951951122164,0.29090295047741854,0.2792361302999601,0.27034785545423845,0.2540296582849774,0.23938472874643088,0.2306499646925179,0.22028798624543305,0.21178348837923305,0.2028491602959688,0.1939301832918854,0.18181818181818182,0.17174787387553345,0.16238371557520492,0.1550919529642934,0.1425654723527064,0.1319578766387277,0.12472751834453961,0.11677565932885081,0.1080562463541187,0.09961315280464217,0.09267446501489054,0.08670289521353351,0.08100764483743207,0.07445273402720211,0.06726842897055663,0.06257099874121151,0.055586257713917286,0.050719965613582635,0.04616069509686531,0.04195449940130791,0.03745663320131405,0.03303552239722452,0.027770102238187346,0.023809523809523808,0.019879647539222008,0.016087930981548003,0.012112001473703601,0.008473795707838261,0.005019802892143318,0.0016732676307144392,0]],"labels_":[[  ],[  ],[  ],[  ],[  ],[ 14.64317059844517, 798.8189697777776, 1363.1076440789473, 1931.704862307692, 2451.547758823529, 3198.3583166666667, 3514.0339286666663, 4119.16, 4738.521325000001, 5274.159573, 5853.68, 6539.22, 6939.674175000001, 7324.33538, 8050.017243000001, 8605.188777000001, 9170.63, 9715.531845000001, 10476, 10825.874913000001, 11381.046447000002, 11936.217981000002, 12491.389515000003, 13046.561049000002, 13601.732583000003, 14156.904117000002, 14714.66, 15267.247185000002, 15822.418719000003, 16377.590253000002, 16932.761787, 17487.933321, 18043.104855, 18598.276389000002, 19153.447923, 19708.619457, 20263.790991, 20818.962525000003, 21374.134059, 21929.305593, 22484.477127000002, 23039.648661000003, 23594.820195, 24149.991729, 24705.163263000002, 25260.334797000003, 25815.506331, 26370.677865, 26925.849399000002, 27758.6067 ]],"mae_":[],"prediction_min_":[0.018726196468276942],"prediction_step_size_":[0.0010505861077565232],"rmse_":[],"rsquared_":[],