{"accuracy_":[0.9814089429914427],"accuracy_curves_":[[0.06445100638785103,0.31082017596721706,0.5901530673737495,0.7640864167771484,0.8501265517656984,0.8907285765939497,0.9167018199349163,0.9309238278895986,0.9406562612992648,0.9468331927202603,0.9521965770760515,0.9567464143666385,0.9595787634084609,0.96256176931421,0.9646709654091841,0.967382788959865,0.9699439556466193,0.9714354585994938,0.972942027238761,0.9738911654814993,0.9745992527419549,0.9751265517656984,0.975608653730264,0.9760003615764734,0.9764975292274316,0.9771152223695312,0.9776425213932747,0.9779739664939134,0.9783054115945522,0.9785615282632276,0.9786067253224057,0.9786669880679764,0.9788176449319032,0.9789683017958298,0.9790285645414005,0.9790134988550079,0.9789984331686151,0.9789833674822225,0.9789984331686151,0.9789984331686151,0.9789381704230444,0.9788929733638665,0.9788779076774737,0.9788929733638665,0.9789080390502591,0.9789532361094372,0.9791189586597565,0.9791942870917199,0.9791641557189346,0.9792394841508979,0.9791942870917199,0.9791942870917199,0.9791942870917199,0.9792394841508979,0.9792696155236833,0.9793600096420393,0.9793750753284319,0.9793750753284319,0.9793901410148247,0.9793148125828612,0.9794052067012173,0.9794353380740026,0.979465469446788,0.9797215861154634,0.9797366518018561,0.9797517174882487,0.9797818488610341,0.979691454742678,0.979691454742678,0.9797818488610341,0.9799174400385682,0.9800078341569242,0.9799927684705315,0.9800078341569242,0.9802488851392069,0.9803543449439557,0.980384476316741,0.9804146076895264,0.9803392792575629,0.9803694106303483,0.9803694106303483,0.9803694106303483,0.9803694106303483,0.980384476316741,0.980384476316741,0.980384476316741,0.9804146076895264,0.9804146076895264,0.9804447390623117,0.9803995420031336,0.9804899361214897,0.9805050018078824,0.9805351331806678,0.9807761841629504,0.9810021694588406,0.9810323008316258,0.9810172351452332,0.9810323008316258,0.9810323008316258,0.9810473665180186,0.9810925635771965,0.9811076292635893,0.9812432204411233,0.9812130890683379,0.9812130890683379,0.9812281547547306,0.9811980233819453,0.9811980233819453,0.9812130890683379,0.981258286127516,0.9812733518139086,0.981258286127516,0.9812733518139086,0.9812733518139086,0.9813336145594793,0.98139387730505,0.98139387730505,0.9813788116186574,0.9813637459322647,0.981348680245872,0.981303483186694,0.9812884175003013,0.981303483186694,0.981303483186694,0.981303483186694,0.981303483186694,0.981303483186694,0.981303483186694,0.9813185488730867,0.9813185488730867,0.981303483186694,0.9812884175003013,0.9812884175003013,0.9812884175003013,0.9812884175003013,0.9812432204411233,0.9812733518139086,0.9812733518139086,0.9813185488730867,0.981348680245872,0.981348680245872,0.981348680245872,0.981348680245872,0.981348680245872,0.981348680245872,0.981348680245872,0.9813788116186574,0.9813788116186574,0.9813788116186574,0.9813788116186574,0.98139387730505,0.98139387730505,0.98139387730505,0.98139387730505,0.9813336145594793,0.981303483186694,0.981303483186694,0.981303483186694,0.981303483186694,0.981303483186694,0.981303483186694,0.981303483186694,0.981303483186694,0.9813185488730867,0.9813185488730867,0.9813185488730867,0.9813185488730867,0.9813185488730867,0.9813185488730867,0.9813185488730867,0.9813185488730867,0.9813185488730867,0.9813185488730867,0.9813336145594793,0.9813336145594793,0.9813185488730867,0.9813185488730867,0.9813185488730867,0.9813185488730867,0.9813185488730867,0.9813185488730867,0.9813185488730867,0.9813185488730867,0.981348680245872,0.981348680245872,0.981348680245872,0.981348680245872,0.9813637459322647,0.9813637459322647,0.9813637459322647,0.9813637459322647,0.9813637459322647,0.9813637459322647,0.9813637459322647,0.9813788116186574,0.9813788116186574,0.9813788116186574,0.9813788116186574,0.98139387730505,0.9814089429914427]],"auc_":[0.6843215335534307],"average_targets_":[[[ 0.007702182284980745, 0.006825938566552901, 0.026845637583892617, 0.015916575192096598, 0.016276041666666668, 0.008691873098652759, 0.015662480598278537, 0.015269055535032631, 0.017294847328244274, 0.016940109377084168, 0.014078178822824621, 0.019938335046248715, 0.02943826975067588, 0.012368300503893724, 0.013136288998357963, 0.015503875968992248, 0.006033182503770739, 0.024154589371980676, 0.014285714285714285, 0.015873015873015872, 0.019230769230769232, 0.11517367458866545, 0.013888888888888888, 0, 0, 0, 0, 0, 0, 0, 0, 0, 0, 0, 0, 0, 0, 0, 0, 0, 0, 0, 0, 0, 0, 0, 0, 0, 0, 0 ]],[[ 0.0034965034965034965, 0.00814081408140814, 0.014101425810831984, 0.010771003456740645, 0.017857142857142856, 0.04917848300697727, 0.005256241787122208, 0.021052631578947368, 0, 0, 0, 0, 0, 0, 0, 0, 0, 0, 0, 0, 0, 0, 0, 0, 0, 0, 0, 0, 0, 0, 0, 0, 0, 0, 0, 0, 0, 0, 0, 0, 0, 0, 0, 0, 0, 0, 0, 0, 0, 0.45255474452554745 ]],[[ 0.007412898443291327, 0.014980569136266766, 0.013724624889673433, 0.0194495155174835, 0.020190413657255418, 0.02147852147852148, 0.06879194630872483, 0.028169014084507043, 0, 0, 0, 0, 0, 0, 0, 0, 0, 0, 0, 0, 0, 0, 0, 0, 0, 0, 0, 0, 0, 0, 0, 0, 0, 0, 0, 0, 0, 0, 0, 0, 0, 0, 0, 0, 0, 0, 0, 0, 0, 0.25821596244131456 ]],[[ 0.06044678055190539, 0.017205338478855123, 0.017620987919079276, 0.016324914195194933, 0.012362178416304711, 0.04538087520259319, 0.033823529411764704, 0.01904761904761905, 0.13043478260869565, 0.08421052631578947, 0.14925373134328357, 0.05084745762711865, 0.15625, 0.025, 0.041666666666666664, 0.08333333333333333, 0.034482758620689655, 0.06666666666666667, 0.16, 0.11764705882352941, 0.13043478260869565, 0.18181818181818182, 0, 0, 0, 0, 0, 0, 0, 0, 0, 0, 0, 0, 0, 0, 1, 0, 0, 0, 1, 0, 0, 0, 0, 0, 0, 0, 0, 0 ]],[[ 0.007021063189568706, 0.005141388174807198, 0.01647183846971307, 0.014278429372768995, 0.011585365853658536, 0.02209205020920502, 0.013526998558598515, 0.016404029966416947, 0.01812648848901826, 0.028040112939343782, 0.02976, 0.011784511784511785, 0.018857459789240156, 0.017873941674506115, 0.020854021847070508, 0.010189228529839884, 0.023853211009174313, 0.0430622009569378, 0.017045454545454544, 0.005747126436781609, 0, 0.030303030303030304, 0.013513513513513514, 0, 0.022887323943661973, 0, 0.08108108108108109, 0, 0, 0, 0, 0, 0, 0, 0, 0, 0, 0, 0, 0, 0, 0, 0, 0, 0, 0, 0, 0, 0, 0 ]],[[ 0.018554702291695067, 0.011111111111111112, 0.05263157894736842, 0.05128205128205128, 0, 0.08333333333333333, 0, 0, 0, 0, 0, 0, 0, 0, 0, 0, 0, 0, 0, 0, 0, 0, 0, 0, 0, 0, 0, 0, 0, 0, 0, 0, 0, 0, 0, 0, 0, 0, 0, 0, 0, 0, 0, 0, 0, 0, 0, 0, 0, 0 ]]],"cross_entropy_":[0.08548434297216706],"feature_correlations_":[[ 0.06109663192661905 ],[ 0.15968151929867885 ],[ 0.11626023841624585 ],[ 0.033689220851881724 ],[ 0.018268045080274867 ],[ 0.006443205320625737 ]],"feature_densities_":[[ 779, 586, 1192, 1822, 3072, 4602, 7087, 8121, 8384, 7497, 6677, 4865, 3329, 2183, 1827, 903, 663, 414, 280, 126, 104, 1641, 72, 16, 22, 41, 8, 6, 5, 3, 14, 1, 0, 13, 0, 0, 0, 3, 0, 4, 1, 1, 0, 0, 0, 1, 0, 0, 0, 11 ],[ 1430, 4545, 19147, 19961, 11312, 8886, 761, 95, 53, 0, 49, 0, 0, 0, 0, 0, 0, 0, 0, 0, 0, 0, 0, 0, 0, 0, 0, 0, 0, 0, 0, 0, 0, 0, 0, 0, 0, 0, 0, 0, 0, 0, 0, 0, 0, 0, 0, 0, 0, 137 ],[ 2698, 15954, 22660, 14242, 6092, 2002, 2384, 71, 31, 21, 0, 8, 0, 0, 0, 0, 0, 0, 0, 0, 0, 0, 0, 0, 0, 0, 0, 0, 0, 0, 0, 0, 0, 0, 0, 0, 0, 0, 0, 0, 0, 0, 0, 0, 0, 0, 0, 0, 0, 213 ],[ 761, 6219, 27978, 22726, 5986, 1234, 680, 105, 115, 95, 67, 59, 32, 40, 48, 36, 29, 15, 25, 17, 23, 11, 4, 12, 10, 16, 3, 1, 12, 4, 0, 0, 4, 0, 0, 0, 1, 0, 0, 0, 1, 1, 0, 0, 0, 0, 0, 0, 0, 6 ],[ 997, 778, 1882, 3922, 4920, 5975, 9019, 7742, 7558, 10271, 3125, 2376, 1803, 1063, 1007, 687, 545, 209, 176, 174, 120, 66, 74, 24, 1704, 25, 37, 15, 15, 3, 18, 8, 4, 18, 1, 0, 0, 0, 8, 3, 0, 0, 2, 0, 0, 0, 0, 1, 0, 1 ],[ 66021, 180, 76, 39, 17, 12, 15, 2, 4, 0, 2, 1, 0, 1, 0, 0, 2, 0, 1, 0, 0, 0, 0, 0, 0, 0, 1, 0, 0, 0, 0, 0, 0, 0, 0, 0, 0, 0, 0, 0, 0, 0, 0, 0, 0, 0, 0, 0, 0, 2 ]],