{"lambda_":0.0000000001,"learning_rate_":0.9,"scaler_":{"mean_":[6.592007169297961,3.242111953010844,2.4705146182919338,2.989955764678563,480102.69458638213,274538.69434972195,3.62595485203905,1.305483791376801,304.9025895428239,1.9601124952397886,0.21656005613333731,193.78156257874852],"std_":[6.592007169297961,3.242111953010844,2.4705146182919338,2.989955764678563,480102.69458638213,274538.69434972195,3.62595485203905,1.305483791376801,304.9025895428239,1.9601124952397886,0.21656005613333731,193.78156257874852]},"weights_":[ 0.03452333738118442, 0.09392063632485584, 0.12624416547297543, 0.053076801981375675, -0.35308361492273344, -0.03556396681082738, 0.20159368220333704, 0.04728026158966949, 0.035007975124581626, 0.19365137548168118, 0.001954453316875019, 0.021587593818200513, -4.123183691583242 ]}