{"accuracy_":[],"accuracy_curves_":[],"auc_":[],"average_targets_":[],"cross_entropy_":[],"feature_correlations_":[[ -0.9999029950708785 ],[ -0.9998615418318878 ],[ -0.9998020939526512 ],[ -0.9997169545652902 ],[ -0.9995957391648305 ],[ -0.9994240374436781 ],[ -0.99917644746317 ],[ -0.9987647977944497 ],[ -0.9984629682924326 ],[ -0.9975407271305189 ]],"feature_densities_":[],"feature_importances_":[[ 0.9786086540688862 ],[ 0.019403341237882548 ],[ 0.00000003556426347595802 ],[ 0.0000008904518091220438 ],[ 0.000017039735246657317 ],[ 0.001284232361748885 ],[ 0.000026081347219355342 ],[ 0.00001383861405010091 ],[ 0.000640845208078284 ],[ 0.000005041410815519249 ]],"fpr_":[],"labels_":[],"mae_":[0.1329964804649353],"prediction_min_":[],"prediction_step_size_":[],"rmse_":[0.2088816859729234],"rsquared_":[0.9999759834729509],"tpr_":[]}