{"lambda_":0.0000000001,"learning_rate_":0.9,"scaler_":{"mean_":[0.8077990908745858,1.0279377413039505,0.8995929170804545,0.796128708021472,0.7100812008911361,0.8175154763131757,0.8669881783378567,0.793448883723476,1.8544712634560994,0.8308281322877464],"std_":[0.8077990908745858,1.0279377413039505,0.8995929170804545,0.796128708021472,0.7100812008911361,0.8175154763131757,0.8669881783378567,0.793448883723476,1.8544712634560994,0.8308281322877464]},"weights_":[ 0.20156387101758097, 0.19675039434859767, 0.2093862501294536, 0.19937288435827352, 0.21244977357003034, 0.2282610419094366, 0.11353410134028794, 0.2153224007002391, 0.14435002485180926, 0.10154124091844685, -4.526321546002139 ]}