{"lambda_":0.0000000001,"learning_rate_":0.9,"scaler_":{"mean_":[1.2789335515071687,1.3034438560787691,2.116888928949476,2.974688944870815,2.639021985931729,193.78156257874852],"std_":[1.2789335515071687,1.3034438560787691,2.116888928949476,2.974688944870815,2.639021985931729,193.78156257874852]},"weights_":[ 0.3684642764348866, 0.21575865412865633, 0.1727061762453581, 0.16959489257764518, 0.12390798160114413, 0.02063935968169204, -4.145872741130469 ]}