{"accuracy_":[0.9814089429914427],"accuracy_curves_":[[0.055291069061106424,0.2246595154875256,0.53523864047246,0.7668735687597927,0.8735536941063035,0.9211461974207545,0.9462154995781608,0.9585994937929372,0.964399783054116,0.9684825840665301,0.9715861154634206,0.9735145233216825,0.9747499096058816,0.9755483909846933,0.9761660841267928,0.9765577919730023,0.9767687115824997,0.9772658792334579,0.9774165360973845,0.9777479811980234,0.9779589008075208,0.9781246233578402,0.9781848861034109,0.9783054115945522,0.9784861998312643,0.9786519223815837,0.9789231047366518,0.9790134988550079,0.9791038929733639,0.9790888272869712,0.9792545498372905,0.9793750753284319,0.9794353380740026,0.97942027238761,0.9794956008195733,0.9796763890562854,0.9797667831746414,0.9797818488610341,0.9798270459202121,0.9799325057249608,0.9799475714113535,0.9801132939616729,0.9801132939616729,0.9802036880800289,0.9802187537664216,0.9802639508255996,0.9802639508255996,0.9802790165119923,0.9802790165119923,0.9802790165119923,0.9802790165119923,0.9802790165119923,0.9804146076895264,0.9805050018078824,0.980520067494275,0.9805501988670604,0.9805803302398457,0.9806255272990237,0.9807008557309871,0.9807159214173797,0.9807611184765578,0.9807912498493432,0.9808063155357358,0.9808063155357358,0.9808063155357358,0.9808063155357358,0.9808063155357358,0.9808063155357358,0.9808063155357358,0.9808063155357358,0.9808063155357358,0.9808213812221285,0.9808213812221285,0.9808213812221285,0.9808364469085211,0.9808364469085211,0.9808515125949139,0.9808515125949139,0.9808665782813065,0.9808665782813065,0.9808816439676992,0.9808665782813065,0.9808665782813065,0.9808967096540918,0.9808364469085211,0.9808364469085211,0.9808364469085211,0.9808364469085211,0.9808364469085211,0.9808364469085211,0.9808364469085211,0.9808364469085211,0.9808364469085211,0.9808364469085211,0.9808816439676992,0.9809117753404845,0.9808967096540918,0.9809268410268772,0.9810172351452332,0.9810172351452332,0.9810172351452332,0.9810172351452332,0.9810172351452332,0.9810172351452332,0.9810774978908039,0.9810774978908039,0.9810774978908039,0.9810774978908039,0.9810774978908039,0.9810774978908039,0.9810774978908039,0.9810774978908039,0.9810774978908039,0.9810774978908039,0.9810774978908039,0.9811226949499819,0.9811377606363746,0.9811377606363746,0.9811377606363746,0.9811377606363746,0.9811377606363746,0.9811377606363746,0.9811377606363746,0.9811377606363746,0.9811377606363746,0.9811377606363746,0.9811528263227672,0.9811528263227672,0.9811528263227672,0.98116789200916,0.98116789200916,0.98116789200916,0.98116789200916,0.9812281547547306,0.9812281547547306,0.9812281547547306,0.981258286127516,0.981258286127516,0.981258286127516,0.9812733518139086,0.9812733518139086,0.9812733518139086,0.9812733518139086,0.9812733518139086,0.9812733518139086,0.9812733518139086,0.9812733518139086,0.9812733518139086,0.9812733518139086,0.9812733518139086,0.9812733518139086,0.9812733518139086,0.9812733518139086,0.9812733518139086,0.9812733518139086,0.9812733518139086,0.9812733518139086,0.9812733518139086,0.9812733518139086,0.9812733518139086,0.9812733518139086,0.9812733518139086,0.9812733518139086,0.9812733518139086,0.9812733518139086,0.9812733518139086,0.9812733518139086,0.9812733518139086,0.9812733518139086,0.9812733518139086,0.9812733518139086,0.9812733518139086,0.9812733518139086,0.9812733518139086,0.9812733518139086,0.9812733518139086,0.9813788116186574,0.9813788116186574,0.9813788116186574,0.9813788116186574,0.98139387730505,0.98139387730505,0.98139387730505,0.98139387730505,0.98139387730505,0.98139387730505,0.98139387730505,0.98139387730505,0.98139387730505,0.98139387730505,0.98139387730505,0.98139387730505,0.98139387730505,0.98139387730505,0.98139387730505,0.98139387730505,0.98139387730505,0.98139387730505,0.98139387730505,0.9814089429914427]],"auc_":[0.6568806211509886],"average_targets_":[[[ 0, 0, 0, 0, 0, 0, 0, 0, 0.011940298507462687, 0.01951219512195122, 0.0345679012345679, 0, 0.026436781609195402, 0.015384615384615385, 0.010269576379974325, 0.0034602076124567475, 0.016982364467668192, 0.009454949944382647, 0.011964107676969093, 0.0107095046854083, 0.016331935555065107, 0.016055595494847832, 0.016643550624133148, 0.018838056039259143, 0.021528704939919895, 0.01845151953690304, 0.020352496852706674, 0.015474378488077117, 0.025165562913907286, 0.023625843780135006, 0.019618528610354225, 0.03782894736842105, 0.037521815008726006, 0.011940298507462687, 0.043333333333333335, 0.04433497536945813, 0.002680965147453083, 0.03608247422680412, 0.02830188679245283, 0.026785714285714284, 0, 0, 0, 0.03125, 0, 0, 0, 0, 0, 0.0625 ]],[[ 0, 0, 0, 0, 0, 0, 0, 0, 0, 0, 0, 0.3333333333333333, 0, 0, 0, 0.018867924528301886, 0, 0.022222222222222223, 0.01092896174863388, 0.023255813953488372, 0.00558659217877095, 0, 0.003284072249589491, 0.013687600644122383, 0.020859671302149177, 0.01821705426356589, 0.016891891891891893, 0.01461108723678556, 0.015602145294978059, 0.010527833862128641, 0.016147935929157444, 0.021811154058531197, 0.020272515785975408, 0.021064060803474484, 0.025040827436037017, 0.02745241581259151, 0.02612562534741523, 0.020833333333333332, 0.03871681415929203, 0.023140495867768594, 0.038202247191011236, 0.04017857142857143, 0.018633540372670808, 0.014705882352941176, 0, 0.038461538461538464, 0, 0, 0, 0 ]],[[ 0, 0, 0, 0.009577015163607342, 0.007454739084132056, 0.016260162601626018, 0.018654560462236895, 0.031135531135531136, 0.11428571428571428, 0.1951219512195122, 0.08333333333333333, 0.1, 0.08571428571428572, 0.16666666666666666, 0.23809523809523808, 0, 0.5, 0.06666666666666667, 0.07142857142857142, 0.09090909090909091, 0.25, 0, 0.07692307692307693, 0.15384615384615385, 0.09090909090909091, 0, 0, 0.2857142857142857, 0.18181818181818182, 0, 0, 0, 0, 0, 0, 0, 0.3333333333333333, 0, 0, 0, 1, 0, 0, 0, 0, 0, 0, 0, 0, 0 ]],[[ 0, 0.010049129075480124, 0.019075264358283228, 0.015048988510608303, 0.022252705380277397, 0.02040816326530612, 0.03363914373088685, 0.040268456375838924, 0.22077922077922077, 0.2, 0.07317073170731707, 0.20588235294117646, 0.14814814814814814, 0.028985507246376812, 0.058823529411764705, 0.21568627450980393, 0.04081632653061224, 0.02127659574468085, 0.13953488372093023, 0.06666666666666667, 0.16666666666666666, 0.2571428571428571, 0.07142857142857142, 0.08196721311475409, 0.2, 0.6842105263157895, 0, 0, 0, 0, 0, 0, 0, 0, 0, 0, 0, 0, 0, 0, 0, 0, 0, 0, 0.125, 0, 0, 0, 0, 0 ]],[[ 0.010192081536652292, 0.016173081846889134, 0.020832026102779694, 0.01984732824427481, 0.5263157894736842, 0.40476190476190477, 0.34285714285714286, 0.3103448275862069, 0.08695652173913043, 0.1875, 0.5333333333333333, 0.15, 0.6363636363636364, 0.047619047619047616, 0.23076923076923078, 0.21428571428571427, 0.2222222222222222, 0, 0.5, 0, 0, 0.375, 0, 0.5, 1, 0, 0, 0, 0, 0, 0, 0, 0, 0, 0, 0, 0, 0, 0, 0, 0, 0, 0, 0, 0, 0, 0, 0, 0, 0 ]],[[ 0.018554702291695067, 0.011111111111111112, 0.05263157894736842, 0.05128205128205128, 0, 0.08333333333333333, 0, 0, 0, 0, 0, 0, 0, 0, 0, 0, 0, 0, 0, 0, 0, 0, 0, 0, 0, 0, 0, 0, 0, 0, 0, 0, 0, 0, 0, 0, 0, 0, 0, 0, 0, 0, 0, 0, 0, 0, 0, 0, 0, 0 ]]],"cross_entropy_":[0.089452983968222],"feature_correlations_":[[ 0.027640922915842806 ],[ 0.029780467929730135 ],[ 0.06690882307798302 ],[ 0.07678233767701369 ],[ 0.08913434141089892 ],[ 0.006443205320625737 ]],