{"lambda_":0.0000000001,"learning_rate_":0.9,"scaler_":{"mean_":[1.1435578004444087,0.7212781205255719,2.4500687517656914,2.7306867779999675,0.7578097315311186,193.78156257874852],"std_":[1.1435578004444087,0.7212781205255719,2.4500687517656914,2.7306867779999675,0.7578097315311186,193.78156257874852]},"weights_":[ 0.3417951067777666, 0.3013089104396727, 0.21520043613995415, 0.18475726873508272, 0.13276522289059384, 0.026147345813433098, -4.272092041152526 ]}