{"accuracy_":[0.9814089429914427],"accuracy_curves_":[[0.3576895263348198,0.562567795588767,0.697722068217428,0.8112118838134266,0.866593346992889,0.8954140050620706,0.9159184042424973,0.9339670965409184,0.9483548270459202,0.9605128359648065,0.9690701458358443,0.9740116909726407,0.9759250331445101,0.9776425213932747,0.9786519223815837,0.9794504037603953,0.9797366518018561,0.9798873086657828,0.9799475714113535,0.9799927684705315,0.9800530312161022,0.9800228998433168,0.9799777027841389,0.9799927684705315,0.9799475714113535,0.9800831625888875,0.9800982282752803,0.9800982282752803,0.9801886223936362,0.980294082198385,0.9803995420031336,0.980384476316741,0.980384476316741,0.980384476316741,0.9804146076895264,0.9804899361214897,0.9805050018078824,0.9805050018078824,0.9805050018078824,0.980520067494275,0.980520067494275,0.980520067494275,0.980520067494275,0.9805351331806678,0.9806707243582018,0.9806707243582018,0.9806707243582018,0.9806707243582018,0.9806707243582018,0.9806857900445944,0.9807008557309871,0.9807008557309871,0.9807159214173797,0.9807159214173797,0.9807309871037725,0.9807159214173797,0.9807159214173797,0.9807912498493432,0.9807912498493432,0.9807912498493432,0.9807611184765578,0.9807611184765578,0.9807761841629504,0.9808063155357358,0.9808063155357358,0.9808063155357358,0.9808063155357358,0.9808063155357358,0.9808063155357358,0.9808213812221285,0.9808665782813065,0.9808515125949139,0.9808515125949139,0.9808515125949139,0.9808515125949139,0.9809117753404845,0.9809569723996625,0.9810172351452332,0.9810172351452332,0.9810323008316258,0.9810624322044112,0.9811226949499819,0.9811528263227672,0.9811076292635893,0.9811528263227672,0.9811226949499819,0.9811528263227672,0.9810925635771965,0.9810925635771965,0.9812130890683379,0.9812130890683379,0.9812130890683379,0.9812130890683379,0.9812130890683379,0.9812733518139086,0.9812733518139086,0.9812733518139086,0.9812733518139086,0.9812733518139086,0.9812733518139086,0.9812733518139086,0.9812733518139086,0.9812733518139086,0.9812733518139086,0.9812733518139086,0.9812733518139086,0.9812733518139086,0.9812733518139086,0.9811829576955526,0.9811829576955526,0.9811829576955526,0.9811829576955526,0.9811829576955526,0.9811829576955526,0.9811829576955526,0.9811829576955526,0.9811829576955526,0.9811829576955526,0.9811829576955526,0.9811829576955526,0.9811829576955526,0.9811829576955526,0.9811829576955526,0.9811829576955526,0.9811829576955526,0.9811829576955526,0.9811829576955526,0.9811829576955526,0.9811829576955526,0.9811829576955526,0.9811829576955526,0.9811980233819453,0.9811980233819453,0.9811980233819453,0.9811980233819453,0.9811980233819453,0.9811980233819453,0.9811980233819453,0.9811980233819453,0.9812130890683379,0.9812130890683379,0.9812130890683379,0.9812130890683379,0.9812130890683379,0.9812130890683379,0.9812130890683379,0.9812130890683379,0.9812130890683379,0.9812130890683379,0.9812130890683379,0.9812130890683379,0.9812130890683379,0.9812130890683379,0.9812130890683379,0.9812130890683379,0.9812130890683379,0.9812130890683379,0.9812130890683379,0.9812130890683379,0.9812130890683379,0.9812130890683379,0.9812130890683379,0.9812130890683379,0.9812130890683379,0.9812130890683379,0.9812130890683379,0.981258286127516,0.981258286127516,0.981258286127516,0.981258286127516,0.981258286127516,0.981258286127516,0.981258286127516,0.981258286127516,0.981258286127516,0.981258286127516,0.981258286127516,0.981258286127516,0.981258286127516,0.981258286127516,0.9813637459322647,0.9813637459322647,0.9813637459322647,0.9813637459322647,0.9813637459322647,0.9813637459322647,0.9813637459322647,0.9813637459322647,0.9813637459322647,0.9813637459322647,0.9813637459322647,0.9813637459322647,0.9813637459322647,0.98139387730505,0.98139387730505,0.98139387730505,0.98139387730505,0.98139387730505,0.98139387730505,0.9814089429914427]],"auc_":[0.7218404543182985],"average_targets_":[[[ 0, 0, 0, 0, 0, 0, 0, 0, 0, 0, 0, 0, 0, 0, 0, 0, 0, 0, 0, 0, 0, 0, 0, 0, 0, 0.002577319587628866, 0.011431513903192586, 0, 0, 0, 0, 0, 0, 0, 0, 0.020905923344947737, 0.0045662100456621, 0, 0.01545253863134658, 0.043701799485861184, 0.019559902200488997, 0, 0.005025125628140704, 0.016713091922005572, 0.004261363636363636, 0.012658227848101266, 0, 0.010526315789473684, 0, 0.03730175292153589 ]],[[ 0, 0, 0, 0, 0, 0, 0, 0, 0, 0, 0, 0.038461538461538464, 0.07692307692307693, 0, 0, 0, 0.011481056257175661, 0, 0, 0.03875968992248062, 0.020833333333333332, 0.014745246446372531, 0.008368200836820083, 0, 0.008, 0.0031446540880503146, 0.027881040892193308, 0.007909604519774011, 0.0026041666666666665, 0.011857707509881422, 0.015410958904109588, 0.00964630225080386, 0.019801980198019802, 0.02045209903121636, 0.01790633608815427, 0.02109704641350211, 0.02244668911335578, 0.03064066852367688, 0.02057356608478803, 0.02697841726618705, 0.056129985228951254, 0.025327510917030567, 0.02748091603053435, 0.0351493848857645, 0.02733485193621868, 0.02732919254658385, 0.059574468085106386, 0.02925531914893617, 0.1092436974789916, 0.04699029126213592 ]],[[ 0.003822831531769048, 0.009658725048293626, 0.01649663555459084, 0.019284078582620223, 0.014430785676109033, 0, 0.12886923562855337, 0, 0, 0, 0, 0, 0, 0, 0, 0, 0, 0, 0, 0, 0, 0, 0, 0, 0, 0, 0, 0, 0, 0, 0, 0, 0, 0, 0, 0, 0, 0, 0, 0, 0, 0, 0, 0, 0, 0, 0, 0, 0, 0.45255474452554745 ]],[[ 0.013863370636378821, 0.016731297904491415, 0.025015766239226404, 0.061488673139158574, 0.24444444444444444, 0.36363636363636365, 0.15789473684210525, 0.14814814814814814, 0.16, 0.42105263157894735, 0.4375, 0.1111111111111111, 0.13636363636363635, 0.07142857142857142, 0.2222222222222222, 0.3888888888888889, 0, 0, 1, 0, 0.14285714285714285, 0.25, 0, 1, 1, 0, 0, 0, 0, 0, 0, 0, 0, 0, 0, 0, 0, 0, 0, 0, 0, 0, 0, 0, 0, 0, 0, 0, 0, 0 ]],[[ 0, 0, 0, 0, 0, 0, 0, 0, 0, 0, 0.15384615384615385, 0.02967525195968645, 0.19047619047619047, 0.015384615384615385, 0.03125, 0.07645089285714286, 0.011466492111143714, 0.002551020408163265, 0.008356545961002786, 0.0063025210084033615, 0.010126582278481013, 0.03231292517006803, 0.03800475059382423, 0.02894736842105263, 0.011439466158245948, 0.023391812865497075, 0.025490196078431372, 0.03554868624420402, 0.008816120906801008, 0.03428571428571429, 0.026976160602258468, 0.014245014245014245, 0.03315881326352531, 0.032407407407407406, 0.031137724550898204, 0.01073345259391771, 0.028446389496717725, 0.03432282003710575, 0.05186721991701245, 0.014367816091954023, 0.018439716312056736, 0.016853932584269662, 0.03214285714285714, 0.033936651583710405, 0.06158357771260997, 0.05531914893617021, 0.05759162303664921, 0.012345679012345678, 0, 0.13167259786476868 ]],[[ 0.018554702291695067, 0.011111111111111112, 0.05263157894736842, 0.05128205128205128, 0, 0.08333333333333333, 0, 0, 0, 0, 0, 0, 0, 0, 0, 0, 0, 0, 0, 0, 0, 0, 0, 0, 0, 0, 0, 0, 0, 0, 0, 0, 0, 0, 0, 0, 0, 0, 0, 0, 0, 0, 0, 0, 0, 0, 0, 0, 0, 0 ]]],"cross_entropy_":[0.08491041647061562],"feature_correlations_":[[ 0.07668576653419344 ],[ 0.06100479326813421 ],[ 0.17102439045569912 ],[ 0.08981177540893759 ],[ 0.06139468036140394 ],[ 0.006443205320625737 ]],