{"lambda_":0.0000000001,"learning_rate_":0.9,"scaler_":{"mean_":[2.0731781525184885,2.307940838050756,0.9116262414883616,1.3455056847299047,1.185705922202445,1.4261218630116972,2.0781620403056076,0.7733163187336455,1.1886900838710994,193.78156257874852],"std_":[2.0731781525184885,2.307940838050756,0.9116262414883616,1.3455056847299047,1.185705922202445,1.4261218630116972,2.0781620403056076,0.7733163187336455,1.1886900838710994,193.78156257874852]},"weights_":[ 0.07996397829468341, 0.11651519576236045, 0.32403978733937916, 0.21002047006239685, 0.4695835077961819, 0.28610336228837174, 0.06944295521383156, 0.1475890744763604, 0.27823349123889785, 0.010832844335441039, -4.421799441361367 ]}