{"lambda_":0.0000000001,"learning_rate_":0.9,"scaler_":{"mean_":[0.9108081172046896,1.1553616012336188,1.6177397379410445,0.5169326772041616,1.271837731234539,193.78156257874852],"std_":[0.9108081172046896,1.1553616012336188,1.6177397379410445,0.5169326772041616,1.271837731234539,193.78156257874852]},"weights_":[ 0.45364753550801334, 0.444428488751968, 0.2701715001606156, 0.032816278483571895, 0.01642484142539636, 0.026558483965169865, -4.23114988922524 ]}