{"accuracy_":[0.9814089429914427],"accuracy_curves_":[[0.049340122936000964,0.21542424972881766,0.5033144510063878,0.6244425696034711,0.7310172351452332,0.8326202241774135,0.8919940942509341,0.9194889719175605,0.9335753886947089,0.9453266240809931,0.9554808967096541,0.9628329516692781,0.9682264673978547,0.9727160419428709,0.9761359527540074,0.9773562733518139,0.9777781125708087,0.9783054115945522,0.9786067253224057,0.9787724478727251,0.9791340243461492,0.9793600096420393,0.9796462576835001,0.9796462576835001,0.9798119802338194,0.9798270459202121,0.9799626370977462,0.9800228998433168,0.9800982282752803,0.9801735567072436,0.980294082198385,0.9803091478847776,0.9803543449439557,0.980384476316741,0.980384476316741,0.9804899361214897,0.980520067494275,0.9805050018078824,0.9806255272990237,0.9806255272990237,0.9806255272990237,0.980655658671809,0.980655658671809,0.980655658671809,0.9806405929854164,0.9806405929854164,0.9806255272990237,0.9806255272990237,0.9806857900445944,0.9806857900445944,0.9806857900445944,0.9807159214173797,0.9807309871037725,0.9807309871037725,0.9807761841629504,0.9808063155357358,0.9808063155357358,0.9808364469085211,0.9808515125949139,0.9808816439676992,0.9808816439676992,0.9808816439676992,0.9808816439676992,0.9808967096540918,0.9809419067132699,0.9809419067132699,0.9809569723996625,0.9810473665180186,0.9810624322044112,0.9810624322044112,0.9810774978908039,0.9810774978908039,0.9810925635771965,0.9810925635771965,0.9810925635771965,0.9810774978908039,0.9810774978908039,0.9810774978908039,0.9810925635771965,0.9810925635771965,0.9810925635771965,0.9810925635771965,0.9810925635771965,0.9811076292635893,0.9811076292635893,0.9811226949499819,0.9811226949499819,0.9811226949499819,0.9811226949499819,0.9811226949499819,0.9811076292635893,0.9811076292635893,0.9811076292635893,0.9811076292635893,0.9811076292635893,0.9811076292635893,0.9811076292635893,0.9811076292635893,0.9811076292635893,0.9811076292635893,0.9811377606363746,0.9811377606363746,0.9811528263227672,0.9811528263227672,0.9811528263227672,0.9811528263227672,0.9811528263227672,0.9811528263227672,0.9811226949499819,0.9811226949499819,0.9811226949499819,0.9811377606363746,0.98116789200916,0.98116789200916,0.98116789200916,0.98116789200916,0.98116789200916,0.98116789200916,0.9812130890683379,0.9812130890683379,0.9812130890683379,0.9812130890683379,0.9812130890683379,0.9812432204411233,0.9812432204411233,0.9812432204411233,0.981258286127516,0.981258286127516,0.981258286127516,0.981258286127516,0.981258286127516,0.981258286127516,0.981258286127516,0.981258286127516,0.981258286127516,0.981258286127516,0.981258286127516,0.981258286127516,0.981258286127516,0.981258286127516,0.981258286127516,0.981258286127516,0.981258286127516,0.981258286127516,0.981258286127516,0.981258286127516,0.981258286127516,0.981258286127516,0.981258286127516,0.981258286127516,0.9813185488730867,0.9813185488730867,0.9813185488730867,0.9813185488730867,0.9813185488730867,0.9813185488730867,0.9813185488730867,0.9813185488730867,0.9813185488730867,0.9813185488730867,0.9813185488730867,0.9813185488730867,0.9813185488730867,0.9813185488730867,0.9813185488730867,0.9813185488730867,0.981303483186694,0.981303483186694,0.9813185488730867,0.9813637459322647,0.9813637459322647,0.9813637459322647,0.9813637459322647,0.9813637459322647,0.9813637459322647,0.9813637459322647,0.9813788116186574,0.9813788116186574,0.9813788116186574,0.9813788116186574,0.9813788116186574,0.98139387730505,0.98139387730505,0.98139387730505,0.98139387730505,0.98139387730505,0.98139387730505,0.98139387730505,0.98139387730505,0.98139387730505,0.98139387730505,0.98139387730505,0.98139387730505,0.98139387730505,0.98139387730505,0.98139387730505,0.98139387730505,0.98139387730505,0.98139387730505,0.9814089429914427]],"auc_":[0.6653788678685425],"average_targets_":[[[ 0, 0, 0, 0, 0, 0, 0, 0, 0, 0.008333333333333333, 0.0022675736961451248, 0.0313588850174216, 0.00859106529209622, 0.008984725965858042, 0.010768126346015794, 0.012, 0.01048951048951049, 0.0076481835564053535, 0.013195098963242224, 0.008542445274959957, 0.016783591542433987, 0.007746478873239437, 0.01020408163265306, 0.012211668928086838, 0.03412073490813648, 0.059717897050741896, 0.016666666666666666, 0.017094017094017096, 0.02857142857142857, 0.013513513513513514, 0, 0, 0.02631578947368421, 0, 0, 0, 0, 0, 0, 0, 0, 0, 0, 0, 0, 0, 0, 0, 0, 0 ]],[[ 0, 0, 0, 0, 0, 0, 0, 0, 0, 0, 0, 0, 0, 0, 0, 0, 0, 0, 0, 0, 0, 0.0625, 0, 0.02, 0, 0.07894736842105263, 0.045454545454545456, 0, 0, 0.020833333333333332, 0, 0, 0.039473684210526314, 0.008547008547008548, 0, 0.020527859237536656, 0.034129692832764506, 0.008496971175346587, 0.014227642276422764, 0.018453865336658354, 0.014041095890410958, 0.021434460016488046, 0.013522215067611075, 0.027038099139696844, 0.027603513174404015, 0.014961389961389961, 0.02519857573267598, 0.03240230704426155, 0.2, 0.01680672268907563 ]],[[ 0, 0, 0.008695652173913044, 0.01694915254237288, 0.019889502762430938, 0.02404643449419569, 0.018173981754184325, 0.014944863609982588, 0.01550768367132131, 0.01901901901901902, 0.03987240829346093, 0.003694581280788177, 0.01593625498007968, 0.06060606060606061, 0, 0.25, 0.11764705882352941, 0.6666666666666666, 0.75, 0.8333333333333334, 0.2, 0.8, 0.6666666666666666, 0.5, 1, 0, 0.36363636363636365, 0.2857142857142857, 0, 0, 0.6, 0, 0.75, 0, 0.14285714285714285, 0, 0.5, 0, 0, 0, 0.125, 0.5, 0, 0, 0, 0, 0, 0, 0, 0 ]],[[ 0.025, 0.018558390642072112, 0.013157894736842105, 0.025078369905956112, 0.012072434607645875, 0.03925233644859813, 0.01948051948051948, 0, 0, 0, 0, 0, 0, 0, 0, 0, 0, 0, 0, 0, 0.5, 0, 0, 0, 0, 0, 0, 0, 0, 0, 0, 0, 0, 0, 0, 0, 0, 0, 0, 0, 0, 0, 0, 0, 0, 0, 0, 0, 0, 0 ]],[[ 0.01860170641261419, 0, 0, 0, 0, 0, 0, 0, 0, 0, 0, 0, 0, 0, 0, 0, 0, 0, 0, 0, 0, 0, 0, 0, 0, 0, 0, 0, 0, 0, 0, 0, 0, 0, 0, 0, 0, 0, 0, 0, 0, 0, 0, 0, 0, 0, 0, 0, 0, 0 ]],[[ 0.018554702291695067, 0.011111111111111112, 0.05263157894736842, 0.05128205128205128, 0, 0.08333333333333333, 0, 0, 0, 0, 0, 0, 0, 0, 0, 0, 0, 0, 0, 0, 0, 0, 0, 0, 0, 0, 0, 0, 0, 0, 0, 0, 0, 0, 0, 0, 0, 0, 0, 0, 0, 0, 0, 0, 0, 0, 0, 0, 0, 0 ]]],"cross_entropy_":[0.08837128265027995],"feature_correlations_":[[ 0.058659561575860594 ],[ 0.06230447404534833 ],[ 0.051667467739352865 ],[ 0.0008993337637068113 ],[ -0.003294106583822365 ],[ 0.006443205320625737 ]],"feature_densities_":[[ 6, 5, 0, 8, 10, 24, 43, 63, 123, 240, 441, 574, 1164, 1113, 1393, 2250, 2002, 2092, 2122, 1873, 41052, 1420, 980, 737, 381, 5459, 300, 117, 105, 74, 62, 28, 38, 18, 10, 21, 0, 4, 8, 0, 7, 0, 0, 4, 1, 0, 0, 0, 0, 4 ],[ 3, 12, 0, 6, 0, 0, 0, 6, 0, 1, 0, 0, 1, 2, 3, 8, 0, 8, 4, 0, 5, 16, 26, 50, 20, 38, 22, 51, 18, 48, 43, 67, 76, 117, 109, 341, 293, 24597, 492, 6015, 2920, 1213, 1553, 2441, 2391, 4144, 3651, 15431, 15, 119 ],[ 140, 46, 230, 472, 1810, 6030, 13921, 20676, 14251, 4995, 2508, 812, 251, 66, 2, 4, 51, 12, 8, 6, 5, 5, 3, 8, 1, 2, 11, 7, 3, 0, 5, 2, 4, 3, 7, 0, 2, 3, 0, 0, 8, 2, 2, 1, 0, 0, 0, 0, 0, 1 ],[ 80, 62236, 1444, 957, 497, 535, 308, 79, 84, 23, 90, 2, 7, 4, 5, 1, 1, 0, 0, 1, 2, 4, 3, 0, 0, 3, 0, 0, 1, 0, 0, 0, 0, 3, 0, 1, 0, 0, 0, 0, 0, 0, 0, 0, 0, 0, 0, 4, 0, 1 ],[ 66338, 0, 0, 0, 0, 0, 0, 0, 0, 0, 0, 0, 0, 0, 0, 0, 0, 0, 0, 0, 0, 0, 0, 0, 0, 0, 0, 0, 0, 0, 0, 0, 0, 0, 0, 0, 0, 0, 0, 0, 0, 0, 0, 0, 0, 0, 0, 0, 0, 38 ],[ 66021, 180, 76, 39, 17, 12, 15, 2, 4, 0, 2, 1, 0, 1, 0, 0, 2, 0, 1, 0, 0, 0, 0, 0, 0, 0, 1, 0, 0, 0, 0, 0, 0, 0, 0, 0, 0, 0, 0, 0, 0, 0, 0, 0, 0, 0, 0, 0, 0, 2 ]],"feature_importances_":[[ 0.3646546221523344 ],[ 0.357244093606939 ],[ 0.21717143508136255 ],[ 0.02637864574194586 ],[ 0.013202748554960729 ],[ 0.02134845486245737 ]],"feature_names_":["FEATURE_1","FEATURE_2","FEATURE_3","FEATURE_4","FEATURE_5","COST"],