{"lambda_":0.0000000001,"learning_rate_":0.9,"scaler_":{"std_":[1.6750959717734974,16.828062691853727,2.533845186211694,0.7190770505242207,1.270296463998978,0.8048228642657151,0.8364328681788024,0.5197113684652792,1.7417514880858371,0.8624615976575294]},"weights_":[ 0.020742172514716807, 0.11936033069719734, 0.1050910897974421, 0.3500931365184475, 0.14237324802968326, 0.15583946420032954, 0.18788551902163247, 0.25310518027359924, 0.15599090336167415, 0.09054327037369007, -4.002173333914377 ]}