{"accuracy_":[0.9815144027961914],"accuracy_curves_":[[0.33474448595878026,0.5372273110762926,0.6509883090273593,0.7186483066168494,0.7657888393395204,0.7999879474508859,0.8256900084367844,0.8457575027118236,0.8626160057852236,0.8763559117753404,0.8881824755935881,0.8989092443051705,0.9069543208388574,0.9137037483427745,0.9200765336868748,0.9256207062793781,0.9305923827889598,0.9342834759551645,0.9382758828492226,0.9420423044473907,0.9446034711341449,0.946848258406653,0.9491231770519465,0.9513077015788839,0.9532059780643606,0.9551946486681934,0.9567614800530312,0.9585392310473665,0.9602115222369532,0.9612058575388694,0.9624111124502832,0.963390382065807,0.9646408340363987,0.9662377967940219,0.9670965409184042,0.9678196938652525,0.9683319272026033,0.969175605640593,0.9697330360371218,0.9700644811377607,0.9708629625165722,0.9714806556586718,0.9722188742919128,0.9726256478245149,0.9731529468482584,0.9736953115583946,0.9740870194046041,0.9745239243099916,0.9750662890201277,0.9754881282391226,0.9757593105941906,0.9761811498131855,0.976482463541039,0.9767988429552851,0.9770248282511751,0.9773713390382066,0.9775973243340966,0.9777027841388454,0.9778233096299868,0.9781246233578402,0.9784108713993009,0.9788025792455104,0.9788477763046884,0.9789231047366518,0.9790285645414005,0.9790888272869712,0.9791641557189346,0.9792394841508979,0.9792696155236833,0.9793148125828612,0.9796010606243221,0.9797215861154634,0.9798270459202121,0.9799777027841389,0.9800078341569242,0.9799475714113535,0.9800530312161022,0.9800982282752803,0.9802488851392069,0.9804447390623117,0.980520067494275,0.9805803302398457,0.9806707243582018,0.9806857900445944,0.9808063155357358,0.9807460527901651,0.9807912498493432,0.9808515125949139,0.9808665782813065,0.9808816439676992,0.9808816439676992,0.9808967096540918,0.9808967096540918,0.9809268410268772,0.9809268410268772,0.9810323008316258,0.9811829576955526,0.9812130890683379,0.9812281547547306,0.9812130890683379,0.9811980233819453,0.9812130890683379,0.9812130890683379,0.9812130890683379,0.9812733518139086,0.9812884175003013,0.9812733518139086,0.9813185488730867,0.9813788116186574,0.9814089429914427,0.9814390743642281,0.9814541400506207,0.9814541400506207,0.981484271423406,0.981484271423406,0.981484271423406,0.9813788116186574,0.98139387730505,0.9814089429914427,0.9814240086778354,0.9814240086778354,0.9814390743642281,0.9814390743642281,0.9814390743642281,0.9814089429914427,0.9813788116186574,0.9813788116186574,0.9813788116186574,0.9813788116186574,0.9814089429914427,0.9814089429914427,0.9814089429914427,0.9814541400506207,0.9814541400506207,0.9814240086778354,0.9814541400506207,0.9814541400506207,0.9814993371097988,0.9815144027961914,0.9814993371097988,0.981484271423406,0.981484271423406,0.981484271423406,0.9814692057370134,0.981484271423406,0.9815144027961914,0.9814993371097988,0.9814993371097988,0.9814993371097988,0.9814993371097988,0.981484271423406,0.9814993371097988,0.9815144027961914,0.9814993371097988,0.9815144027961914,0.9815144027961914,0.9814993371097988,0.9815144027961914,0.9815144027961914,0.9814993371097988,0.981484271423406,0.981484271423406,0.9814692057370134,0.9814541400506207,0.9814541400506207,0.9814541400506207,0.9814541400506207,0.9814240086778354,0.9814089429914427,0.98139387730505,0.98139387730505,0.9813637459322647,0.9813637459322647,0.9813637459322647,0.9813788116186574,0.9814089429914427,0.9814240086778354,0.9814240086778354,0.9814089429914427,0.9814089429914427,0.9814089429914427,0.9814240086778354,0.9814240086778354,0.9814240086778354,0.9814390743642281,0.9814390743642281,0.9814390743642281,0.9814390743642281,0.9814390743642281,0.9814390743642281,0.9814390743642281,0.9814240086778354,0.9814240086778354,0.9814240086778354,0.9814240086778354,0.9814240086778354,0.9814240086778354,0.9814240086778354,0.9814240086778354,0.9814089429914427]],"auc_":[0.7885018127957545],"average_targets_":[],"cross_entropy_":[0.0774799579382548],"feature_correlations_":[[ 0.07000334330831541 ],[ 0.10082482028580705 ],[ 0.06710303936731947 ],[ -0.0032941065838412906 ],[ 0.015979042579807402 ],[ 0.04389777745576451 ],[ 0.09009506764674943 ],[ 0.10059664246360618 ],[ 0.08119947978098092 ],[ 0.06316950749367528 ],[ 0.037501085637904844 ],[ 0.04601630267020513 ],[ 0.09309303217213509 ],[ 0.0718217500931597 ],[ 0.05475219587706593 ],[ 0.04327340917830096 ],[ 0.05539047356751336 ],[ 0.15884518118943047 ],[ 0.050613244010489646 ],[ 0.019646306942069855 ]],"feature_densities_":[],"feature_importances_":[[ 0.038637340665434346 ],[ 0.08838556625466856 ],[ 0.06391038616300818 ],[ 0.0005610707257405146 ],[ 0.002913682216037494 ],[ 0.015699998779273614 ],[ 0.04731094468664878 ],[ 0.05665558771583633 ],[ 0.0692527474762645 ],[ 0.04002925451037848 ],[ 0.019585908567343553 ],[ 0.060463373584959464 ],[ 0.07104243384184765 ],[ 0.046540673826600605 ],[ 0.020361026353955872 ],[ 0.051022659609071416 ],[ 0.07132870842254285 ],[ 0.12444842917859708 ],[ 0.06975888520870133 ],[ 0.04209132221308932 ]],