{"lambda_":0.0000000001,"learning_rate_":0.9,"scaler_":{"mean_":[0.8815335682363699,1.3462581880488387,1.069222930059847,1.7338275560015513,1.1342610007394887,1.1432881114087337,1.4075460847304844,1.2824936801419384,0.7099314881250554,1.314364413363961],"std_":[0.8815335682363699,1.3462581880488387,1.069222930059847,1.7338275560015513,1.1342610007394887,1.1432881114087337,1.4075460847304844,1.2824936801419384,0.7099314881250554,1.314364413363961]},"weights_":[ 0.35721917697638983, 0.22117954712042714, 0.2518914384573004, 0.14294291418803853, 0.17128648431744883, 0.15076867484613032, 0.14831090152129478, 0.12696518661071204, 0.09904618449693035, 0.1103216569949679, -4.470369061268699 ]}