{"lambda_":0.0000000001,"learning_rate_":0.9,"scaler_":{"mean_":[1.0760318456589724,1.0235440479987943,1.0087113893942514,1.1785997966454038,1.0818618558573376,0.9602540346461361,1.0972379553414668,1.0281325125479188,1.1957078426731091,1.2366363546019854],"std_":[1.0760318456589724,1.0235440479987943,1.0087113893942514,1.1785997966454038,1.0818618558573376,0.9602540346461361,1.0972379553414668,1.0281325125479188,1.1957078426731091,1.2366363546019854]},"weights_":[ 0.2909473606260173, 0.23478163038387231, 0.22383998690773385, 0.1993849347647594, 0.2195703076738688, 0.16658950942181247, 0.19773381087248876, 0.1979356676677562, 0.16244906430535072, 0.12338019019540777, -4.527926929766257 ]}