{"lambda_":0.0000000001,"learning_rate_":0.9,"scaler_":{"mean_":[0.8643322805540431,1.1929064155668738,2.5638940388956355,3.97459053428896,0.5266090880347327,193.78156257874852],"std_":[0.8643322805540431,1.1929064155668738,2.5638940388956355,3.97459053428896,0.5266090880347327,193.78156257874852]},"weights_":[ 0.5405627735411606, 0.47914458199837306, 0.12544157083548638, 0.08948568060836665, 0.03978467705318602, 0.015440141687435354, -4.351162389592004 ]}