{"accuracy_":[0.9814089429914427],"accuracy_curves_":[[0.07541882608171628,0.33362962516572253,0.5992527419549235,0.7433710979872243,0.8110461612631071,0.8447330360371218,0.8619832469567313,0.874126190189225,0.8833915873207183,0.893470531517416,0.903850789441967,0.9142913101120888,0.926313727853441,0.9366487887188141,0.944046040737616,0.9509913221646378,0.9561588525973244,0.9600608653730264,0.9642189948174039,0.9674882487646137,0.9697932987826925,0.972113414487164,0.9733337350849705,0.9748101723514523,0.9760304929492588,0.9763920694226829,0.9767235145233217,0.9767385802097144,0.9771152223695312,0.9774767988429552,0.977853441002772,0.9778835723755575,0.9781246233578402,0.9785765939496204,0.9787875135591178,0.9788327106182958,0.9788628419910811,0.9788929733638665,0.9789532361094372,0.9790586959141858,0.9790888272869712,0.9791038929733639,0.9789080390502591,0.9789381704230444,0.9789833674822225,0.9791490900325419,0.9797517174882487,0.9797517174882487,0.9800530312161022,0.9801735567072436,0.9805501988670604,0.980565264553453,0.9807761841629504,0.9809268410268772,0.9810172351452332,0.9810021694588406,0.9810021694588406,0.9810021694588406,0.9810172351452332,0.9810323008316258,0.9810473665180186,0.9810774978908039,0.9811377606363746,0.9811226949499819,0.9811377606363746,0.98116789200916,0.9811980233819453,0.9812130890683379,0.9811829576955526,0.9811829576955526,0.9811829576955526,0.9811980233819453,0.9811980233819453,0.9811980233819453,0.9812130890683379,0.9812281547547306,0.981258286127516,0.981258286127516,0.9812733518139086,0.9812733518139086,0.9812733518139086,0.9812733518139086,0.9812733518139086,0.9812733518139086,0.9812884175003013,0.9812884175003013,0.981303483186694,0.9813336145594793,0.9813336145594793,0.9813336145594793,0.9813336145594793,0.9813336145594793,0.981303483186694,0.981303483186694,0.981303483186694,0.981303483186694,0.9813185488730867,0.9813185488730867,0.9812130890683379,0.9812130890683379,0.9812130890683379,0.9812130890683379,0.9812281547547306,0.9812432204411233,0.9812432204411233,0.9812432204411233,0.981258286127516,0.981258286127516,0.981258286127516,0.981258286127516,0.981258286127516,0.981258286127516,0.981258286127516,0.981258286127516,0.9812733518139086,0.9812733518139086,0.9812733518139086,0.9812733518139086,0.9812733518139086,0.9812733518139086,0.981303483186694,0.9813336145594793,0.9813336145594793,0.9813336145594793,0.9813788116186574,0.9813788116186574,0.9813788116186574,0.98139387730505,0.9813788116186574,0.9813788116186574,0.9813788116186574,0.9813788116186574,0.9813788116186574,0.9813788116186574,0.9813788116186574,0.9813788116186574,0.9813788116186574,0.9813788116186574,0.9813788116186574,0.9813788116186574,0.9813788116186574,0.9813788116186574,0.9813788116186574,0.9813788116186574,0.9813788116186574,0.9813788116186574,0.9813788116186574,0.9813788116186574,0.9813788116186574,0.9813788116186574,0.9813788116186574,0.9813788116186574,0.9813788116186574,0.9813788116186574,0.9813788116186574,0.9813788116186574,0.9813788116186574,0.9813788116186574,0.9813788116186574,0.9813788116186574,0.9813788116186574,0.9813788116186574,0.9813788116186574,0.98139387730505,0.98139387730505,0.98139387730505,0.98139387730505,0.98139387730505,0.98139387730505,0.98139387730505,0.98139387730505,0.98139387730505,0.98139387730505,0.98139387730505,0.98139387730505,0.98139387730505,0.98139387730505,0.98139387730505,0.98139387730505,0.98139387730505,0.98139387730505,0.98139387730505,0.98139387730505,0.98139387730505,0.98139387730505,0.98139387730505,0.98139387730505,0.98139387730505,0.98139387730505,0.98139387730505,0.98139387730505,0.98139387730505,0.98139387730505,0.98139387730505,0.98139387730505,0.98139387730505,0.98139387730505,0.98139387730505,0.98139387730505,0.9814089429914427]],"auc_":[0.7325495363401463],"average_targets_":[[[ 0, 0, 0, 0, 0, 0, 0, 0, 0, 0, 0, 0, 0, 0, 0, 0, 0, 0, 0, 0, 0, 0, 0, 0, 0, 0, 0.00980392156862745, 0.0040650406504065045, 0.0025575447570332483, 0.011511268228015908, 0.012618296529968454, 0.009345794392523364, 0.011538461538461539, 0.005025125628140704, 0.01229895931882687, 0.005291005291005291, 0.012104283054003724, 0.007633587786259542, 0.02962962962962963, 0.030303030303030304, 0.0027100271002710027, 0, 0, 0, 0.006369426751592357, 0, 0.027777777777777776, 0, 0.07062321893197869 ]],[[ 0.007222222222222222, 0, 0, 0, 0, 0, 0, 0, 0.03225806451612903, 0.006578947368421052, 0.005780346820809248, 0.0014718869590815426, 0.055674518201284794, 0.0029411764705882353, 0.012244897959183673, 0.03233830845771144, 0.002719238613188307, 0.01926444833625219, 0.020169851380042462, 0.01189358372456964, 0.004271070615034169, 0.02319842053307009, 0.020421903052064632, 0.03697749196141479, 0.022427440633245383, 0.009196321471411436, 0.028685996298581123, 0.025298988040478382, 0.0293992330634853, 0.018404907975460124, 0.0031570639305445935, 0.021339220014716703, 0.011406844106463879, 0.0183206106870229, 0.10869565217391304, 0.014005602240896359, 0.023809523809523808, 0.14705882352941177, 0.01694915254237288, 0.05263157894736842, 0, 0.012987012987012988, 0.023809523809523808, 0, 0.3125, 0.2972972972972973, 0, 0, 0, 0.2040133779264214 ]],[[ 0.024173027989821884, 0.016111473982146744, 0.01893414832147462, 0.009797790285595165, 0.013605442176870748, 0.13793103448275862, 0.19230769230769232, 0.20689655172413793, 0.3333333333333333, 0.14285714285714285, 0.12121212121212122, 0.25, 0.05555555555555555, 0.15384615384615385, 0.125, 0.2, 0.08695652173913043, 0.23076923076923078, 0, 0.25, 0, 0.6153846153846154, 0.2857142857142857, 0.2222222222222222, 0.6666666666666666, 0, 0, 0, 0, 0, 0.2, 0, 0, 0, 0, 0, 0, 0, 0, 0, 0, 0, 0, 0, 0, 0, 0, 0, 0, 0 ]],[[ 0.0158311345646438, 0.010340775558166862, 0.012653651482284888, 0.01800090004500225, 0.035845766324355745, 0.043116883116883116, 0.07629255989911728, 0.042105263157894736, 0.04411764705882353, 0, 0, 0, 0, 1, 0, 0, 0, 0, 0, 0, 0, 0, 0, 0, 0, 0, 0, 0, 0, 0, 0, 0, 0, 0, 0, 0, 0, 0, 0, 0, 0, 0, 0, 0, 0, 0, 0, 0, 0, 0.018140589569160998 ]],[[ 0.018629807692307692, 0.012379642365887207, 0.023978685612788632, 0.030418250950570342, 0.031446540880503145, 0.00390625, 0, 0, 0, 0, 0, 0, 0, 0, 0, 0, 0, 0, 0, 0.3333333333333333, 0, 0, 0, 0, 0, 0, 0, 0, 0, 0, 0, 0, 0, 0, 0, 0, 0, 0, 0, 0, 0, 0, 0, 0, 0, 0, 0, 0, 0 ]],[[ 0.018554702291695067, 0.011111111111111112, 0.05263157894736842, 0.05128205128205128, 0, 0.08333333333333333, 0, 0, 0, 0, 0, 0, 0, 0, 0, 0, 0, 0, 0, 0, 0, 0, 0, 0, 0, 0, 0, 0, 0, 0, 0, 0, 0, 0, 0, 0, 0, 0, 0, 0, 0, 0, 0, 0, 0, 0, 0, 0, 0, 0 ]]],"cross_entropy_":[0.08406723379940678],"feature_correlations_":[[ 0.13234766713504428 ],[ 0.07992231268467194 ],[ 0.07474020811594947 ],[ 0.019508020952988946 ],[ 0.0006345283446630294 ],[ 0.006443205320625737 ]],"feature_densities_":[[ 1, 0, 0, 0, 0, 0, 0, 0, 0, 0, 0, 0, 0, 1, 0, 3, 2, 1, 8, 0, 2, 21, 42, 50, 71, 121, 204, 246, 391, 45260, 634, 856, 1040, 995, 1057, 1134, 1074, 2096, 1215, 594, 369, 240, 150, 89, 157, 69, 72, 40, 8071 ],[ 3600, 0, 0, 5, 29, 67, 108, 62, 124, 152, 346, 10191, 467, 340, 735, 1206, 1471, 1713, 2826, 3195, 3512, 4052, 4456, 4354, 5306, 2501, 3242, 2174, 2347, 1630, 1267, 1359, 789, 655, 460, 357, 210, 170, 236, 133, 36, 77, 42, 7, 16, 37, 15, 0, 0, 299 ],[ 786, 18372, 41882, 4797, 147, 29, 26, 29, 39, 28, 33, 32, 18, 26, 16, 20, 23, 13, 1, 8, 3, 13, 7, 9, 3, 1, 0, 5, 3, 0, 5, 0, 0, 0, 0, 0, 0, 0, 0, 0, 0, 0, 0, 1, 0, 0, 0, 0, 0, 1 ],[ 2274, 4255, 30426, 19999, 5161, 1925, 1586, 190, 68, 21, 6, 11, 9, 1, 0, 0, 1, 0, 0, 0, 2, 0, 0, 0, 0, 0, 0, 0, 0, 0, 0, 0, 0, 0, 0, 0, 0, 0, 0, 0, 0, 0, 0, 0, 0, 0, 0, 0, 0, 441 ],[ 61568, 2181, 1126, 526, 477, 256, 129, 46, 22, 6, 1, 5, 4, 4, 0, 1, 1, 0, 0, 3, 0, 4, 3, 0, 3, 0, 0, 0, 1, 0, 0, 0, 3, 0, 0, 1, 0, 0, 0, 0, 0, 0, 0, 0, 0, 0, 0, 4, 1 ],[ 66021, 180, 76, 39, 17, 12, 15, 2, 4, 0, 2, 1, 0, 1, 0, 0, 2, 0, 1, 0, 0, 0, 0, 0, 0, 0, 1, 0, 0, 0, 0, 0, 0, 0, 0, 0, 0, 0, 0, 0, 0, 0, 0, 0, 0, 0, 0, 0, 0, 2 ]],