{"lambda_":0.0000000001,"learning_rate_":0.9,"scaler_":{"mean_":[1.1731327918495207,1.3043035456708778,1.1770446830595176,1.087017483269494,1.1732407051362128,193.78156257874852],"std_":[1.1731327918495207,1.3043035456708778,1.1770446830595176,1.087017483269494,1.1732407051362128,193.78156257874852]},"weights_":[ 0.4610478414912853, 0.27730164171699456, 0.2309673023298667, 0.15889376908879696, 0.06076797806406759, 0.028960519009821092, -4.346889423393434 ]}