{"lambda_":0.0000000001,"learning_rate_":0.9,"scaler_":{"mean_":[1.2413374138198618,1.2733416788348313,1.3928636099573042,1.3741677778844912,1.5807490855747361,1.261619595789817,1.2534563224499373,1.3413737437820243,1.488112313379698,1.1519083465697038],"std_":[1.2413374138198618,1.2733416788348313,1.3928636099573042,1.3741677778844912,1.5807490855747361,1.261619595789817,1.2534563224499373,1.3413737437820243,1.488112313379698,1.1519083465697038]},"weights_":[ 0.3210009466959862, 0.3093918216363288, 0.22538533001824732, 0.25745465558176445, 0.19175145996377269, 0.21208660745343602, 0.21734118098594488, 0.13454984949370202, 0.1173180125632293, 0.1683013875163053, -4.514606168798801 ]}