{"lambda_":0.0000000001,"learning_rate_":0.9,"scaler_":{"mean_":[0.7858384827397896,0.8009386084887512,2.9662150335746236,0.5340829621014083,1.2945658545584282,193.78156257874852],"std_":[0.7858384827397896,0.8009386084887512,2.9662150335746236,0.5340829621014083,1.2945658545584282,193.78156257874852]},"weights_":[ 0.5658502226474411, 0.20965647438088603, 0.14679249815057982, 0.036005535799303934, 0.016003801276304973, 0.00179306862430675, -4.298656496345999 ]}