{"accuracy_":[0.9814089429914427],"accuracy_curves_":[[0.04281668072797397,0.1785283837531638,0.3645444136434856,0.7700674942750392,0.8018711582499699,0.8111064240086778,0.8217277329155116,0.8669850548390985,0.8720923225262143,0.874171387248403,0.8744124382306858,0.8746836205857539,0.8748192117632879,0.8748192117632879,0.8748192117632879,0.8748342774496806,0.8748342774496806,0.8748794745088586,0.8749397372544293,0.8763860431481258,0.8816439676991684,0.8918585030734,0.9071501747619621,0.9121218512715439,0.9154814993371098,0.9196848258406654,0.9218241533084247,0.9227431601783778,0.9250632758828492,0.9259672170664095,0.9264794504037603,0.9274888513920694,0.9285133180667712,0.9301102808243944,0.9309840906351693,0.9322044112329758,0.9339068337953477,0.9352024828251175,0.936468000482102,0.9412136916957936,0.9580420633964083,0.9667952271905508,0.9689646860310955,0.9697481017235146,0.9700644811377607,0.9713902615403158,0.9741623478365674,0.974915632156201,0.9753676027479812,0.9755333252983006,0.9756839821622273,0.9789231047366518,0.9790285645414005,0.9792093527781126,0.9793901410148247,0.9794504037603953,0.9795257321923587,0.9795407978787514,0.979555863565144,0.9809268410268772,0.9810624322044112,0.9810624322044112,0.9811226949499819,0.9811226949499819,0.9811377606363746,0.98116789200916,0.98116789200916,0.9811829576955526,0.9811829576955526,0.9811829576955526,0.9811829576955526,0.9811829576955526,0.9811829576955526,0.9811829576955526,0.9811829576955526,0.9811829576955526,0.9811829576955526,0.9811829576955526,0.9811829576955526,0.9811829576955526,0.9811829576955526,0.9811829576955526,0.9811829576955526,0.9811829576955526,0.9811829576955526,0.9811829576955526,0.9811829576955526,0.9811829576955526,0.9811829576955526,0.9811829576955526,0.9811829576955526,0.9811829576955526,0.9811829576955526,0.9811829576955526,0.9811829576955526,0.9811829576955526,0.9811829576955526,0.9811829576955526,0.9811829576955526,0.9811829576955526,0.9811829576955526,0.9811829576955526,0.9811829576955526,0.9811829576955526,0.9811829576955526,0.9811829576955526,0.9811829576955526,0.9811829576955526,0.9811829576955526,0.9811829576955526,0.9811829576955526,0.9811829576955526,0.9811829576955526,0.9811829576955526,0.9811829576955526,0.9811829576955526,0.9811829576955526,0.9811829576955526,0.9811829576955526,0.9811829576955526,0.9811829576955526,0.9811829576955526,0.9811829576955526,0.9811829576955526,0.9811829576955526,0.9811829576955526,0.9811829576955526,0.9811829576955526,0.9811829576955526,0.9811829576955526,0.9811829576955526,0.9811829576955526,0.9811829576955526,0.9811829576955526,0.9813336145594793,0.9813336145594793,0.9813336145594793,0.9813336145594793,0.9813336145594793,0.9813336145594793,0.9813336145594793,0.9813336145594793,0.9813336145594793,0.9813336145594793,0.9813336145594793,0.9813336145594793,0.9813336145594793,0.9813336145594793,0.981348680245872,0.981348680245872,0.981348680245872,0.981348680245872,0.981348680245872,0.981348680245872,0.981348680245872,0.981348680245872,0.981348680245872,0.981348680245872,0.981348680245872,0.981348680245872,0.981348680245872,0.981348680245872,0.981348680245872,0.981348680245872,0.981348680245872,0.981348680245872,0.981348680245872,0.981348680245872,0.981348680245872,0.981348680245872,0.981348680245872,0.981348680245872,0.98139387730505,0.98139387730505,0.98139387730505,0.98139387730505,0.98139387730505,0.98139387730505,0.98139387730505,0.98139387730505,0.98139387730505,0.98139387730505,0.98139387730505,0.98139387730505,0.98139387730505,0.98139387730505,0.98139387730505,0.98139387730505,0.98139387730505,0.98139387730505,0.98139387730505,0.98139387730505,0.98139387730505,0.98139387730505,0.98139387730505,0.98139387730505,0.98139387730505,0.98139387730505,0.98139387730505,0.9814089429914427]],"auc_":[0.746090170945349],"average_targets_":[[[ 0.0017826900793297086, 0, 0, 0, 0, 0, 0, 0, 0, 0, 0.01364522417153996, 0, 0, 0, 0, 0, 0, 0, 0, 0, 0, 0, 0, 0, 0, 0, 0, 0, 0, 0, 0, 0, 0, 0, 0, 0, 0, 0, 0, 0, 0, 0, 0, 0, 0, 0, 0, 0, 0, 0.07159904534606205 ]],[[ 0.01044932079414838, 0.005738880918220947, 0.015371292487551418, 0.027594136246047715, 0.009985734664764621, 0.017258883248730966, 0.02314499659632403, 0.01126400743192243, 0.04609929078014184, 0.005115089514066497, 0.020895522388059702, 0.024390243902439025, 0.2289156626506024, 0.05737704918032787, 0.03571428571428571, 0.07746478873239436, 0, 0, 0.08823529411764706, 0, 0.041666666666666664, 0.06666666666666667, 0, 0.06845965770171149, 0.16666666666666666, 0.03508771929824561, 0.10256410256410256, 0.058823529411764705, 0.03333333333333333, 0.037037037037037035, 0, 0.03858520900321544, 0.02857142857142857, 0.056338028169014086, 0, 0.048327137546468404, 0.03125, 0.11864406779661017, 0.020833333333333332, 0, 0.024793388429752067, 0.06578947368421052, 0.060810810810810814, 0.04, 0.0196078431372549, 0, 0, 0.04516430462544775, 0, 0.015065913370998116 ]],[[ 0, 0, 0, 0, 0, 0, 0, 0, 0, 0.001443001443001443, 0.005715592135345221, 0.018618691137406423, 0.02136357642094158, 0.02096273291925466, 0.049078091106290675, 0, 0.04028776978417266, 0.027932960893854747, 0, 0, 0, 0, 0, 0, 0, 0, 0, 0, 0, 0, 0, 0, 0, 0, 0, 0, 0, 0, 0, 0, 0, 0, 0, 0, 0, 0, 0, 0, 0, 0.007722007722007722 ]],[[ 0.021834061135371178, 0.01854125149461937, 0.005494505494505495, 0.030337078651685393, 0.030952380952380953, 0.03564356435643564, 0.004219409282700422, 0, 0, 0, 0, 0, 0, 0, 0, 0, 0, 0, 0, 0.3333333333333333, 0, 0, 0, 0, 0, 0, 0, 0, 0, 0, 0, 0, 0, 0, 0, 0, 0, 0, 0, 0, 0, 0, 0, 0, 0, 0, 0, 0, 0, 0 ]],[[ 0.01860170641261419, 0, 0, 0, 0, 0, 0, 0, 0, 0, 0, 0, 0, 0, 0, 0, 0, 0, 0, 0, 0, 0, 0, 0, 0, 0, 0, 0, 0, 0, 0, 0, 0, 0, 0, 0, 0, 0, 0, 0, 0, 0, 0, 0, 0, 0, 0, 0, 0, 0 ]],[[ 0.018554702291695067, 0.011111111111111112, 0.05263157894736842, 0.05128205128205128, 0, 0.08333333333333333, 0, 0, 0, 0, 0, 0, 0, 0, 0, 0, 0, 0, 0, 0, 0, 0, 0, 0, 0, 0, 0, 0, 0, 0, 0, 0, 0, 0, 0, 0, 0, 0, 0, 0, 0, 0, 0, 0, 0, 0, 0, 0, 0, 0 ]]],"cross_entropy_":[0.0851071385740855],"feature_correlations_":[[ 0.14828318919082797 ],[ 0.07837309754822591 ],[ 0.03239249463461596 ],[ 0.0004649335212272633 ],[ -0.003294106583835629 ],[ 0.006443205320625737 ]],"feature_densities_":[[ 11219, 0, 0, 0, 0, 0, 0, 0, 0, 0, 47196, 0, 0, 0, 0, 0, 0, 0, 0, 0, 0, 0, 0, 0, 0, 0, 0, 0, 0, 0, 0, 0, 0, 0, 0, 0, 0, 0, 0, 0, 0, 0, 0, 0, 0, 0, 0, 0, 0, 7961 ],[ 2871, 2091, 4619, 3479, 3505, 1970, 1469, 34446, 564, 391, 335, 164, 83, 122, 56, 142, 37, 12, 102, 3, 24, 135, 0, 409, 6, 114, 39, 68, 120, 108, 36, 311, 35, 142, 29, 269, 64, 236, 48, 153, 242, 76, 148, 100, 51, 0, 0, 6421, 0, 531 ],[ 211, 686, 225, 189, 3, 17, 33, 236, 1003, 3465, 4374, 41410, 7583, 1288, 3688, 87, 1390, 179, 12, 0, 0, 38, 0, 0, 0, 0, 0, 0, 0, 0, 0, 0, 0, 0, 0, 0, 0, 0, 0, 0, 0, 0, 0, 0, 0, 0, 0, 0, 0, 259 ],[ 229, 62725, 1092, 890, 420, 505, 237, 43, 164, 6, 23, 5, 7, 4, 1, 1, 1, 0, 0, 3, 0, 4, 3, 0, 0, 3, 0, 0, 1, 0, 0, 0, 3, 0, 0, 1, 0, 0, 0, 0, 0, 0, 0, 0, 0, 0, 0, 4, 0, 1 ],[ 66338, 0, 0, 0, 0, 0, 0, 0, 0, 0, 0, 0, 0, 0, 0, 0, 0, 0, 0, 0, 0, 0, 0, 0, 0, 0, 0, 0, 0, 0, 0, 0, 0, 0, 0, 0, 0, 0, 0, 0, 0, 0, 0, 0, 0, 0, 0, 0, 0, 38 ],[ 66021, 180, 76, 39, 17, 12, 15, 2, 4, 0, 2, 1, 0, 1, 0, 0, 2, 0, 1, 0, 0, 0, 0, 0, 0, 0, 1, 0, 0, 0, 0, 0, 0, 0, 0, 0, 0, 0, 0, 0, 0, 0, 0, 0, 0, 0, 0, 0, 0, 2 ]],"feature_importances_":[[ 0.579704225603138 ],[ 0.21478960201696634 ],[ 0.1503864946214787 ],[ 0.03688707790960156 ],[ 0.016395630600232726 ],[ 0.001836969248582709 ]],"feature_names_":["FEATURE_1","FEATURE_2","FEATURE_3","FEATURE_4","FEATURE_5","COST"],