{"lambda_":0.0000000001,"learning_rate_":0.9,"scaler_":{"std_":[0.9030635258219485,2.9641365449385715,0.7483831096432749,1.1433389193931647,16.425432739703414,0.9184209883955807,1.9055532276270828,0.8142605750869735,1.1807740979542078,193.78156257874852]},"weights_":[ -19.26286339349853, -14.854407508825833, 8.865031008028204, -9.69696645644925, -18.894814177685223, -22.281152652775248, -1.1142536194477308, 14.13582128321105, 0.7752046828285043, -12.294398858099218, -70.99197813506252 ]}