{"lambda_":0.0000000001,"learning_rate_":0.9,"scaler_":{"std_":[2.768312810267164,3.7598014467039707,1.6606142286272219,15.35928429564634,1.1606812613006097,0.7936904243800105,0.9333289613997791,0.9872077002550291,1.1517845147638335,193.78156257874852]},"weights_":[ -2.3227098248054565, -13.188469162270614, 10.912115322290584, -6.757571149838389, -1.7928334209168448, -5.218832424172813, 0.5719540967934585, -3.160666703422737, 2.7562100605395394, -5.870408039660856, -46.44331004706393 ]}