{"lambda_":0.0000000001,"learning_rate_":0.9,"scaler_":{"mean_":[0.8351000051875789,0.9062761238556888,1.063527227856625,3.9745905342889603,0.49353996137760786,193.78156257874852],"std_":[0.8351000051875789,0.9062761238556888,1.063527227856625,3.9745905342889603,0.49353996137760786,193.78156257874852]},"weights_":[ 0.48390390335671696, 0.4239413253976115, 0.3334377939539693, 0.12003369008678594, 0.029074391643075254, 0.020620466054006976, -4.350404049968559 ]}