{"accuracy_":[0.9814089429914427],"accuracy_curves_":[[0.02410509822827528,0.06303483186693985,0.29013498855007835,0.43446426419187656,0.5620254308786309,0.6335271784982524,0.6756357719657707,0.7015788839339521,0.7194769193684464,0.7355520067494276,0.7552880559238279,0.7746926599975895,0.7950765336868748,0.8163040858141497,0.8353772447872725,0.8495088586235989,0.8634295528504279,0.8761449921658431,0.8851392069422683,0.8958207785946728,0.9045287453296372,0.9108262022417741,0.9151801856092564,0.9191424611305291,0.9223363866457756,0.925304326865132,0.927413522960106,0.9290707484633,0.9315113896589129,0.9329426298662167,0.9341328190912378,0.9348710377244788,0.935594190671327,0.9363474749909606,0.9369651681330602,0.9375376642159817,0.9382608171628299,0.9391044956008195,0.9399783054115946,0.9410630348318669,0.9417560564059299,0.9426148005303122,0.9435338074002652,0.9444829456430035,0.9456731348680246,0.9469537182114017,0.9485657466554176,0.9502681692177896,0.9515788839339521,0.9532662408099313,0.9548782692539473,0.9562944437748584,0.9577558153549476,0.9596540918404243,0.9608894781246233,0.9621399300952151,0.9634205134385923,0.964490177172472,0.965725563456671,0.9666596360130167,0.9675485115101844,0.9684675183801374,0.9691906713269857,0.9702000723152947,0.9708930938893576,0.9714203929131011,0.9722339399783054,0.9726256478245149,0.9731378811618657,0.973815837049536,0.9742979390141014,0.9749005664698084,0.9758195733397613,0.9762715439315415,0.9767988429552851,0.9770549596239605,0.9777027841388454,0.9780492949258768,0.9783656743401229,0.978501265517657,0.9786368566951911,0.9787573821863325,0.9789683017958298,0.9791038929733639,0.9792244184645053,0.9792696155236833,0.9793449439556466,0.979284681210076,0.9792997468964686,0.979329878269254,0.979329878269254,0.9793750753284319,0.9794052067012173,0.979465469446788,0.979555863565144,0.9796010606243221,0.9796763890562854,0.9797065204290707,0.9797517174882487,0.9797517174882487,0.9797969145474268,0.9798873086657828,0.9799927684705315,0.9799927684705315,0.9800078341569242,0.9800379655297096,0.9800379655297096,0.9800379655297096,0.9801283596480656,0.9801283596480656,0.9801283596480656,0.9801283596480656,0.9801434253344582,0.9801434253344582,0.9801434253344582,0.9801434253344582,0.980158491020851,0.9801283596480656,0.9801283596480656,0.9801283596480656,0.9801283596480656,0.9801283596480656,0.9801434253344582,0.9801434253344582,0.9801434253344582,0.9801434253344582,0.9801434253344582,0.9801434253344582,0.9801434253344582,0.9801434253344582,0.9801434253344582,0.9801434253344582,0.980158491020851,0.980158491020851,0.9801735567072436,0.9801886223936362,0.9801886223936362,0.9802790165119923,0.9804748704350971,0.9805351331806678,0.9805953959262383,0.980565264553453,0.9805803302398457,0.9805953959262383,0.9810774978908039,0.9811076292635893,0.9811226949499819,0.9811377606363746,0.9811377606363746,0.9811528263227672,0.9811528263227672,0.9812130890683379,0.9812432204411233,0.9812432204411233,0.981258286127516,0.9812432204411233,0.9812432204411233,0.9812432204411233,0.9812432204411233,0.9812432204411233,0.9812432204411233,0.9812432204411233,0.981258286127516,0.981258286127516,0.9812884175003013,0.981303483186694,0.9813185488730867,0.9813185488730867,0.9813185488730867,0.981348680245872,0.981348680245872,0.981348680245872,0.981348680245872,0.981348680245872,0.981348680245872,0.981348680245872,0.981348680245872,0.981348680245872,0.981348680245872,0.981348680245872,0.981348680245872,0.981348680245872,0.981348680245872,0.981348680245872,0.981348680245872,0.981348680245872,0.981348680245872,0.981348680245872,0.981348680245872,0.981348680245872,0.9813637459322647,0.9813637459322647,0.9813637459322647,0.9813637459322647,0.9813637459322647,0.9813637459322647,0.9813637459322647,0.9813788116186574,0.98139387730505,0.9814089429914427]],"auc_":[0.7480596248355457],"average_targets_":[[[ 0, 0, 0, 0, 0, 0.021739130434782608, 0, 0.01639344262295082, 0, 0.005952380952380952, 0, 0.004608294930875576, 0.0035587188612099642, 0.010452961672473868, 0.005494505494505495, 0.011455108359133126, 0.006564551422319475, 0.013138686131386862, 0.01730769230769231, 0.008583690987124463, 0.011594202898550725, 0.04042553191489362, 0.005995203836930456, 0.015527950310559006, 0.005747126436781609, 0.005319148936170213, 0.015894039735099338, 0.01092896174863388, 0.0020833333333333333, 0, 0, 0, 0, 0, 0.023121387283236993, 0, 0, 0, 0, 0, 0, 0, 0, 0, 0, 0, 0, 0, 0, 0.06706309877766765 ]],[[ 0.010660980810234541, 0.003281378178835111, 0, 0, 0, 0, 0.019656897784131523, 0.016607644401025766, 0.020702070207020702, 0.024547048509643482, 0.027777777777777776, 0.03768115942028986, 0.05333333333333334, 0.06926406926406926, 0, 0.044444444444444446, 0.05555555555555555, 0, 0.05, 0, 0, 0, 0.008403361344537815, 0, 0.006458557588805167, 0.00823045267489712, 0.0045662100456621, 0.014925373134328358, 0, 0, 0.0069605568445475635, 0, 0, 0, 0, 0, 0, 0, 0, 0, 0, 0, 0, 0, 0, 0, 0, 0.07540874207540874, 0, 0.03346868463147533 ]],[[ 0, 0, 0, 0, 0, 0, 0, 0, 0, 0, 0, 0, 0.6666666666666666, 0.009768009768009768, 0, 0, 0, 0, 0, 0.026490066225165563, 0.0053475935828877, 0.011037527593818985, 0.031914893617021274, 0.011842105263157895, 0.013513513513513514, 0.017005196032120924, 0.01812688821752266, 0.005090201362377423, 0.006362439666520404, 0.026888604353393086, 0.025390625, 0.023649728347714925, 0.01864907891744371, 0.02153175252112292, 0.029528267915016206, 0.01852731591448931, 0.01312910284463895, 0.01355206847360913, 0.061128526645768025, 0.04797047970479705, 0.07598784194528875, 0.024271844660194174, 0.036585365853658534, 0.008264462809917356, 0.03389830508474576, 0, 0.34210526315789475, 0, 0, 0.20819112627986347 ]],[[ 0.0158311345646438, 0.010340775558166862, 0.012653651482284888, 0.01800090004500225, 0.035845766324355745, 0.043116883116883116, 0.07629255989911728, 0.042105263157894736, 0.04411764705882353, 0, 0, 0, 0, 1, 0, 0, 0, 0, 0, 0, 0, 0, 0, 0, 0, 0, 0, 0, 0, 0, 0, 0, 0, 0, 0, 0, 0, 0, 0, 0, 0, 0, 0, 0, 0, 0, 0, 0, 0, 0.018140589569160998 ]],[[ 0.016339869281045753, 0.018564690562022583, 0.007758620689655172, 0.03890489913544669, 0.02927927927927928, 0.02320185614849188, 0, 0, 0, 0, 0, 0, 0, 0, 0, 0, 0, 0, 0, 0.3333333333333333, 0, 0, 0, 0, 0, 0, 0, 0, 0, 0, 0, 0, 0, 0, 0, 0, 0, 0, 0, 0, 0, 0, 0, 0, 0, 0, 0, 0, 0, 0 ]],[[ 0.018554702291695067, 0.011111111111111112, 0.05263157894736842, 0.05128205128205128, 0, 0.08333333333333333, 0, 0, 0, 0, 0, 0, 0, 0, 0, 0, 0, 0, 0, 0, 0, 0, 0, 0, 0, 0, 0, 0, 0, 0, 0, 0, 0, 0, 0, 0, 0, 0, 0, 0, 0, 0, 0, 0, 0, 0, 0, 0, 0, 0 ]]],"cross_entropy_":[0.08432812904611545],"feature_correlations_":[[ 0.1295967897664169 ],[ 0.07878892803006718 ],[ 0.06440495598671075 ],[ 0.019508020952988942 ],[ 0.0005690849491347021 ],[ 0.006443205320625737 ]],"feature_densities_":[[ 2, 2, 10, 11, 3, 46, 20, 61, 57, 168, 104, 217, 281, 287, 364, 45220, 457, 685, 520, 466, 690, 470, 834, 644, 522, 752, 755, 549, 480, 493, 419, 310, 363, 172, 173, 136, 108, 67, 41, 155, 61, 28, 32, 6, 10, 5, 22, 13, 4, 9081 ],[ 30954, 1219, 0, 0, 0, 0, 2798, 8189, 3333, 1711, 684, 345, 150, 231, 68, 90, 36, 43, 20, 15, 22, 0, 833, 40, 929, 486, 219, 67, 86, 9, 2586, 2, 23, 15, 9, 0, 26, 0, 0, 0, 0, 6, 3, 0, 0, 5, 0, 2997, 0, 8127 ],[ 2, 3, 0, 0, 0, 0, 4, 0, 1, 4, 5, 0, 3, 3276, 0, 2, 15, 102, 109, 151, 187, 453, 846, 760, 962, 2117, 2979, 13359, 4558, 5467, 6144, 6258, 4397, 3669, 2777, 2105, 1828, 1402, 638, 542, 329, 206, 164, 121, 59, 28, 38, 13, 0, 293 ],[ 2274, 4255, 30426, 19999, 5161, 1925, 1586, 190, 68, 21, 6, 11, 9, 1, 0, 0, 1, 0, 0, 0, 2, 0, 0, 0, 0, 0, 0, 0, 0, 0, 0, 0, 0, 0, 0, 0, 0, 0, 0, 0, 0, 0, 0, 0, 0, 0, 0, 0, 0, 441 ],[ 306, 62969, 1160, 694, 444, 431, 135, 155, 15, 24, 1, 9, 3, 4, 1, 1, 1, 0, 0, 3, 0, 4, 3, 0, 3, 0, 0, 0, 1, 0, 0, 0, 3, 0, 0, 1, 0, 0, 0, 0, 0, 0, 0, 0, 0, 0, 0, 4, 0, 1 ],[ 66021, 180, 76, 39, 17, 12, 15, 2, 4, 0, 2, 1, 0, 1, 0, 0, 2, 0, 1, 0, 0, 0, 0, 0, 0, 0, 1, 0, 0, 0, 0, 0, 0, 0, 0, 0, 0, 0, 0, 0, 0, 0, 0, 0, 0, 0, 0, 0, 0, 2 ]],